-- MariaDB dump 10.19-11.0.2-MariaDB, for osx10.18 (arm64)
--
-- Host: localhost    Database: hockeydata
-- ------------------------------------------------------
-- Server version	11.0.2-MariaDB

/*!40101 SET @OLD_CHARACTER_SET_CLIENT=@@CHARACTER_SET_CLIENT */;
/*!40101 SET @OLD_CHARACTER_SET_RESULTS=@@CHARACTER_SET_RESULTS */;
/*!40101 SET @OLD_COLLATION_CONNECTION=@@COLLATION_CONNECTION */;
/*!40101 SET NAMES utf8mb4 */;
/*!40103 SET @OLD_TIME_ZONE=@@TIME_ZONE */;
/*!40103 SET TIME_ZONE='+00:00' */;
/*!40014 SET @OLD_UNIQUE_CHECKS=@@UNIQUE_CHECKS, UNIQUE_CHECKS=0 */;
/*!40014 SET @OLD_FOREIGN_KEY_CHECKS=@@FOREIGN_KEY_CHECKS, FOREIGN_KEY_CHECKS=0 */;
/*!40101 SET @OLD_SQL_MODE=@@SQL_MODE, SQL_MODE='NO_AUTO_VALUE_ON_ZERO' */;
/*!40111 SET @OLD_SQL_NOTES=@@SQL_NOTES, SQL_NOTES=0 */;

--
-- Table structure for table `LeagueConferences`
--

DROP TABLE IF EXISTS `LeagueConferences`;
/*!40101 SET @saved_cs_client     = @@character_set_client */;
/*!40101 SET character_set_client = utf8 */;
CREATE TABLE `LeagueConferences` (
  `id` int(11) unsigned NOT NULL AUTO_INCREMENT,
  PRIMARY KEY (`id`)
) ENGINE=InnoDB DEFAULT CHARSET=utf8mb4 COLLATE=utf8mb4_general_ci;
/*!40101 SET character_set_client = @saved_cs_client */;

--
-- Dumping data for table `LeagueConferences`
--

LOCK TABLES `LeagueConferences` WRITE;
/*!40000 ALTER TABLE `LeagueConferences` DISABLE KEYS */;
/*!40000 ALTER TABLE `LeagueConferences` ENABLE KEYS */;
UNLOCK TABLES;

--
-- Table structure for table `LeagueDivisions`
--

DROP TABLE IF EXISTS `LeagueDivisions`;
/*!40101 SET @saved_cs_client     = @@character_set_client */;
/*!40101 SET character_set_client = utf8 */;
CREATE TABLE `LeagueDivisions` (
  `id` int(11) unsigned NOT NULL AUTO_INCREMENT,
  PRIMARY KEY (`id`)
) ENGINE=InnoDB DEFAULT CHARSET=utf8mb4 COLLATE=utf8mb4_general_ci;
/*!40101 SET character_set_client = @saved_cs_client */;

--
-- Dumping data for table `LeagueDivisions`
--

LOCK TABLES `LeagueDivisions` WRITE;
/*!40000 ALTER TABLE `LeagueDivisions` DISABLE KEYS */;
/*!40000 ALTER TABLE `LeagueDivisions` ENABLE KEYS */;
UNLOCK TABLES;

--
-- Table structure for table `LeagueFranchises`
--

DROP TABLE IF EXISTS `LeagueFranchises`;
/*!40101 SET @saved_cs_client     = @@character_set_client */;
/*!40101 SET character_set_client = utf8 */;
CREATE TABLE `LeagueFranchises` (
  `id` int(11) unsigned NOT NULL AUTO_INCREMENT,
  PRIMARY KEY (`id`)
) ENGINE=InnoDB DEFAULT CHARSET=utf8mb4 COLLATE=utf8mb4_general_ci;
/*!40101 SET character_set_client = @saved_cs_client */;

--
-- Dumping data for table `LeagueFranchises`
--

LOCK TABLES `LeagueFranchises` WRITE;
/*!40000 ALTER TABLE `LeagueFranchises` DISABLE KEYS */;
/*!40000 ALTER TABLE `LeagueFranchises` ENABLE KEYS */;
UNLOCK TABLES;

--
-- Table structure for table `Players`
--

DROP TABLE IF EXISTS `Players`;
/*!40101 SET @saved_cs_client     = @@character_set_client */;
/*!40101 SET character_set_client = utf8 */;
CREATE TABLE `Players` (
  `id` int(11) unsigned NOT NULL AUTO_INCREMENT,
  `firstName` text DEFAULT NULL,
  `lastName` text DEFAULT NULL,
  `primaryNumber` int(11) DEFAULT NULL,
  `birthYear` int(11) DEFAULT NULL,
  `birthMonth` int(11) DEFAULT NULL,
  `birthDay` int(11) DEFAULT NULL,
  `birthCity` text DEFAULT NULL,
  `birthProvince` text DEFAULT NULL,
  `birthCountry` text DEFAULT NULL,
  `height` text DEFAULT NULL,
  `weight` int(11) DEFAULT NULL,
  `active` tinyint(1) DEFAULT NULL,
  `shoot` text DEFAULT NULL,
  `rookie` tinyint(1) DEFAULT NULL,
  `teamId` int(11) DEFAULT NULL,
  `positionCode` tinytext DEFAULT NULL,
  PRIMARY KEY (`id`)
) ENGINE=InnoDB AUTO_INCREMENT=8484145 DEFAULT CHARSET=utf8mb4 COLLATE=utf8mb4_general_ci;
/*!40101 SET character_set_client = @saved_cs_client */;

--
-- Dumping data for table `Players`
--

LOCK TABLES `Players` WRITE;
/*!40000 ALTER TABLE `Players` DISABLE KEYS */;
INSERT INTO `Players` VALUES
(8473419,'Brad','Marchand',63,1988,5,11,'Halifax','NS','CAN','5\' 9\"',176,1,'L',0,6,'L'),
(8474564,'Steven','Stamkos',91,1990,2,7,'Markham','ON','CAN','6\' 0\"',182,1,'R',0,14,'C'),
(8474590,'John','Carlson',74,1990,1,10,'Natick','MA','USA','6\' 3\"',215,1,'R',0,15,'D'),
(8474596,'Jake','Allen',34,1990,8,7,'Fredericton','NB','CAN','6\' 2\"',195,1,'L',0,8,'G'),
(8475169,'Evander','Kane',91,1991,8,2,'Vancouver','BC','CAN','6\' 2\"',210,1,'L',0,22,'L'),
(8475218,'Mattias','Ekholm',14,1990,5,24,'Borlange',NULL,'SWE','6\' 4\"',215,1,'L',0,22,'D'),
(8475227,'Chris','Wideman',6,1990,1,7,'St. Louis','MO','USA','5\' 10\"',181,1,'R',0,8,'D'),
(8475233,'David','Savard',58,1990,10,22,'St-Hyacinthe','QC','CAN','6\' 1\"',235,1,'R',0,8,'D'),
(8475717,'Calvin','Pickard',30,1992,4,15,'Moncton','NB','CAN','6\' 1\"',210,1,'L',0,22,'G'),
(8475786,'Zach','Hyman',18,1992,6,9,'Toronto','ON','CAN','6\' 1\"',211,1,'R',0,22,'L'),
(8475789,'Jack','Campbell',36,1992,1,9,'Port Huron','MI','USA','6\' 3\"',207,1,'L',0,22,'G'),
(8475848,'Brendan','Gallagher',11,1992,5,6,'Edmonton','AB','CAN','5\' 9\"',186,1,'R',0,8,'R'),
(8476454,'Ryan','Nugent-Hopkins',93,1993,4,12,'Burnaby','BC','CAN','6\' 0\"',195,1,'L',0,22,'C'),
(8476469,'Joel','Armia',40,1993,5,31,'Pori',NULL,'FIN','6\' 3\"',216,1,'R',0,8,'R'),
(8476539,'Jonathan','Marchessault',81,1990,12,27,'Cap-Rouge','QC','CAN','5\' 9\"',183,1,'R',0,54,'R'),
(8476875,'Mike','Matheson',8,1994,2,27,'Pointe-Claire','QC','CAN','6\' 2\"',193,1,'L',0,8,'D'),
(8476879,'Cody','Ceci',5,1993,12,21,'Ottawa','ON','CAN','6\' 2\"',210,1,'R',0,22,'D'),
(8476967,'Brett','Kulak',27,1994,1,6,'Edmonton','AB','CAN','6\' 1\"',197,1,'L',0,22,'D'),
(8476981,'Josh','Anderson',17,1994,5,7,'Burlington','ON','CAN','6\' 3\"',218,1,'R',0,8,'R'),
(8477015,'Connor','Brown',28,1994,1,14,'Toronto','ON','CAN','6\' 0\"',181,1,'R',0,22,'R'),
(8477406,'Mattias','Janmark',13,1992,12,8,'Danderyd',NULL,'SWE','6\' 1\"',205,1,'L',0,22,'C'),
(8477451,'Ryan','Hartman',38,1994,9,20,'Hilton Head Island','SC','USA','6\' 0\"',197,1,'R',0,30,'R'),
(8477497,'Sean','Monahan',91,1994,10,12,'Brampton','ON','CAN','6\' 2\"',196,1,'L',0,8,'C'),
(8477498,'Darnell','Nurse',25,1995,2,4,'Hamilton','ON','CAN','6\' 4\"',221,1,'L',0,22,'D'),
(8477544,'Philippe','Maillet',16,1992,11,7,'Lachenaie','QC','CAN','5\' 10\"',174,1,'L',0,8,'C'),
(8477934,'Leon','Draisaitl',29,1995,10,27,'Cologne',NULL,'DEU','6\' 2\"',208,1,'L',0,22,'C'),
(8477989,'Christian','Dvorak',28,1996,2,2,'Palos','IL','USA','6\' 1\"',193,1,'L',0,8,'C'),
(8477998,'Warren','Foegele',37,1996,4,1,'Markham','ON','CAN','6\' 2\"',198,1,'L',0,22,'L'),
(8478133,'Jake','Evans',71,1996,6,2,'Toronto','ON','CAN','6\' 0\"',186,1,'R',0,8,'C'),
(8478402,'Connor','McDavid',97,1997,1,13,'Richmond Hill','ON','CAN','6\' 1\"',193,1,'L',0,22,'C'),
(8478470,'Sam','Montembeault',35,1996,10,30,'Becancour','QC','CAN','6\' 3\"',214,1,'L',0,8,'G'),
(8478585,'Derek','Ryan',10,1986,12,29,'Spokane','WA','USA','5\' 10\"',185,1,'R',0,22,'C'),
(8478864,'Kirill','Kaprizov',97,1997,4,26,'Novokuznetsk',NULL,'RUS','5\' 10\"',202,1,'L',0,30,'L'),
(8478967,'Lane','Pederson',19,1997,8,4,'Saskatoon','SK','CAN','6\' 0\"',192,1,'R',0,22,'C'),
(8479193,'Casey','DeSmith',1,1991,8,13,'Rochester','NH','USA','6\' 0\"',181,1,'L',0,8,'G'),
(8479338,'Markus','Niemelainen',80,1998,6,8,'Kuopio',NULL,'FIN','6\' 6\"',190,1,'L',1,22,'D'),
(8479343,'Clayton','Keller',9,1998,7,29,'Chesterfield','MO','USA','5\' 10\"',178,1,'L',0,53,'R'),
(8479410,'Mikhail','Sergachev',98,1998,6,25,'Nizhnekamsk',NULL,'RUS','6\' 1\"',217,1,'L',0,14,'D'),
(8479416,'Ben','Gleason',63,1998,3,25,'Ortonville','MI','USA','6\' 1\"',190,1,'L',1,22,'D'),
(8479465,'Drake','Caggiula',8,1994,6,20,'Pickering','ON','CAN','5\' 10\"',176,1,'L',0,22,'L'),
(8479543,'Michael','Pezzetta',55,1998,3,13,'Toronto','ON','CAN','6\' 1\"',210,1,'L',0,8,'L'),
(8479576,'Vincent','Desharnais',73,1996,5,29,'Laval','QC','CAN','6\' 6\"',215,1,'R',0,22,'D'),
(8479973,'Stuart','Skinner',74,1998,11,1,'Edmonton','AB','CAN','6\' 4\"',206,1,'L',1,22,'G'),
(8480018,'Nick','Suzuki',14,1999,8,10,'London','ON','CAN','5\' 11\"',208,1,'R',0,8,'C'),
(8480051,'Cayden','Primeau',30,1999,8,11,'Farmington Hills','MI','USA','6\' 2\"',199,1,'L',1,8,'G'),
(8480072,'Lias','Andersson',NULL,1998,10,13,'Smogen',NULL,'SWE','6\' 1\"',185,1,'L',0,8,'C'),
(8480184,'Gustav','Lindstrom',28,1998,10,20,'Ostervala',NULL,'SWE','6\' 2\"',186,1,'R',0,8,'D'),
(8480192,'Johnathan','Kovacevic',26,1997,7,12,'Hamilton','ON','CAN','6\' 4\"',208,1,'R',1,8,'D'),
(8480202,'Noel','Hoefenmayer',NULL,1999,1,6,'Toronto','ON','CAN','6\' 0\"',191,1,'L',1,22,'D'),
(8480802,'Ryan','McLeod',71,1999,9,21,'Mississauga','ON','CAN','6\' 2\"',207,1,'L',0,22,'C'),
(8480803,'Evan','Bouchard',2,1999,10,20,'Oakville','ON','CAN','6\' 3\"',194,1,'R',0,22,'D'),
(8480814,'Nicolas','Beaudin',92,1999,10,7,'Chateauguay','QC','CAN','5\' 11\"',168,1,'L',1,8,'D'),
(8480887,'Jordan','Harris',54,2000,7,7,'Haverhill','MA','USA','5\' 11\"',189,1,'L',1,8,'D'),
(8481058,'Jesse','Ylonen',56,1999,10,3,'Scottsdale','AZ','USA','6\' 1\"',188,1,'R',1,8,'R'),
(8481093,'Rafael','Harvey-Pinard',49,1999,1,6,'Saguenay','QC','CAN','5\' 9\"',181,1,'L',1,8,'L'),
(8481442,'Brady','Keeper',25,1996,6,5,'Cross Lake','MB','CAN','6\' 2\"',197,1,'R',0,8,'D'),
(8481523,'Kirby','Dach',77,2001,1,21,'Fort Saskatchewan','AB','CAN','6\' 4\"',212,1,'R',0,8,'C'),
(8481533,'Trevor','Zegras',11,2001,3,20,'Bedford','NY','USA','6\' 0\"',185,1,'L',0,24,'C'),
(8481540,'Cole','Caufield',22,2001,1,2,'Mosinee','WI','USA','5\' 7\"',174,1,'R',0,8,'R'),
(8481593,'Jayden','Struble',NULL,2001,9,8,'Cumberland','RI','USA','6\' 0\"',201,1,'L',1,8,'D'),
(8481594,'Nathan','Legare',34,2001,1,11,'Montréal','QC','CAN','6\' 0\"',205,1,'R',1,8,'R'),
(8481598,'Philip','Broberg',86,2001,6,25,'Orebro',NULL,'SWE','6\' 3\"',199,1,'L',1,22,'D'),
(8481618,'Alex','Newhook',15,2001,1,28,'St. John\'s','NL','CAN','5\' 10\"',190,1,'L',0,8,'C'),
(8481794,'Xavier','Simoneau',43,2001,5,19,'Gatineau','QC','CAN','5\' 7\"',180,1,'L',1,8,'C'),
(8482077,'Dylan','Holloway',55,2001,9,23,'Calgary','AB','CAN','6\' 1\"',203,1,'L',1,22,'L'),
(8482081,'Sean','Farrell',57,2001,11,2,'Milford','MA','USA','5\' 9\"',175,1,'L',1,8,'C'),
(8482087,'Kaiden','Guhle',21,2002,1,18,'Edmonton','AB','CAN','6\' 2\"',205,1,'L',1,8,'D'),
(8482111,'Justin','Barron',52,2001,11,15,'Halifax','NS','CAN','6\' 2\"',201,1,'R',1,8,'D'),
(8482117,'Lukas','Reichel',27,2002,5,17,'Nürnberg',NULL,'DEU','6\' 0\"',170,1,'L',1,16,'L'),
(8482476,'Emil','Heineman',51,2001,11,16,'Leksand',NULL,'SWE','6\' 0\"',194,1,'L',1,8,'L'),
(8482487,'Jakub','Dobes',NULL,2001,5,27,'Ostrava',NULL,'CZE','6\' 3\"',218,1,'L',1,8,'G'),
(8482704,'Jayden','Grubbe',96,2003,1,12,'Calgary','AB','CAN','6\' 3\"',201,1,'R',1,22,'C'),
(8482706,'Jake','Chiasson',NULL,2003,5,25,'Abbotsford','BC','CAN','6\' 2\"',165,1,'R',1,22,'C'),
(8482730,'Brandt','Clarke',92,2003,2,9,'Nepean','ON','CAN','6\' 2\"',185,1,'R',1,26,'D'),
(8482733,'Logan','Mailloux',94,2003,4,15,'Belle River','ON','CAN','6\' 3\"',210,1,'R',1,8,'D'),
(8482745,'Mason','McTavish',37,2003,1,30,'Zurich',NULL,'CHE','6\' 0\"',213,1,'L',1,24,'C'),
(8482749,'Joshua','Roy',97,2003,8,6,'Saint-Georges-De-Beauce','QC','CAN','6\' 0\"',190,1,'L',1,8,'R'),
(8482803,'Olen','Zellweger',51,2003,9,10,'Calgary','AB','CAN','5\' 9\"',175,1,'L',1,24,'D'),
(8482806,'William','Trudeau',84,2002,10,11,'Varennes','QC','CAN','5\' 11\"',188,1,'L',1,8,'D'),
(8482828,'Riley','Kidney',86,2003,3,25,'Halifax','NS','CAN','5\' 11\"',180,1,'L',1,8,'C'),
(8482902,'Maximus','Wanner',NULL,2003,3,12,'Estevan','SK','CAN','6\' 3\"',185,1,'R',1,22,'D'),
(8482964,'Arber','Xhekaj',72,2001,1,30,'Hamilton','ON','CAN','6\' 4\"',238,1,'L',1,8,'D'),
(8483424,'Owen','Beck',62,2004,2,3,'Peterborough','ON','CAN','6\' 0\"',190,1,'R',1,8,'C'),
(8483460,'David','Jiricek',55,2003,11,28,'Klatovy',NULL,'CZE','6\' 4\"',199,1,'R',1,29,'D'),
(8483488,'Filip','Mesar',48,2004,1,3,'Kezmarok',NULL,'SVK','5\' 9\"',179,1,'R',1,8,'R'),
(8483495,'Simon','Nemec',5,2004,2,15,'Liptovský Mikulá\Z',NULL,'SVK','6\' 1\"',190,1,'R',1,1,'D'),
(8483515,'Juraj','Slafkovsky',20,2004,3,30,'Kosice',NULL,'SVK','6\' 3\"',238,1,'L',1,8,'L'),
(8483524,'Shane','Wright',51,2004,1,5,'Burlington','ON','CAN','6\' 0\"',192,1,'R',1,55,'C'),
(8483549,'Lucas','Condotta',73,1997,6,19,'Georgetown','ON','CAN','6\' 1\"',223,1,'L',1,8,'C'),
(8484127,'Carl','Berglund',NULL,2000,1,16,'Hammaro',NULL,'SWE','6\' 2\"',207,1,'L',1,22,'C'),
(8484144,'Connor','Bedard',NULL,2005,7,17,'North Vancouver','BC','CAN','5\' 10\"',185,1,'R',0,16,'C');
/*!40000 ALTER TABLE `Players` ENABLE KEYS */;
UNLOCK TABLES;

--
-- Table structure for table `PlayersSalaries`
--

DROP TABLE IF EXISTS `PlayersSalaries`;
/*!40101 SET @saved_cs_client     = @@character_set_client */;
/*!40101 SET character_set_client = utf8 */;
CREATE TABLE `PlayersSalaries` (
  `playerId` int(11) NOT NULL,
  `season` text NOT NULL,
  `avv` float NOT NULL,
  PRIMARY KEY (`playerId`,`season`(8))
) ENGINE=InnoDB DEFAULT CHARSET=utf8mb4 COLLATE=utf8mb4_general_ci;
/*!40101 SET character_set_client = @saved_cs_client */;

--
-- Dumping data for table `PlayersSalaries`
--

LOCK TABLES `PlayersSalaries` WRITE;
/*!40000 ALTER TABLE `PlayersSalaries` DISABLE KEYS */;
INSERT INTO `PlayersSalaries` VALUES
(8473419,'20232024',6125000),
(8474564,'20232024',8500000),
(8474590,'20232024',8000000),
(8474596,'20232024',3850000),
(8475169,'20232024',5125000),
(8475218,'20232024',6250000),
(8475227,'20232024',762500),
(8475233,'20232024',3500000),
(8475717,'20232024',762500),
(8475786,'20232024',5500000),
(8475789,'20232024',5000000),
(8475848,'20232024',6500000),
(8476454,'20232024',5125000),
(8476469,'20232024',3400000),
(8476539,'20232024',5000000),
(8476875,'20232024',4875000),
(8476879,'20232024',3250000),
(8476967,'20232024',2750000),
(8476981,'20232024',5500000),
(8477015,'20232024',4025000),
(8477406,'20232024',1000000),
(8477451,'20232024',1700000),
(8477497,'20232024',1985000),
(8477498,'20232024',9250000),
(8477544,'20232024',775000),
(8477934,'20232024',8500000),
(8477989,'20232024',4450000),
(8477998,'20232024',2750000),
(8478133,'20232024',1700000),
(8478402,'20232024',12500000),
(8478470,'20232024',1000000),
(8478585,'20232024',900000),
(8478864,'20232024',9000000),
(8478967,'20232024',775000),
(8479193,'20232024',1800000),
(8479338,'20232024',762500),
(8479343,'20232024',7150000),
(8479410,'20232024',8500000),
(8479416,'20232024',775000),
(8479465,'20232024',775000),
(8479543,'20232024',812500),
(8479576,'20232024',762500),
(8479973,'20232024',2600000),
(8480018,'20232024',7875000),
(8480051,'20232024',890000),
(8480072,'20232024',775000),
(8480184,'20232024',950000),
(8480192,'20232024',766667),
(8480202,'20232024',845000),
(8480802,'20232024',2100000),
(8480803,'20232024',3900000),
(8480814,'20232024',775000),
(8480887,'20232024',1400000),
(8481058,'20232024',775000),
(8481093,'20232024',1100000),
(8481442,'20232024',775000),
(8481523,'20232024',3362500),
(8481540,'20232024',7850000),
(8481593,'20232024',867500),
(8481594,'20232024',789167),
(8481598,'20232024',863333),
(8481618,'20232024',2900000),
(8481794,'20232024',855000),
(8482077,'20232024',925000),
(8482081,'20232024',897500),
(8482087,'20232024',863333),
(8482111,'20232024',925000),
(8482117,'20232024',925000),
(8482476,'20232024',897500),
(8482487,'20232024',925000),
(8482704,'20232024',867500),
(8482706,'20232024',843333),
(8482730,'20232024',863333),
(8482733,'20232024',875000),
(8482745,'20232024',894167),
(8482749,'20232024',835000),
(8482803,'20232024',844167),
(8482806,'20232024',856667),
(8482828,'20232024',836667),
(8482902,'20232024',828333),
(8482964,'20232024',828333),
(8483424,'20232024',885000),
(8483460,'20232024',918333),
(8483488,'20232024',918333),
(8483495,'20232024',918333),
(8483515,'20232024',950000),
(8483524,'20232024',918333),
(8483549,'20232024',775000),
(8484127,'20232024',950000),
(8484144,'20232024',950000);
/*!40000 ALTER TABLE `PlayersSalaries` ENABLE KEYS */;
UNLOCK TABLES;

--
-- Table structure for table `PlayersStatsArchive`
--

DROP TABLE IF EXISTS `PlayersStatsArchive`;
/*!40101 SET @saved_cs_client     = @@character_set_client */;
/*!40101 SET character_set_client = utf8 */;
CREATE TABLE `PlayersStatsArchive` (
  `playerId` int(11) NOT NULL,
  `season` text NOT NULL,
  `games` int(11) DEFAULT NULL,
  `goals` int(11) DEFAULT NULL,
  `assists` int(11) DEFAULT NULL,
  `points` int(11) DEFAULT NULL,
  `shots` int(11) DEFAULT NULL,
  `hits` int(11) DEFAULT NULL,
  `timeOnIce` float DEFAULT NULL,
  `shifts` int(11) DEFAULT NULL,
  `plusMinus` int(11) DEFAULT NULL,
  `shotPct` float DEFAULT NULL,
  `penaltyMinutes` int(11) DEFAULT NULL,
  `powerPlayGoals` int(11) DEFAULT NULL,
  `powerPlayPoints` int(11) DEFAULT NULL,
  `powerPlayTimeOnIce` float DEFAULT NULL,
  `shortHandedGoals` int(11) DEFAULT NULL,
  `shortHandedPoints` int(11) DEFAULT NULL,
  `shortHandedTimeOnIce` float DEFAULT NULL,
  `gameWinningGoals` int(11) DEFAULT NULL,
  `overTimeGoals` int(11) DEFAULT NULL,
  `leagueId` int(11) DEFAULT NULL,
  `leagueName` text NOT NULL,
  `teamId` int(11) DEFAULT NULL,
  `teamName` text NOT NULL,
  PRIMARY KEY (`playerId`,`season`(8),`teamName`(50))
) ENGINE=InnoDB DEFAULT CHARSET=utf8mb4 COLLATE=utf8mb4_general_ci;
/*!40101 SET character_set_client = @saved_cs_client */;

--
-- Dumping data for table `PlayersStatsArchive`
--

LOCK TABLES `PlayersStatsArchive` WRITE;
/*!40000 ALTER TABLE `PlayersStatsArchive` DISABLE KEYS */;
INSERT INTO `PlayersStatsArchive` VALUES
(8473419,'20032004',60,47,47,94,NULL,NULL,0,0,NULL,NULL,104,NULL,NULL,0,NULL,NULL,0,NULL,NULL,NULL,'NSMHL',NULL,'Dartmouth'),
(8473419,'20042005',61,9,20,29,NULL,NULL,0,0,0,NULL,52,5,NULL,0,0,NULL,0,NULL,NULL,15,'QMJHL',2916,'Moncton'),
(8473419,'20052006',68,29,37,66,NULL,NULL,0,0,40,NULL,83,9,NULL,0,0,NULL,0,5,NULL,15,'QMJHL',2916,'Moncton'),
(8473419,'20062007',6,2,0,2,NULL,NULL,NULL,NULL,NULL,NULL,2,NULL,NULL,NULL,NULL,NULL,NULL,NULL,NULL,147,'WJC-A',60,'Canada'),
(8473419,'20062007',57,33,47,80,NULL,NULL,NULL,NULL,12,NULL,108,16,NULL,NULL,3,NULL,NULL,6,NULL,15,'QMJHL',NULL,'Val-d\'Or'),
(8473419,'20072008',7,4,2,6,NULL,NULL,0,0,NULL,NULL,4,NULL,NULL,0,NULL,NULL,0,NULL,NULL,147,'WJC-A',60,'Canada'),
(8473419,'20072008',26,10,19,29,NULL,NULL,NULL,NULL,8,NULL,40,3,NULL,NULL,0,NULL,NULL,NULL,NULL,15,'QMJHL',2908,'Halifax'),
(8473419,'20072008',33,21,23,44,NULL,NULL,NULL,NULL,-6,NULL,36,6,NULL,NULL,4,NULL,NULL,NULL,NULL,15,'QMJHL',NULL,'Val-d\'Or'),
(8473419,'20082009',79,18,41,59,NULL,NULL,NULL,NULL,13,NULL,67,3,NULL,NULL,0,NULL,NULL,3,NULL,153,'AHL',4982,'Providence'),
(8473419,'20092010',20,0,1,1,32,20,239.283,323,-3,0,20,0,0,3.53333,0,0,21.4833,0,0,133,'National Hockey League',6,'Boston Bruins'),
(8473419,'20092010',34,13,19,32,NULL,NULL,NULL,NULL,14,NULL,51,7,NULL,NULL,0,NULL,NULL,2,NULL,153,'AHL',4982,'Providence'),
(8473419,'20102011',77,21,20,41,149,89,1076.78,1444,25,14.09,51,2,3,41.5833,5,6,121,2,0,133,'National Hockey League',6,'Boston Bruins'),
(8473419,'20112012',76,28,27,55,167,72,1339.32,1702,31,16.77,87,5,6,164.2,1,3,105.8,3,0,133,'National Hockey League',6,'Boston Bruins'),
(8473419,'20122013',45,18,18,36,91,38,763.4,977,23,19.78,27,4,4,78.3333,2,2,57.1167,5,0,133,'National Hockey League',6,'Boston Bruins'),
(8473419,'20132014',82,25,28,53,149,73,1307.73,1761,36,16.78,64,1,2,40.9833,5,5,127.133,5,1,133,'National Hockey League',6,'Boston Bruins'),
(8473419,'20142015',77,24,18,42,180,72,1301.33,1769,5,13.33,95,2,2,76,2,3,106.8,5,3,133,'National Hockey League',6,'Boston Bruins'),
(8473419,'20152016',77,37,24,61,250,65,1432.22,1934,21,14.8,90,6,8,113.817,4,6,154.3,6,2,133,'National Hockey League',6,'Boston Bruins'),
(8473419,'20152016',10,4,3,7,20,NULL,NULL,NULL,9,NULL,10,0,NULL,NULL,1,NULL,NULL,0,NULL,147,'WC-A',60,'Canada'),
(8473419,'20162017',80,39,46,85,226,51,1554.92,1942,18,17.26,81,9,24,215.733,3,5,151.783,8,1,133,'National Hockey League',6,'Boston Bruins'),
(8473419,'20162017',6,5,3,8,NULL,NULL,NULL,NULL,5,NULL,8,NULL,NULL,NULL,NULL,NULL,NULL,NULL,NULL,NULL,'WCup',NULL,'Canada'),
(8473419,'20172018',68,34,51,85,182,37,1340.68,1650,25,18.68,63,8,23,209.75,1,4,122.883,8,5,133,'National Hockey League',6,'Boston Bruins'),
(8473419,'20182019',79,36,64,100,231,46,1550.27,1821,15,15.58,96,10,34,249.95,3,7,123.967,9,3,133,'National Hockey League',6,'Boston Bruins'),
(8473419,'20192020',70,28,59,87,185,55,1361.65,1568,25,15.1,82,5,28,258.4,1,3,111.1,5,0,133,'National Hockey League',6,'Boston Bruins'),
(8473419,'20202021',53,29,40,69,143,66,1002.25,1234,26,20.3,46,4,18,170.95,4,7,84.8833,5,1,133,'National Hockey League',6,'Boston Bruins'),
(8473419,'20212022',70,32,48,80,242,78,1347.38,1582,16,13.2,97,7,27,238.567,2,2,114.617,6,1,133,'National Hockey League',6,'Boston Bruins'),
(8473419,'20222023',73,21,46,67,183,81,1352.55,1764,27,11.48,74,9,29,249.3,0,1,109.3,4,0,133,'National Hockey League',6,'Boston Bruins'),
(8474564,'20052006',66,105,92,197,NULL,NULL,0,0,NULL,NULL,87,NULL,NULL,0,NULL,NULL,0,NULL,NULL,NULL,'Minor-ON',NULL,'Markham'),
(8474564,'20062007',6,2,8,10,NULL,NULL,0,0,NULL,NULL,8,NULL,NULL,0,NULL,NULL,0,NULL,NULL,147,'WJ18-A',60,'Canada'),
(8474564,'20062007',63,42,50,92,NULL,NULL,NULL,NULL,13,NULL,56,22,NULL,NULL,0,NULL,NULL,NULL,NULL,141,'OHL',2760,'Sarnia'),
(8474564,'20072008',7,1,5,6,NULL,NULL,NULL,NULL,1,NULL,4,0,NULL,NULL,0,NULL,NULL,0,NULL,147,'WJC-A',60,'Canada'),
(8474564,'20072008',61,58,47,105,NULL,NULL,NULL,NULL,18,NULL,88,23,NULL,NULL,5,NULL,NULL,NULL,NULL,141,'OHL',2760,'Sarnia'),
(8474564,'20082009',9,7,4,11,NULL,NULL,NULL,NULL,NULL,NULL,6,NULL,NULL,NULL,NULL,NULL,NULL,NULL,NULL,147,'WC-A',60,'Canada'),
(8474564,'20082009',79,23,23,46,181,75,1179.85,1499,-13,12.71,39,9,17,223.95,0,0,9.28333,1,0,133,'National Hockey League',14,'Tampa Bay Lightning'),
(8474564,'20092010',5,2,1,3,NULL,NULL,NULL,NULL,NULL,NULL,10,NULL,NULL,NULL,NULL,NULL,NULL,NULL,NULL,147,'WC-A',60,'Canada'),
(8474564,'20092010',82,51,44,95,297,68,1685.23,2078,-2,17.17,38,24,41,381.3,1,1,110.567,5,1,133,'National Hockey League',14,'Tampa Bay Lightning'),
(8474564,'20102011',82,45,46,91,272,84,1655.93,1946,3,16.54,74,17,36,372.883,0,0,26.5667,8,1,133,'National Hockey League',14,'Tampa Bay Lightning'),
(8474564,'20112012',82,60,37,97,303,109,1805.67,2016,7,19.8,66,12,25,311.633,0,0,45.4333,12,5,133,'National Hockey League',14,'Tampa Bay Lightning'),
(8474564,'20122013',8,7,5,12,NULL,NULL,NULL,NULL,6,NULL,6,4,NULL,NULL,0,NULL,NULL,3,NULL,147,'WC-A',60,'Canada'),
(8474564,'20122013',48,29,28,57,157,63,1057.1,1165,-4,18.47,32,10,18,180.183,0,0,34.9333,2,0,133,'National Hockey League',14,'Tampa Bay Lightning'),
(8474564,'20132014',37,25,15,40,124,50,749.217,896,9,20.16,18,9,13,141.683,1,1,20.9833,5,1,133,'National Hockey League',14,'Tampa Bay Lightning'),
(8474564,'20142015',82,43,29,72,268,91,1588.15,1806,2,16.04,49,13,25,291.133,0,0,16.8333,6,0,133,'National Hockey League',14,'Tampa Bay Lightning'),
(8474564,'20152016',77,36,28,64,216,109,1521.1,1736,3,16.67,38,14,23,268.233,1,3,59.6,8,0,133,'National Hockey League',14,'Tampa Bay Lightning'),
(8474564,'20162017',6,1,1,2,NULL,NULL,NULL,NULL,2,NULL,2,NULL,NULL,NULL,NULL,NULL,NULL,NULL,NULL,NULL,'WCup',NULL,'Canada'),
(8474564,'20162017',17,9,11,20,58,21,303.9,366,3,15.52,14,3,7,57.8833,0,0,13.0667,1,0,133,'National Hockey League',14,'Tampa Bay Lightning'),
(8474564,'20172018',78,27,59,86,212,61,1464.4,1736,18,12.74,72,15,33,269.183,0,0,31.8167,1,0,133,'National Hockey League',14,'Tampa Bay Lightning'),
(8474564,'20182019',82,45,53,98,234,72,1500.62,1789,4,19.23,37,19,40,297.633,2,2,48.3167,6,0,133,'National Hockey League',14,'Tampa Bay Lightning'),
(8474564,'20192020',57,29,37,66,176,69,1049.95,1268,14,16.5,22,10,19,187.283,0,0,29.3167,6,0,133,'National Hockey League',14,'Tampa Bay Lightning'),
(8474564,'20202021',38,17,17,34,91,38,694.167,828,4,18.7,16,10,15,137.933,0,1,23.9,1,0,133,'National Hockey League',14,'Tampa Bay Lightning'),
(8474564,'20212022',81,42,64,106,241,93,1497.13,1788,24,17.4,36,16,36,300.267,0,0,31.7,11,3,133,'National Hockey League',14,'Tampa Bay Lightning'),
(8474564,'20222023',81,34,50,84,240,92,1540.68,1722,-5,14.17,46,14,35,321.417,0,0,24.15,6,2,133,'National Hockey League',14,'Tampa Bay Lightning'),
(8474590,'20032004',25,20,15,35,NULL,NULL,NULL,NULL,NULL,NULL,50,NULL,NULL,NULL,NULL,NULL,NULL,NULL,NULL,NULL,'AYHL 13U',NULL,'New Jersey Rockets 13U AAA'),
(8474590,'20042005',25,15,18,33,NULL,NULL,NULL,NULL,NULL,NULL,32,NULL,NULL,NULL,NULL,NULL,NULL,NULL,NULL,NULL,'AYHL 14U',NULL,'New Jersey Rockets 14U AAA'),
(8474590,'20052006',38,2,10,12,NULL,NULL,0,0,NULL,NULL,42,NULL,NULL,0,NULL,NULL,0,NULL,NULL,NULL,'AtJHL',NULL,'N.J. Rockets'),
(8474590,'20062007',2,0,0,0,NULL,NULL,NULL,NULL,-2,NULL,6,0,NULL,NULL,0,NULL,NULL,0,NULL,83,'USHL',5056,'Indiana'),
(8474590,'20062007',44,12,38,50,NULL,NULL,0,0,NULL,NULL,96,NULL,NULL,0,NULL,NULL,0,NULL,NULL,NULL,'AtJHL',NULL,'N.J. Rockets'),
(8474590,'20072008',59,12,31,43,NULL,NULL,NULL,NULL,11,NULL,72,7,NULL,NULL,1,NULL,NULL,2,NULL,83,'USHL',5056,'Indiana'),
(8474590,'20082009',59,16,60,76,NULL,NULL,NULL,NULL,23,NULL,65,9,NULL,NULL,1,NULL,NULL,NULL,NULL,141,'OHL',1876,'London'),
(8474590,'20092010',48,4,35,39,NULL,NULL,NULL,NULL,37,NULL,26,1,NULL,NULL,0,NULL,NULL,1,NULL,153,'AHL',6660,'Hershey'),
(8474590,'20092010',7,4,3,7,NULL,NULL,NULL,NULL,NULL,NULL,2,NULL,NULL,NULL,NULL,NULL,NULL,NULL,NULL,147,'WJC-A',67,'U.S.A.'),
(8474590,'20092010',22,1,5,6,21,29,335.417,398,11,4.76,8,0,0,1.33333,0,0,6.7,0,0,133,'National Hockey League',15,'Washington Capitals'),
(8474590,'20102011',82,7,30,37,144,70,1856.77,2125,21,4.86,44,1,6,181.217,0,0,190.8,3,0,133,'National Hockey League',15,'Washington Capitals'),
(8474590,'20112012',82,9,23,32,152,83,1792.38,2234,-15,5.92,22,4,7,117.5,0,1,202.183,0,0,133,'National Hockey League',15,'Washington Capitals'),
(8474590,'20122013',48,6,16,22,97,59,1105,1243,11,6.19,18,0,5,107.15,0,0,138.683,0,0,133,'National Hockey League',15,'Washington Capitals'),
(8474590,'20132014',6,1,1,2,5,NULL,NULL,NULL,1,NULL,0,0,NULL,NULL,0,NULL,NULL,0,NULL,147,'Olympics',67,'U.S.A.'),
(8474590,'20132014',82,10,27,37,208,64,2010.13,2182,-3,4.81,22,5,22,257.933,0,1,307.05,0,0,133,'National Hockey League',15,'Washington Capitals'),
(8474590,'20142015',82,12,43,55,193,74,1891.97,2343,11,6.22,28,3,16,142.533,1,1,242.567,3,0,133,'National Hockey League',15,'Washington Capitals'),
(8474590,'20152016',56,8,31,39,124,46,1327.28,1591,16,6.45,14,2,14,184.883,0,1,122.133,4,1,133,'National Hockey League',15,'Washington Capitals'),
(8474590,'20162017',2,0,0,0,NULL,NULL,NULL,NULL,-3,NULL,0,NULL,NULL,NULL,NULL,NULL,NULL,NULL,NULL,NULL,'WCup',NULL,'USA'),
(8474590,'20162017',72,9,28,37,180,58,1635.1,1916,7,5,10,3,16,190.417,0,1,214.383,3,0,133,'National Hockey League',15,'Washington Capitals'),
(8474590,'20172018',82,15,53,68,237,47,2032.1,2164,0,6.33,32,4,32,303.717,0,0,215.483,4,1,133,'National Hockey League',15,'Washington Capitals'),
(8474590,'20182019',80,13,57,70,185,54,2005.18,2041,21,7.03,34,3,33,326.417,0,0,206.217,1,0,133,'National Hockey League',15,'Washington Capitals'),
(8474590,'20192020',69,15,60,75,189,55,1699.68,1770,12,7.9,26,2,26,277.717,0,0,103.05,6,0,133,'National Hockey League',15,'Washington Capitals'),
(8474590,'20202021',52,10,34,44,128,52,1236.67,1364,-5,7.8,12,3,15,170.033,0,0,100.05,1,0,133,'National Hockey League',15,'Washington Capitals'),
(8474590,'20212022',78,17,54,71,195,73,1857.25,2064,13,8.7,20,7,25,310.65,0,3,134.333,2,0,133,'National Hockey League',15,'Washington Capitals'),
(8474590,'20222023',40,9,20,29,124,42,935.583,1053,-7,7.26,12,3,12,158.367,1,1,63.9167,0,0,133,'National Hockey League',15,'Washington Capitals'),
(8476539,'20062007',35,32,44,76,NULL,NULL,NULL,NULL,27,NULL,92,NULL,NULL,NULL,NULL,NULL,NULL,NULL,NULL,NULL,'QMEAA',NULL,'Québec Typhon Midget Espoir'),
(8476539,'20072008',56,10,10,20,NULL,NULL,NULL,NULL,5,NULL,18,NULL,NULL,NULL,NULL,NULL,NULL,NULL,NULL,15,'QMJHL',6912,'Quebec'),
(8476539,'20082009',62,18,35,53,NULL,NULL,NULL,NULL,31,NULL,75,NULL,NULL,NULL,NULL,NULL,NULL,NULL,NULL,15,'QMJHL',6912,'Quebec'),
(8476539,'20092010',68,30,41,71,NULL,NULL,NULL,NULL,24,NULL,54,NULL,NULL,NULL,NULL,NULL,NULL,NULL,NULL,15,'QMJHL',6912,'Quebec'),
(8476539,'20102011',68,40,55,95,NULL,NULL,NULL,NULL,33,NULL,41,NULL,NULL,NULL,NULL,NULL,NULL,NULL,NULL,15,'QMJHL',6912,'Quebec'),
(8476539,'20112012',76,24,40,64,NULL,NULL,NULL,NULL,1,NULL,50,NULL,NULL,NULL,NULL,NULL,NULL,NULL,NULL,NULL,'AHL',NULL,'Connecticut'),
(8476539,'20122013',2,0,0,0,0,1,21.8833,30,-1,0,0,0,0,1.76667,0,0,0,0,0,133,'National Hockey League',29,'Columbus Blue Jackets'),
(8476539,'20122013',74,21,46,67,233,NULL,NULL,NULL,20,9.01,65,9,NULL,NULL,0,NULL,NULL,2,NULL,153,'AHL',6678,'Springfield'),
(8476539,'20132014',56,14,27,41,172,NULL,NULL,NULL,-7,8.1,51,7,NULL,NULL,0,NULL,NULL,4,NULL,153,'AHL',6678,'Springfield'),
(8476539,'20132014',21,9,6,15,75,NULL,NULL,NULL,-3,12,8,1,NULL,NULL,3,NULL,NULL,1,NULL,153,'AHL',4988,'Syracuse'),
(8476539,'20142015',68,24,43,67,257,NULL,NULL,NULL,7,9.3,38,6,NULL,NULL,1,NULL,NULL,4,NULL,153,'AHL',4988,'Syracuse'),
(8476539,'20142015',2,1,0,1,3,4,23.8833,31,1,33.33,0,0,0,1.55,0,0,0,0,0,133,'National Hockey League',14,'Tampa Bay Lightning'),
(8476539,'20152016',11,6,3,9,NULL,NULL,NULL,NULL,3,NULL,6,NULL,NULL,NULL,NULL,NULL,NULL,NULL,NULL,NULL,'AHL',NULL,'Syracuse Crunch'),
(8476539,'20152016',45,7,11,18,81,61,544.017,694,-10,8.64,17,4,7,129.417,0,0,0.05,1,0,133,'National Hockey League',14,'Tampa Bay Lightning'),
(8476539,'20162017',75,30,21,51,193,105,1268.32,1567,-21,15.54,38,8,18,202.383,0,0,3.55,6,1,133,'National Hockey League',13,'Florida Panthers'),
(8476539,'20172018',77,27,48,75,268,99,1347.85,1551,36,10.07,40,6,16,189.417,0,0,1.58333,6,2,133,'National Hockey League',54,'Vegas Golden Knights'),
(8476539,'20182019',10,3,7,10,NULL,NULL,NULL,NULL,6,NULL,8,NULL,NULL,NULL,NULL,NULL,NULL,NULL,NULL,NULL,'WC',NULL,'Canada'),
(8476539,'20182019',82,25,34,59,278,98,1488.02,1637,2,8.99,52,5,16,220.6,0,0,1.38333,6,1,133,'National Hockey League',54,'Vegas Golden Knights'),
(8476539,'20192020',66,22,25,47,235,99,1140.65,1337,6,9.4,28,6,12,146.35,0,0,0.8,3,1,133,'National Hockey League',54,'Vegas Golden Knights'),
(8476539,'20202021',55,18,26,44,176,44,958.3,1116,19,10.2,39,3,6,140.517,0,0,0.433333,4,2,133,'National Hockey League',54,'Vegas Golden Knights'),
(8476539,'20212022',76,30,36,66,251,61,1334.83,1606,3,12,36,5,20,161.383,0,0,1.21667,4,0,133,'National Hockey League',54,'Vegas Golden Knights'),
(8476539,'20222023',76,28,29,57,234,76,1302.67,1494,2,11.97,21,9,16,175.133,0,0,0.0833333,4,1,133,'National Hockey League',54,'Vegas Golden Knights'),
(8477451,'20072008',30,13,11,24,NULL,NULL,NULL,NULL,0,NULL,34,NULL,NULL,NULL,NULL,NULL,NULL,NULL,NULL,NULL,'T1EMBHL',NULL,'Chicago Mission Bantam Minor AAA'),
(8477451,'20082009',31,13,17,30,NULL,NULL,NULL,NULL,0,NULL,62,NULL,NULL,NULL,NULL,NULL,NULL,NULL,NULL,NULL,'T1EBHL',NULL,'Chicago Mission Bantam Major AAA'),
(8477451,'20092010',25,21,30,51,NULL,NULL,NULL,NULL,NULL,NULL,NULL,NULL,NULL,NULL,NULL,NULL,NULL,NULL,NULL,NULL,'Exhib.',NULL,'Chi. Mission'),
(8477451,'20102011',2,0,0,0,NULL,NULL,NULL,NULL,NULL,NULL,4,NULL,NULL,NULL,NULL,NULL,NULL,NULL,NULL,NULL,'U-18',NULL,'USNTDP'),
(8477451,'20112012',35,9,16,25,NULL,NULL,NULL,NULL,NULL,NULL,90,NULL,NULL,NULL,NULL,NULL,NULL,NULL,NULL,NULL,'U-18',NULL,'USNTDP'),
(8477451,'20122013',56,23,37,60,NULL,NULL,NULL,NULL,29,NULL,120,5,NULL,NULL,2,NULL,NULL,NULL,NULL,141,'OHL',2758,'Plymouth'),
(8477451,'20132014',52,26,28,54,NULL,NULL,NULL,NULL,-14,NULL,91,8,NULL,NULL,2,NULL,NULL,1,NULL,141,'OHL',2758,'Plymouth'),
(8477451,'20132014',9,3,4,7,16,NULL,NULL,NULL,-1,18.8,8,1,NULL,NULL,0,NULL,NULL,1,NULL,153,'AHL',7275,'Rockford'),
(8477451,'20132014',5,2,2,4,16,NULL,NULL,NULL,2,NULL,4,1,NULL,NULL,0,NULL,NULL,0,NULL,147,'WJC-A',67,'U.S.A.'),
(8477451,'20142015',5,0,0,0,8,11,41.4333,65,-1,0,2,0,0,0.183333,0,0,0,0,0,133,'National Hockey League',16,'Chicago Blackhawks'),
(8477451,'20142015',69,13,24,37,173,NULL,NULL,NULL,14,7.5,120,3,NULL,NULL,0,NULL,NULL,2,NULL,153,'AHL',7275,'Rockford'),
(8477451,'20152016',3,0,1,1,3,5,27.7167,43,-1,0,0,0,0,0,0,0,0,0,0,133,'National Hockey League',16,'Chicago Blackhawks'),
(8477451,'20152016',61,15,20,35,171,NULL,NULL,NULL,16,8.8,129,2,NULL,NULL,1,NULL,NULL,2,NULL,NULL,'AHL',7275,'Rockford'),
(8477451,'20162017',76,19,12,31,170,121,970.3,1296,13,11.18,70,1,1,39.5333,0,0,6.88333,4,1,133,'National Hockey League',16,'Chicago Blackhawks'),
(8477451,'20172018',57,8,17,25,96,94,729.817,950,5,8.33,58,1,2,49.3833,0,0,0.6,0,0,133,'National Hockey League',16,'Chicago Blackhawks'),
(8477451,'20172018',21,3,3,6,33,19,289.033,420,-4,9.09,14,0,0,2.23333,0,0,23.15,2,0,133,'National Hockey League',18,'Nashville Predators'),
(8477451,'20182019',64,10,10,20,113,69,859.95,1188,7,8.85,44,0,0,21.2833,0,0,34.25,2,0,133,'National Hockey League',18,'Nashville Predators'),
(8477451,'20182019',19,2,4,6,32,38,228.833,288,-6,6.25,30,0,0,0.533333,0,0,0.333333,0,0,133,'National Hockey League',4,'Philadelphia Flyers'),
(8477451,'20192020',69,9,11,20,114,44,845.633,1128,4,7.9,69,1,1,6,0,0,74.55,1,0,133,'National Hockey League',30,'Minnesota Wild'),
(8477451,'20202021',51,7,15,22,74,55,768.633,910,0,9.5,33,0,3,58.4,1,2,68.45,2,0,133,'National Hockey League',30,'Minnesota Wild'),
(8477451,'20212022',82,34,31,65,239,72,1490.8,1637,31,14.2,95,1,8,192.433,0,0,84.3667,7,1,133,'National Hockey League',30,'Minnesota Wild'),
(8477451,'20212022',5,1,0,1,NULL,NULL,NULL,NULL,1,NULL,6,NULL,NULL,NULL,NULL,NULL,NULL,NULL,NULL,NULL,'WC',NULL,'USA'),
(8477451,'20222023',59,15,22,37,149,62,961.583,1112,7,10.07,90,1,4,76.35,2,4,45.9167,6,0,133,'National Hockey League',30,'Minnesota Wild'),
(8478402,'20082009',7,7,7,14,NULL,NULL,NULL,NULL,NULL,NULL,0,NULL,NULL,NULL,NULL,NULL,NULL,NULL,NULL,NULL,'QC Int PW',NULL,'York Simcoe Peewee'),
(8478402,'20112012',17,31,32,63,NULL,NULL,NULL,NULL,NULL,NULL,NULL,NULL,NULL,NULL,NULL,NULL,NULL,NULL,NULL,NULL,'Other',NULL,'PEAC'),
(8478402,'20112012',41,41,65,106,NULL,NULL,NULL,NULL,NULL,NULL,NULL,NULL,NULL,NULL,NULL,NULL,NULL,NULL,NULL,141,'Other',6886,'Tor. Marlboros'),
(8478402,'20122013',7,8,6,14,23,NULL,NULL,NULL,NULL,NULL,2,5,NULL,NULL,0,NULL,NULL,2,NULL,147,'WJ18-A',60,'Canada'),
(8478402,'20122013',63,25,41,66,NULL,NULL,NULL,NULL,-24,NULL,36,2,NULL,NULL,1,NULL,NULL,2,NULL,141,'OHL',1868,'Erie'),
(8478402,'20132014',56,28,71,99,NULL,NULL,NULL,NULL,47,NULL,20,7,NULL,NULL,2,NULL,NULL,4,NULL,141,'OHL',1868,'Erie'),
(8478402,'20142015',7,3,8,11,21,NULL,NULL,NULL,8,NULL,0,1,NULL,NULL,0,NULL,NULL,1,NULL,147,'WJC-A',60,'Canada'),
(8478402,'20142015',47,44,76,120,NULL,NULL,NULL,NULL,60,NULL,48,9,NULL,NULL,2,NULL,NULL,8,NULL,141,'OHL',1868,'Erie'),
(8478402,'20152016',10,1,8,9,15,NULL,NULL,NULL,3,NULL,6,0,NULL,NULL,0,NULL,NULL,1,NULL,147,'WC-A',60,'Canada'),
(8478402,'20152016',45,16,32,48,105,12,849.817,1030,-1,15.24,18,3,14,133.367,0,0,35.15,5,1,133,'National Hockey League',22,'Edmonton Oilers'),
(8478402,'20162017',82,30,70,100,251,34,1732.78,1998,27,11.95,26,3,27,248.883,1,2,65.8167,6,1,133,'National Hockey League',22,'Edmonton Oilers'),
(8478402,'20162017',3,0,3,3,NULL,NULL,NULL,NULL,1,NULL,4,NULL,NULL,NULL,NULL,NULL,NULL,NULL,NULL,NULL,'WCup',NULL,'Team North America'),
(8478402,'20172018',10,5,12,17,NULL,NULL,NULL,NULL,6,NULL,10,NULL,NULL,NULL,NULL,NULL,NULL,NULL,NULL,NULL,'WC',NULL,'Canada'),
(8478402,'20172018',82,41,67,108,274,28,1767.23,1940,20,14.96,26,5,20,243.217,1,4,89.2667,7,2,133,'National Hockey League',22,'Edmonton Oilers'),
(8478402,'20182019',78,41,75,116,240,39,1781.3,1998,3,17.08,20,9,33,266.883,1,2,48.8,9,3,133,'National Hockey League',22,'Edmonton Oilers'),
(8478402,'20192020',64,34,63,97,212,37,1399.4,1353,-6,16,28,11,43,248.783,0,0,6.68333,6,0,133,'National Hockey League',22,'Edmonton Oilers'),
(8478402,'20202021',56,33,72,105,200,61,1240.6,1182,21,16.5,20,9,37,234.717,0,0,5.71667,11,2,133,'National Hockey League',22,'Edmonton Oilers'),
(8478402,'20212022',80,44,79,123,314,75,1765.3,1757,28,14,45,10,44,297.867,0,1,16.1833,9,4,133,'National Hockey League',22,'Edmonton Oilers'),
(8478402,'20222023',82,64,89,153,352,89,1835.62,1913,22,18.18,36,21,71,321.883,4,7,104.25,11,2,133,'National Hockey League',22,'Edmonton Oilers'),
(8478864,'20132014',52,18,16,34,NULL,NULL,NULL,NULL,NULL,NULL,30,NULL,NULL,NULL,NULL,NULL,NULL,NULL,NULL,NULL,'Russia-Jr.',NULL,'Novokuznetsk Jr.'),
(8478864,'20142015',31,4,4,8,NULL,NULL,NULL,NULL,NULL,NULL,6,NULL,NULL,NULL,NULL,NULL,NULL,NULL,NULL,392,'KHL',3036,'Novokuznetsk'),
(8478864,'20142015',3,0,2,2,NULL,NULL,NULL,NULL,NULL,NULL,2,NULL,NULL,NULL,NULL,NULL,NULL,NULL,NULL,NULL,'Russia-Jr.',NULL,'Novokuznetsk Jr.'),
(8478864,'20152016',4,7,3,10,NULL,NULL,NULL,NULL,9,NULL,0,NULL,NULL,NULL,NULL,NULL,NULL,NULL,NULL,NULL,'MHL',NULL,'Kuznetskie Medvedi'),
(8478864,'20152016',53,11,16,27,NULL,NULL,NULL,NULL,-4,NULL,10,NULL,NULL,NULL,NULL,NULL,NULL,NULL,NULL,NULL,'KHL',NULL,'Metallurg Novokuznetsk'),
(8478864,'20152016',53,11,16,27,NULL,NULL,NULL,NULL,NULL,NULL,10,NULL,NULL,NULL,NULL,NULL,NULL,NULL,NULL,NULL,'KHL',3036,'Novokuznetsk'),
(8478864,'20152016',4,7,3,10,NULL,NULL,NULL,NULL,NULL,NULL,0,NULL,NULL,NULL,NULL,NULL,NULL,NULL,NULL,NULL,'Russia-Jr.',NULL,'Novokuznetsk Jr.'),
(8478864,'20152016',7,1,2,3,19,NULL,NULL,NULL,-2,NULL,2,1,NULL,NULL,0,NULL,NULL,0,NULL,147,'WJC-A',64,'Russia'),
(8478864,'20152016',7,1,2,3,NULL,NULL,NULL,NULL,-2,NULL,2,NULL,NULL,NULL,NULL,NULL,NULL,NULL,NULL,NULL,'WJC-20',NULL,'Russia U20'),
(8478864,'20162017',3,3,1,4,NULL,NULL,NULL,NULL,2,NULL,0,NULL,NULL,NULL,NULL,NULL,NULL,NULL,NULL,NULL,'EHT',NULL,'Russia'),
(8478864,'20162017',7,9,3,12,NULL,NULL,NULL,NULL,7,NULL,2,NULL,NULL,NULL,NULL,NULL,NULL,NULL,NULL,NULL,'WJC-20',NULL,'Russia U20'),
(8478864,'20162017',49,20,22,42,NULL,NULL,NULL,NULL,9,NULL,66,NULL,NULL,NULL,NULL,NULL,NULL,NULL,NULL,NULL,'KHL',NULL,'Salavat Yulaev Ufa'),
(8478864,'20172018',46,15,25,40,NULL,NULL,NULL,NULL,22,NULL,14,NULL,NULL,NULL,NULL,NULL,NULL,NULL,NULL,NULL,'KHL',NULL,'CSKA Moskva'),
(8478864,'20172018',8,2,0,2,NULL,NULL,NULL,NULL,2,NULL,2,NULL,NULL,NULL,NULL,NULL,NULL,NULL,NULL,NULL,'EHT',NULL,'Russia'),
(8478864,'20182019',57,30,21,51,NULL,NULL,NULL,NULL,34,NULL,16,NULL,NULL,NULL,NULL,NULL,NULL,NULL,NULL,NULL,'KHL',NULL,'CSKA Moskva'),
(8478864,'20182019',9,4,4,8,NULL,NULL,NULL,NULL,3,NULL,0,NULL,NULL,NULL,NULL,NULL,NULL,NULL,NULL,NULL,'EHT',NULL,'Russia'),
(8478864,'20192020',57,33,29,62,NULL,NULL,NULL,NULL,32,NULL,10,NULL,NULL,NULL,NULL,NULL,NULL,NULL,NULL,NULL,'KHL',NULL,'CSKA Moskva'),
(8478864,'20192020',3,2,0,2,NULL,NULL,NULL,NULL,0,NULL,2,NULL,NULL,NULL,NULL,NULL,NULL,NULL,NULL,NULL,'EHT',NULL,'Russia'),
(8478864,'20202021',55,27,24,51,157,29,1006.37,1052,10,17.2,16,8,13,178.183,0,0,1.4,3,2,133,'National Hockey League',30,'Minnesota Wild'),
(8478864,'20212022',81,47,61,108,289,73,1547.73,1576,27,16.3,34,14,31,267.967,0,0,3.3,5,2,133,'National Hockey League',30,'Minnesota Wild'),
(8478864,'20222023',67,40,35,75,261,66,1414.55,1337,4,15.33,45,17,32,260.3,0,0,1.71667,6,2,133,'National Hockey League',30,'Minnesota Wild'),
(8479343,'20092010',5,4,7,11,NULL,NULL,NULL,NULL,NULL,NULL,2,NULL,NULL,NULL,NULL,NULL,NULL,NULL,NULL,NULL,'QC Int PW',NULL,'St. Louis Jr. Blues'),
(8479343,'20102011',4,5,3,8,NULL,NULL,NULL,NULL,NULL,NULL,0,NULL,NULL,NULL,NULL,NULL,NULL,NULL,NULL,NULL,'QC Int PW',NULL,'St. Louis Jr. Blues'),
(8479343,'20122013',60,58,71,129,NULL,NULL,NULL,NULL,0,NULL,22,NULL,NULL,NULL,NULL,NULL,NULL,NULL,NULL,NULL,'Bantam',NULL,'Shattuck St. Mary\'s Bantam T1'),
(8479343,'20132014',51,36,41,77,NULL,NULL,NULL,NULL,NULL,NULL,20,NULL,NULL,NULL,NULL,NULL,NULL,NULL,NULL,NULL,'High-MN',NULL,'Shattuck'),
(8479343,'20142015',8,4,7,11,NULL,NULL,NULL,NULL,NULL,NULL,4,NULL,NULL,NULL,NULL,NULL,NULL,NULL,NULL,NULL,'U-18',NULL,'USNTDP'),
(8479343,'20152016',62,37,70,107,NULL,NULL,NULL,NULL,NULL,NULL,40,NULL,NULL,NULL,NULL,NULL,NULL,NULL,NULL,NULL,'USDP',NULL,'U.S. National U18 Team'),
(8479343,'20152016',7,4,10,14,28,NULL,NULL,NULL,11,14.3,2,0,NULL,NULL,0,NULL,NULL,1,NULL,147,'WJ18-A',67,'U.S.A.'),
(8479343,'20152016',7,4,10,14,NULL,NULL,NULL,NULL,11,NULL,2,NULL,NULL,NULL,NULL,NULL,NULL,NULL,NULL,NULL,'WJC-18',NULL,'USA U18'),
(8479343,'20152016',39,24,46,70,NULL,NULL,NULL,NULL,NULL,NULL,40,NULL,NULL,NULL,NULL,NULL,NULL,NULL,NULL,NULL,'U-18',NULL,'USAHNTDP'),
(8479343,'20152016',23,13,24,37,NULL,NULL,NULL,NULL,16,NULL,14,NULL,NULL,NULL,NULL,NULL,NULL,NULL,NULL,NULL,'USHL',NULL,'USNTDP Juniors'),
(8479343,'20162017',3,0,2,2,0,0,38,51,-3,0,0,0,1,5.15,0,0,0,0,0,133,'National Hockey League',53,'Arizona Coyotes'),
(8479343,'20162017',31,21,24,45,NULL,NULL,NULL,NULL,15,NULL,26,NULL,NULL,NULL,NULL,NULL,NULL,NULL,NULL,NULL,'NCAA',NULL,'Boston Univ.'),
(8479343,'20162017',8,5,2,7,NULL,NULL,NULL,NULL,6,NULL,2,NULL,NULL,NULL,NULL,NULL,NULL,NULL,NULL,NULL,'WC',NULL,'USA'),
(8479343,'20162017',7,3,8,11,NULL,NULL,NULL,NULL,3,NULL,2,NULL,NULL,NULL,NULL,NULL,NULL,NULL,NULL,NULL,'WJC-20',NULL,'USA U20'),
(8479343,'20172018',82,23,42,65,212,7,1483.1,1892,-7,10.85,24,6,20,247.117,0,1,11,3,2,133,'National Hockey League',53,'Arizona Coyotes'),
(8479343,'20182019',82,14,33,47,200,16,1495.28,1905,-21,7,24,1,19,288.917,0,0,11.6833,5,0,133,'National Hockey League',53,'Arizona Coyotes'),
(8479343,'20182019',8,2,2,4,NULL,NULL,NULL,NULL,-3,NULL,0,NULL,NULL,NULL,NULL,NULL,NULL,NULL,NULL,NULL,'WC',NULL,'USA'),
(8479343,'20192020',70,17,27,44,184,20,1140.67,1449,-6,9.2,28,2,15,188.8,0,0,1.38333,2,0,133,'National Hockey League',53,'Arizona Coyotes'),
(8479343,'20202021',56,14,21,35,124,20,932.867,1202,-5,11.3,18,4,10,153.6,0,0,1.06667,3,0,133,'National Hockey League',53,'Arizona Coyotes'),
(8479343,'20212022',67,28,35,63,177,17,1349.28,1693,3,15.8,28,5,11,192.883,1,2,77.2667,2,2,133,'National Hockey League',53,'Arizona Coyotes'),
(8479343,'20222023',82,37,49,86,223,18,1701.52,2067,-2,16.59,49,6,20,263.383,1,1,47.95,4,2,133,'National Hockey League',53,'Arizona Coyotes'),
(8479410,'20142015',25,2,6,8,48,NULL,NULL,NULL,0,4.2,18,2,NULL,NULL,0,NULL,NULL,0,NULL,NULL,'Russia-Jr.',NULL,'Irbis Kazan Jr.'),
(8479410,'20152016',5,0,0,0,NULL,NULL,NULL,NULL,0,NULL,8,NULL,NULL,NULL,NULL,NULL,NULL,NULL,NULL,NULL,'WJC-18',NULL,'Russia U18'),
(8479410,'20152016',67,17,40,57,156,NULL,NULL,NULL,15,10.9,56,8,NULL,NULL,0,NULL,NULL,5,NULL,NULL,'OHL',2768,'Windsor'),
(8479410,'20152016',67,17,40,57,NULL,NULL,NULL,NULL,15,NULL,56,NULL,NULL,NULL,NULL,NULL,NULL,NULL,NULL,NULL,'OHL',NULL,'Windsor Spitfires'),
(8479410,'20162017',4,0,0,0,2,10,48.5,68,1,0,0,0,0,1.38333,0,0,0,0,0,133,'National Hockey League',8,'Montréal Canadiens'),
(8479410,'20162017',7,1,0,1,NULL,NULL,NULL,NULL,4,NULL,4,NULL,NULL,NULL,NULL,NULL,NULL,NULL,NULL,NULL,'WJC-20',NULL,'Russia U20'),
(8479410,'20162017',50,10,33,43,NULL,NULL,NULL,NULL,22,NULL,71,NULL,NULL,NULL,NULL,NULL,NULL,NULL,NULL,NULL,'OHL',NULL,'Windsor Spitfires'),
(8479410,'20172018',79,9,31,40,141,90,1213.47,1528,11,6.38,38,3,16,146.15,0,0,1.13333,5,0,133,'National Hockey League',14,'Tampa Bay Lightning'),
(8479410,'20182019',3,0,1,1,NULL,NULL,NULL,NULL,-3,NULL,0,NULL,NULL,NULL,NULL,NULL,NULL,NULL,NULL,NULL,'EHT',NULL,'Russia'),
(8479410,'20182019',75,6,26,32,128,97,1344.25,1603,12,4.69,28,0,6,113.333,0,0,16.5167,0,0,133,'National Hockey League',14,'Tampa Bay Lightning'),
(8479410,'20192020',70,10,24,34,118,106,1425.72,1648,15,8.5,58,5,13,131.25,1,1,81.3,0,0,133,'National Hockey League',14,'Tampa Bay Lightning'),
(8479410,'20202021',56,4,26,30,108,66,1230.33,1502,5,3.7,30,0,8,116.1,0,0,96.65,1,0,133,'National Hockey League',14,'Tampa Bay Lightning'),
(8479410,'20212022',78,7,31,38,149,139,1752.57,2073,6,4.7,59,1,7,118.683,0,1,163.35,1,0,133,'National Hockey League',14,'Tampa Bay Lightning'),
(8479410,'20222023',79,10,54,64,156,128,1881.07,2161,13,6.41,53,3,27,201.4,0,1,178.033,2,0,133,'National Hockey League',14,'Tampa Bay Lightning'),
(8481093,'20102011',2,1,0,1,NULL,NULL,NULL,NULL,NULL,NULL,0,NULL,NULL,NULL,NULL,NULL,NULL,NULL,NULL,NULL,'QC Int PW',NULL,'Chicoutimi Jr Saguenéens'),
(8481093,'20112012',2,1,0,1,NULL,NULL,NULL,NULL,NULL,NULL,2,NULL,NULL,NULL,NULL,NULL,NULL,NULL,NULL,NULL,'QC Int PW',NULL,'Chicoutimi Jr Saguenéens'),
(8481093,'20132014',28,19,21,40,NULL,NULL,NULL,NULL,NULL,NULL,2,NULL,NULL,NULL,NULL,NULL,NULL,NULL,NULL,NULL,'QBAA',NULL,'Saguenay Espoirs Bantam AAA R'),
(8481093,'20142015',4,0,0,0,NULL,NULL,NULL,NULL,0,NULL,0,NULL,NULL,NULL,NULL,NULL,NULL,NULL,NULL,NULL,'QMAAA',NULL,'Jonquière Élites'),
(8481093,'20152016',45,18,34,52,NULL,NULL,NULL,NULL,20,NULL,4,NULL,NULL,NULL,NULL,NULL,NULL,NULL,NULL,NULL,'QM18AAA',NULL,'Jonquière Élites'),
(8481093,'20152016',3,0,0,0,NULL,NULL,NULL,NULL,0,NULL,0,NULL,NULL,NULL,NULL,NULL,NULL,NULL,NULL,NULL,'QMJHL',NULL,'Rouyn-Noranda Huskies'),
(8481093,'20162017',50,10,13,23,NULL,NULL,NULL,NULL,8,NULL,6,NULL,NULL,NULL,NULL,NULL,NULL,NULL,NULL,NULL,'QMJHL',NULL,'Rouyn-Noranda Huskies'),
(8481093,'20172018',67,26,50,76,NULL,NULL,NULL,NULL,34,NULL,38,NULL,NULL,NULL,NULL,NULL,NULL,NULL,NULL,NULL,'QMJHL',NULL,'Rouyn-Noranda Huskies'),
(8481093,'20182019',66,40,45,85,NULL,NULL,NULL,NULL,43,NULL,24,NULL,NULL,NULL,NULL,NULL,NULL,NULL,NULL,NULL,'QMJHL',NULL,'Rouyn-Noranda Huskies'),
(8481093,'20192020',62,34,44,78,NULL,NULL,NULL,NULL,37,NULL,16,NULL,NULL,NULL,NULL,NULL,NULL,NULL,NULL,NULL,'QMJHL',NULL,'Chicoutimi Saguen\Z©ens'),
(8481093,'20202021',36,9,11,20,NULL,NULL,NULL,NULL,10,NULL,2,NULL,NULL,NULL,NULL,NULL,NULL,NULL,NULL,NULL,'AHL',NULL,'Laval Rocket'),
(8481093,'20212022',69,21,35,56,NULL,NULL,NULL,NULL,29,NULL,20,NULL,NULL,NULL,NULL,NULL,NULL,NULL,NULL,NULL,'AHL',NULL,'Laval Rocket'),
(8481093,'20212022',4,1,0,1,6,12,52.35,79,-2,16.7,0,0,0,7.46667,0,0,0.933333,0,0,133,'National Hockey League',8,'Montréal Canadiens'),
(8481093,'20222023',40,16,15,31,NULL,NULL,NULL,NULL,2,NULL,20,NULL,NULL,NULL,NULL,NULL,NULL,NULL,NULL,NULL,'AHL',NULL,'Laval Rocket'),
(8481093,'20222023',34,14,6,20,58,57,585.8,686,7,24.14,10,4,4,63.65,1,1,50.05,1,0,133,'National Hockey League',8,'Montréal Canadiens'),
(8481533,'20102011',6,8,5,13,NULL,NULL,NULL,NULL,NULL,NULL,2,NULL,NULL,NULL,NULL,NULL,NULL,NULL,NULL,NULL,'Brick Invitational',NULL,'Connecticut Yankees'),
(8481533,'20132014',4,2,4,6,NULL,NULL,NULL,NULL,NULL,NULL,0,NULL,NULL,NULL,NULL,NULL,NULL,NULL,NULL,NULL,'QC Int PW',NULL,'New York Jr. Rangers'),
(8481533,'20162017',28,18,24,42,NULL,NULL,NULL,NULL,NULL,NULL,NULL,NULL,NULL,NULL,NULL,NULL,NULL,NULL,NULL,NULL,'USHS-Prep',NULL,'Avon Old Farms School'),
(8481533,'20162017',3,2,0,2,NULL,NULL,NULL,NULL,NULL,NULL,NULL,NULL,NULL,NULL,NULL,NULL,NULL,NULL,NULL,NULL,'USA-S15',NULL,'Team Black'),
(8481533,'20172018',56,20,39,59,NULL,NULL,NULL,NULL,NULL,NULL,42,NULL,NULL,NULL,NULL,NULL,NULL,NULL,NULL,NULL,'USDP',NULL,'U.S. National U17 Team'),
(8481533,'20172018',6,2,4,6,NULL,NULL,NULL,NULL,NULL,NULL,4,NULL,NULL,NULL,NULL,NULL,NULL,NULL,NULL,NULL,'WHC-17',NULL,'USA U17'),
(8481533,'20172018',31,11,21,32,NULL,NULL,NULL,NULL,7,NULL,32,NULL,NULL,NULL,NULL,NULL,NULL,NULL,NULL,NULL,'USHL',NULL,'USNTDP Juniors'),
(8481533,'20182019',60,26,61,87,NULL,NULL,NULL,NULL,NULL,NULL,94,NULL,NULL,NULL,NULL,NULL,NULL,NULL,NULL,NULL,'USDP',NULL,'U.S. National U18 Team'),
(8481533,'20182019',5,0,9,9,NULL,NULL,NULL,NULL,8,NULL,2,NULL,NULL,NULL,NULL,NULL,NULL,NULL,NULL,NULL,'WJC-18',NULL,'USA U18'),
(8481533,'20182019',27,14,26,40,NULL,NULL,NULL,NULL,18,NULL,34,NULL,NULL,NULL,NULL,NULL,NULL,NULL,NULL,NULL,'USHL',NULL,'USNTDP Juniors'),
(8481533,'20192020',33,11,25,36,NULL,NULL,NULL,NULL,8,NULL,43,NULL,NULL,NULL,NULL,NULL,NULL,NULL,NULL,NULL,'NCAA',NULL,'Boston Univ.'),
(8481533,'20192020',5,0,9,9,NULL,NULL,NULL,NULL,6,NULL,4,NULL,NULL,NULL,NULL,NULL,NULL,NULL,NULL,NULL,'WJC-20',NULL,'USA U20'),
(8481533,'20202021',24,3,10,13,53,7,369.533,465,6,5.7,12,0,0,51.8,0,0,0.416667,0,0,133,'National Hockey League',24,'Anaheim Ducks'),
(8481533,'20202021',17,10,11,21,NULL,NULL,NULL,NULL,7,NULL,12,NULL,NULL,NULL,NULL,NULL,NULL,NULL,NULL,NULL,'AHL',NULL,'San Diego Gulls'),
(8481533,'20202021',7,7,11,18,NULL,NULL,NULL,NULL,9,NULL,0,NULL,NULL,NULL,NULL,NULL,NULL,NULL,NULL,NULL,'WJC-20',NULL,'USA U20'),
(8481533,'20212022',75,23,38,61,181,56,1343.03,1580,-21,12.7,50,9,17,197.083,0,0,1.1,5,1,133,'National Hockey League',24,'Anaheim Ducks'),
(8481533,'20222023',81,23,42,65,184,46,1525,1744,-24,12.5,88,4,17,228.767,0,0,1.45,3,2,133,'National Hockey League',24,'Anaheim Ducks'),
(8482117,'20152016',28,13,7,20,NULL,NULL,NULL,NULL,NULL,NULL,4,NULL,NULL,NULL,NULL,NULL,NULL,NULL,NULL,NULL,'Sch\Z\Zler-BL',NULL,'Starbulls Rosenheim U16'),
(8482117,'20162017',36,35,37,72,NULL,NULL,NULL,NULL,NULL,NULL,10,NULL,NULL,NULL,NULL,NULL,NULL,NULL,NULL,NULL,'Sch\Z\Zler-BL',NULL,'Starbulls Rosenheim U16'),
(8482117,'20172018',23,47,39,86,NULL,NULL,NULL,NULL,51,NULL,6,NULL,NULL,NULL,NULL,NULL,NULL,NULL,NULL,NULL,'Sch\Z\Zler-BL',NULL,'Starbulls Rosenheim U16'),
(8482117,'20172018',18,13,16,29,NULL,NULL,NULL,NULL,NULL,NULL,4,NULL,NULL,NULL,NULL,NULL,NULL,NULL,NULL,NULL,'DNL',NULL,'Starbulls Rosenheim U19'),
(8482117,'20182019',4,3,3,6,NULL,NULL,NULL,NULL,NULL,NULL,0,NULL,NULL,NULL,NULL,NULL,NULL,NULL,NULL,NULL,'Germany U17',NULL,'Eisb\Z§ren Juniors Berlin U17'),
(8482117,'20182019',32,11,31,42,NULL,NULL,NULL,NULL,NULL,NULL,4,NULL,NULL,NULL,NULL,NULL,NULL,NULL,NULL,NULL,'DNL U20',NULL,'Eisb\Z§ren Juniors Berlin U20'),
(8482117,'20182019',5,3,2,5,NULL,NULL,NULL,NULL,4,NULL,0,NULL,NULL,NULL,NULL,NULL,NULL,NULL,NULL,NULL,'WJC-18 D1A',NULL,'Germany U18'),
(8482117,'20192020',42,12,12,24,NULL,NULL,NULL,NULL,-2,NULL,0,NULL,NULL,NULL,NULL,NULL,NULL,NULL,NULL,NULL,'DEL',NULL,'Eisb\Z§ren Berlin'),
(8482117,'20192020',7,3,2,5,NULL,NULL,NULL,NULL,0,NULL,0,NULL,NULL,NULL,NULL,NULL,NULL,NULL,NULL,NULL,'WJC-20',NULL,'Germany U20'),
(8482117,'20202021',38,10,17,27,NULL,NULL,NULL,NULL,10,NULL,6,NULL,NULL,NULL,NULL,NULL,NULL,NULL,NULL,NULL,'DEL',NULL,'Eisb\Z§ren Berlin'),
(8482117,'20202021',9,2,4,6,NULL,NULL,NULL,NULL,5,NULL,0,NULL,NULL,NULL,NULL,NULL,NULL,NULL,NULL,NULL,'WC',NULL,'Germany'),
(8482117,'20212022',11,0,1,1,15,0,145.15,191,-8,0,0,0,0,16.7,0,0,0,0,0,133,'National Hockey League',16,'Chicago Blackhawks'),
(8482117,'20212022',4,2,3,5,NULL,NULL,NULL,NULL,0,NULL,0,NULL,NULL,NULL,NULL,NULL,NULL,NULL,NULL,NULL,'WC',NULL,'Germany'),
(8482117,'20212022',56,21,36,57,NULL,NULL,NULL,NULL,-5,NULL,6,NULL,NULL,NULL,NULL,NULL,NULL,NULL,NULL,NULL,'AHL',NULL,'Rockford IceHogs'),
(8482117,'20222023',23,7,8,15,42,7,376.433,424,-8,16.67,6,0,3,52.7333,0,0,0.05,0,0,133,'National Hockey League',16,'Chicago Blackhawks'),
(8482117,'20222023',55,20,31,51,NULL,NULL,NULL,NULL,-10,NULL,12,NULL,NULL,NULL,NULL,NULL,NULL,NULL,NULL,NULL,'AHL',NULL,'Rockford IceHogs'),
(8482730,'20122013',6,0,0,0,NULL,NULL,NULL,NULL,NULL,NULL,2,NULL,NULL,NULL,NULL,NULL,NULL,NULL,NULL,NULL,'Brick Invitational',NULL,'Toronto Pro Hockey'),
(8482730,'20142015',1,1,0,1,NULL,NULL,NULL,NULL,NULL,NULL,0,NULL,NULL,NULL,NULL,NULL,NULL,NULL,NULL,NULL,'HEO U14 AA',NULL,'Nepean Raiders U14 AA'),
(8482730,'20152016',9,1,6,7,NULL,NULL,NULL,NULL,NULL,NULL,10,NULL,NULL,NULL,NULL,NULL,NULL,NULL,NULL,NULL,'WSI U13',NULL,'East Coast Selects Q U13'),
(8482730,'20152016',3,0,0,0,NULL,NULL,NULL,NULL,NULL,NULL,6,NULL,NULL,NULL,NULL,NULL,NULL,NULL,NULL,NULL,'HEO U14',NULL,'Ottawa Myers Automotive U14 AAA'),
(8482730,'20162017',6,3,3,6,NULL,NULL,NULL,NULL,NULL,NULL,2,NULL,NULL,NULL,NULL,NULL,NULL,NULL,NULL,NULL,'WSI U14',NULL,'East Coast Selects Q U14'),
(8482730,'20172018',6,1,3,4,NULL,NULL,NULL,NULL,NULL,NULL,0,NULL,NULL,NULL,NULL,NULL,NULL,NULL,NULL,NULL,'WSI U15',NULL,'East Coast Selects Q U15'),
(8482730,'20182019',33,19,35,54,NULL,NULL,NULL,NULL,NULL,NULL,22,NULL,NULL,NULL,NULL,NULL,NULL,NULL,NULL,NULL,'GTHL U16',NULL,'Don Mills Flyers U16 AAA'),
(8482730,'20182019',4,3,5,8,NULL,NULL,NULL,NULL,NULL,NULL,6,NULL,NULL,NULL,NULL,NULL,NULL,NULL,NULL,NULL,'OGC-16',NULL,'Team GTHL Red'),
(8482730,'20182019',6,2,6,8,NULL,NULL,NULL,NULL,NULL,NULL,10,NULL,NULL,NULL,NULL,NULL,NULL,NULL,NULL,NULL,'CWG',NULL,'Team Ontario'),
(8482730,'20192020',57,6,32,38,NULL,NULL,NULL,NULL,-6,NULL,38,NULL,NULL,NULL,NULL,NULL,NULL,NULL,NULL,NULL,'OHL',NULL,'Barrie Colts'),
(8482730,'20192020',5,1,5,6,NULL,NULL,NULL,NULL,NULL,NULL,2,NULL,NULL,NULL,NULL,NULL,NULL,NULL,NULL,NULL,'WHC-17',NULL,'Canada Black U17'),
(8482730,'20202021',7,2,5,7,NULL,NULL,NULL,NULL,12,NULL,0,NULL,NULL,NULL,NULL,NULL,NULL,NULL,NULL,NULL,'WJC-18',NULL,'Canada U18'),
(8482730,'20202021',26,5,10,15,NULL,NULL,NULL,NULL,6,NULL,41,NULL,NULL,NULL,NULL,NULL,NULL,NULL,NULL,NULL,'Slovakia',NULL,'HC Nove Zamky'),
(8482730,'20212022',55,11,48,59,NULL,NULL,NULL,NULL,11,NULL,29,NULL,NULL,NULL,NULL,NULL,NULL,NULL,NULL,NULL,'OHL',NULL,'Barrie Colts'),
(8482730,'20222023',31,23,38,61,NULL,NULL,NULL,NULL,40,NULL,28,NULL,NULL,NULL,NULL,NULL,NULL,NULL,NULL,NULL,'OHL',NULL,'Barrie Colts'),
(8482730,'20222023',7,2,6,8,NULL,NULL,NULL,NULL,5,NULL,6,NULL,NULL,NULL,NULL,NULL,NULL,NULL,NULL,NULL,'WJC-20',NULL,'Canada U20'),
(8482730,'20222023',9,0,2,2,11,3,122.783,151,-1,0,6,0,1,5.58333,0,0,3.91667,0,0,133,'National Hockey League',26,'Los Angeles Kings'),
(8482730,'20222023',5,1,1,2,NULL,NULL,NULL,NULL,-3,NULL,2,NULL,NULL,NULL,NULL,NULL,NULL,NULL,NULL,NULL,'AHL',NULL,'Ontario Reign'),
(8482745,'20162017',27,27,20,47,NULL,NULL,NULL,NULL,NULL,NULL,32,NULL,NULL,NULL,NULL,NULL,NULL,NULL,NULL,NULL,'HEO U14',NULL,'Ottawa Valley Titans U14 AAA'),
(8482745,'20162017',5,3,1,4,NULL,NULL,NULL,NULL,NULL,NULL,6,NULL,NULL,NULL,NULL,NULL,NULL,NULL,NULL,NULL,'HEO U15',NULL,'Ottawa Valley Titans U15 AAA'),
(8482745,'20172018',30,49,34,83,NULL,NULL,NULL,NULL,NULL,NULL,40,NULL,NULL,NULL,NULL,NULL,NULL,NULL,NULL,NULL,'HEO U15',NULL,'Ottawa Valley Titans U15 AAA'),
(8482745,'20172018',4,2,3,5,NULL,NULL,NULL,NULL,NULL,NULL,2,NULL,NULL,NULL,NULL,NULL,NULL,NULL,NULL,NULL,'HEO U18',NULL,'Pembroke Lumber Kings U18 AAA'),
(8482745,'20182019',5,3,4,7,NULL,NULL,NULL,NULL,NULL,NULL,6,NULL,NULL,NULL,NULL,NULL,NULL,NULL,NULL,NULL,'CCHL',NULL,'Pembroke Lumber Kings'),
(8482745,'20182019',4,5,3,8,NULL,NULL,NULL,NULL,NULL,NULL,4,NULL,NULL,NULL,NULL,NULL,NULL,NULL,NULL,NULL,'TCQ-O',NULL,'Pembroke Lumber Kings U18 AAA'),
(8482745,'20182019',4,1,0,1,NULL,NULL,NULL,NULL,NULL,NULL,6,NULL,NULL,NULL,NULL,NULL,NULL,NULL,NULL,NULL,'OGC-16',NULL,'Team HEO'),
(8482745,'20182019',6,2,2,4,NULL,NULL,NULL,NULL,NULL,NULL,16,NULL,NULL,NULL,NULL,NULL,NULL,NULL,NULL,NULL,'CWG',NULL,'Team Ontario'),
(8482745,'20192020',6,2,1,3,NULL,NULL,NULL,NULL,NULL,NULL,8,NULL,NULL,NULL,NULL,NULL,NULL,NULL,NULL,NULL,'WHC-17',NULL,'Canada White U17'),
(8482745,'20192020',57,29,13,42,NULL,NULL,NULL,NULL,-4,NULL,31,NULL,NULL,NULL,NULL,NULL,NULL,NULL,NULL,NULL,'OHL',NULL,'Peterborough Petes'),
(8482745,'20202021',7,5,6,11,NULL,NULL,NULL,NULL,10,NULL,10,NULL,NULL,NULL,NULL,NULL,NULL,NULL,NULL,NULL,'WJC-18',NULL,'Canada U18'),
(8482745,'20202021',13,9,2,11,NULL,NULL,NULL,NULL,4,NULL,6,NULL,NULL,NULL,NULL,NULL,NULL,NULL,NULL,NULL,'SL',NULL,'Olten'),
(8482745,'20212022',9,2,1,3,12,8,117.717,159,3,16.7,2,0,1,17.8667,0,0,3.13333,1,0,133,'National Hockey League',24,'Anaheim Ducks'),
(8482745,'20212022',5,0,1,1,NULL,NULL,NULL,NULL,1,NULL,2,NULL,NULL,NULL,NULL,NULL,NULL,NULL,NULL,NULL,'OG',NULL,'Canada'),
(8482745,'20212022',7,8,9,17,NULL,NULL,NULL,NULL,13,NULL,2,NULL,NULL,NULL,NULL,NULL,NULL,NULL,NULL,NULL,'WJC-20',NULL,'Canada U20'),
(8482745,'20212022',24,14,26,40,NULL,NULL,NULL,NULL,27,NULL,20,NULL,NULL,NULL,NULL,NULL,NULL,NULL,NULL,NULL,'OHL',NULL,'Hamilton Bulldogs'),
(8482745,'20212022',5,6,1,7,NULL,NULL,NULL,NULL,3,NULL,11,NULL,NULL,NULL,NULL,NULL,NULL,NULL,NULL,NULL,'OHL',NULL,'Peterborough Petes'),
(8482745,'20212022',3,1,1,2,NULL,NULL,NULL,NULL,1,NULL,4,NULL,NULL,NULL,NULL,NULL,NULL,NULL,NULL,NULL,'AHL',NULL,'San Diego Gulls'),
(8482745,'20222023',80,17,26,43,161,55,1229.95,1506,-19,10.56,44,7,14,202.05,0,0,3.11667,1,0,133,'National Hockey League',24,'Anaheim Ducks'),
(8482803,'20142015',7,1,4,5,NULL,NULL,NULL,NULL,NULL,NULL,2,NULL,NULL,NULL,NULL,NULL,NULL,NULL,NULL,NULL,'WSI U12',NULL,'Western Canada Selects U12'),
(8482803,'20162017',36,3,10,13,NULL,NULL,NULL,NULL,NULL,NULL,2,NULL,NULL,NULL,NULL,NULL,NULL,NULL,NULL,NULL,'AEHL U15',NULL,'Fort Saskatchewan Ranger U15 AAA'),
(8482803,'20172018',30,10,22,32,NULL,NULL,NULL,NULL,NULL,NULL,16,NULL,NULL,NULL,NULL,NULL,NULL,NULL,NULL,NULL,'CSSHL U15',NULL,'OHA Edmonton U15 Prep'),
(8482803,'20172018',5,2,1,3,NULL,NULL,NULL,NULL,NULL,NULL,12,NULL,NULL,NULL,NULL,NULL,NULL,NULL,NULL,NULL,'WSI U15',NULL,'Upstate Kings U15'),
(8482803,'20182019',1,0,0,0,NULL,NULL,NULL,NULL,0,NULL,0,NULL,NULL,NULL,NULL,NULL,NULL,NULL,NULL,NULL,'WHL',NULL,'Everett Silvertips'),
(8482803,'20182019',35,8,19,27,NULL,NULL,NULL,NULL,NULL,NULL,22,NULL,NULL,NULL,NULL,NULL,NULL,NULL,NULL,NULL,'CSSHL U18',NULL,'OHA Edmonton U18 Prep'),
(8482803,'20182019',6,1,1,2,NULL,NULL,NULL,NULL,NULL,NULL,4,NULL,NULL,NULL,NULL,NULL,NULL,NULL,NULL,NULL,'CWG',NULL,'Team Alberta'),
(8482803,'20192020',5,0,2,2,NULL,NULL,NULL,NULL,NULL,NULL,2,NULL,NULL,NULL,NULL,NULL,NULL,NULL,NULL,NULL,'WHC-17',NULL,'Canada Red U17'),
(8482803,'20192020',58,2,10,12,NULL,NULL,NULL,NULL,20,NULL,8,NULL,NULL,NULL,NULL,NULL,NULL,NULL,NULL,NULL,'WHL',NULL,'Everett Silvertips'),
(8482803,'20202021',7,1,7,8,NULL,NULL,NULL,NULL,8,NULL,2,NULL,NULL,NULL,NULL,NULL,NULL,NULL,NULL,NULL,'WJC-18',NULL,'Canada U18'),
(8482803,'20202021',11,2,11,13,NULL,NULL,NULL,NULL,5,NULL,2,NULL,NULL,NULL,NULL,NULL,NULL,NULL,NULL,NULL,'WHL',NULL,'Everett Silvertips'),
(8482803,'20212022',7,2,9,11,NULL,NULL,NULL,NULL,14,NULL,2,NULL,NULL,NULL,NULL,NULL,NULL,NULL,NULL,NULL,'WJC-20',NULL,'Canada U20'),
(8482803,'20212022',55,14,64,78,NULL,NULL,NULL,NULL,45,NULL,23,NULL,NULL,NULL,NULL,NULL,NULL,NULL,NULL,NULL,'WHL',NULL,'Everett Silvertips'),
(8482803,'20222023',7,0,6,6,NULL,NULL,NULL,NULL,0,NULL,4,NULL,NULL,NULL,NULL,NULL,NULL,NULL,NULL,NULL,'WJC-20',NULL,'Canada U20'),
(8482803,'20222023',23,10,18,28,NULL,NULL,NULL,NULL,-5,NULL,12,NULL,NULL,NULL,NULL,NULL,NULL,NULL,NULL,NULL,'WHL',NULL,'Everett Silvertips'),
(8482803,'20222023',32,22,30,52,NULL,NULL,NULL,NULL,35,NULL,28,NULL,NULL,NULL,NULL,NULL,NULL,NULL,NULL,NULL,'WHL',NULL,'Kamloops Blazers'),
(8483460,'20152016',6,0,0,0,NULL,NULL,NULL,NULL,NULL,NULL,4,NULL,NULL,NULL,NULL,NULL,NULL,NULL,NULL,NULL,'QC Int PW',NULL,'Czech Knights'),
(8483460,'20172018',37,10,15,25,NULL,NULL,NULL,NULL,32,NULL,16,NULL,NULL,NULL,NULL,NULL,NULL,NULL,NULL,NULL,'Czechia U16',NULL,'HC Plzen U16'),
(8483460,'20172018',8,0,6,6,NULL,NULL,NULL,NULL,NULL,NULL,4,NULL,NULL,NULL,NULL,NULL,NULL,NULL,NULL,NULL,'ODM',NULL,'Plzensky kraj U15'),
(8483460,'20182019',37,19,21,40,NULL,NULL,NULL,NULL,26,NULL,54,NULL,NULL,NULL,NULL,NULL,NULL,NULL,NULL,NULL,'Czechia U16',NULL,'HC Plzen U16'),
(8483460,'20192020',4,0,0,0,NULL,NULL,NULL,NULL,1,NULL,2,NULL,NULL,NULL,NULL,NULL,NULL,NULL,NULL,NULL,'Czechia',NULL,'HC Plzen'),
(8483460,'20192020',1,0,2,2,NULL,NULL,NULL,NULL,NULL,NULL,0,NULL,NULL,NULL,NULL,NULL,NULL,NULL,NULL,NULL,'Czechia U20 3',NULL,'HC Plzen B U20'),
(8483460,'20192020',5,1,6,7,NULL,NULL,NULL,NULL,4,NULL,4,NULL,NULL,NULL,NULL,NULL,NULL,NULL,NULL,NULL,'Czechia U17',NULL,'HC Plzen U17'),
(8483460,'20192020',24,6,11,17,NULL,NULL,NULL,NULL,6,NULL,10,NULL,NULL,NULL,NULL,NULL,NULL,NULL,NULL,NULL,'DHL Cup',NULL,'HC Plzen U20'),
(8483460,'20202021',1,0,0,0,NULL,NULL,NULL,NULL,-1,NULL,2,NULL,NULL,NULL,NULL,NULL,NULL,NULL,NULL,NULL,'EHT',NULL,'Czechia'),
(8483460,'20202021',4,0,0,0,NULL,NULL,NULL,NULL,-1,NULL,8,NULL,NULL,NULL,NULL,NULL,NULL,NULL,NULL,NULL,'WJC-18',NULL,'Czechia U18'),
(8483460,'20202021',5,1,1,2,NULL,NULL,NULL,NULL,-1,NULL,2,NULL,NULL,NULL,NULL,NULL,NULL,NULL,NULL,NULL,'WJC-20',NULL,'Czechia U20'),
(8483460,'20202021',34,3,6,9,NULL,NULL,NULL,NULL,13,NULL,34,NULL,NULL,NULL,NULL,NULL,NULL,NULL,NULL,NULL,'Czechia',NULL,'HC Plzen'),
(8483460,'20212022',8,2,2,4,NULL,NULL,NULL,NULL,5,NULL,2,NULL,NULL,NULL,NULL,NULL,NULL,NULL,NULL,NULL,'EHT',NULL,'Czechia'),
(8483460,'20212022',7,0,4,4,NULL,NULL,NULL,NULL,-5,NULL,2,NULL,NULL,NULL,NULL,NULL,NULL,NULL,NULL,NULL,'WJC-20',NULL,'Czechia U20'),
(8483460,'20212022',29,5,6,11,NULL,NULL,NULL,NULL,0,NULL,49,NULL,NULL,NULL,NULL,NULL,NULL,NULL,NULL,NULL,'Czechia',NULL,'HC Plzen'),
(8483460,'20222023',55,6,32,38,NULL,NULL,NULL,NULL,-11,NULL,36,NULL,NULL,NULL,NULL,NULL,NULL,NULL,NULL,NULL,'AHL',NULL,'Cleveland Monsters'),
(8483460,'20222023',4,0,0,0,5,9,72.2667,99,-4,0,2,0,0,2.61667,0,0,2.4,0,0,133,'National Hockey League',29,'Columbus Blue Jackets'),
(8483460,'20222023',2,0,0,0,NULL,NULL,NULL,NULL,-1,NULL,0,NULL,NULL,NULL,NULL,NULL,NULL,NULL,NULL,NULL,'EHT',NULL,'Czechia'),
(8483460,'20222023',7,3,4,7,NULL,NULL,NULL,NULL,10,NULL,2,NULL,NULL,NULL,NULL,NULL,NULL,NULL,NULL,NULL,'WJC-20',NULL,'Czechia U20'),
(8483495,'20162017',2,0,0,0,NULL,NULL,NULL,NULL,NULL,NULL,2,NULL,NULL,NULL,NULL,NULL,NULL,NULL,NULL,NULL,'QC Int PW',NULL,'Slovakia HMS Select'),
(8483495,'20172018',44,5,16,21,NULL,NULL,NULL,NULL,1,NULL,18,NULL,NULL,NULL,NULL,NULL,NULL,NULL,NULL,NULL,'Slovakia U18',NULL,'HK 32 Liptovsky Mikulas U18'),
(8483495,'20182019',52,10,25,35,NULL,NULL,NULL,NULL,2,NULL,78,NULL,NULL,NULL,NULL,NULL,NULL,NULL,NULL,NULL,'Slovakia U18',NULL,'HK 32 Liptovsky Mikulas U18'),
(8483495,'20192020',20,2,6,8,NULL,NULL,NULL,NULL,-6,NULL,18,NULL,NULL,NULL,NULL,NULL,NULL,NULL,NULL,NULL,'Slovakia2',NULL,'HK Levice'),
(8483495,'20192020',12,0,3,3,NULL,NULL,NULL,NULL,2,NULL,0,NULL,NULL,NULL,NULL,NULL,NULL,NULL,NULL,NULL,'Slovakia',NULL,'HK Nitra'),
(8483495,'20192020',13,3,5,8,NULL,NULL,NULL,NULL,-1,NULL,4,NULL,NULL,NULL,NULL,NULL,NULL,NULL,NULL,NULL,'Slovakia U20',NULL,'HK Nitra U20'),
(8483495,'20192020',4,0,0,0,NULL,NULL,NULL,NULL,1,NULL,0,NULL,NULL,NULL,NULL,NULL,NULL,NULL,NULL,NULL,'Hlinka Gretzky Cup',NULL,'Slovakia U18'),
(8483495,'20192020',12,3,4,7,NULL,NULL,NULL,NULL,-2,NULL,2,NULL,NULL,NULL,NULL,NULL,NULL,NULL,NULL,NULL,'Slovakia U20',NULL,'Team Slovakia U18'),
(8483495,'20202021',37,2,17,19,NULL,NULL,NULL,NULL,-10,NULL,12,NULL,NULL,NULL,NULL,NULL,NULL,NULL,NULL,NULL,'Slovakia',NULL,'HK Nitra'),
(8483495,'20202021',5,0,1,1,NULL,NULL,NULL,NULL,-3,NULL,0,NULL,NULL,NULL,NULL,NULL,NULL,NULL,NULL,NULL,'WC',NULL,'Slovakia'),
(8483495,'20202021',5,0,4,4,NULL,NULL,NULL,NULL,-4,NULL,2,NULL,NULL,NULL,NULL,NULL,NULL,NULL,NULL,NULL,'WJC-20',NULL,'Slovakia U20'),
(8483495,'20212022',39,1,25,26,NULL,NULL,NULL,NULL,13,NULL,20,NULL,NULL,NULL,NULL,NULL,NULL,NULL,NULL,NULL,'Slovakia',NULL,'HK Nitra'),
(8483495,'20212022',8,1,5,6,NULL,NULL,NULL,NULL,2,NULL,2,NULL,NULL,NULL,NULL,NULL,NULL,NULL,NULL,NULL,'WC',NULL,'Slovakia'),
(8483495,'20212022',5,1,5,6,NULL,NULL,NULL,NULL,0,NULL,2,NULL,NULL,NULL,NULL,NULL,NULL,NULL,NULL,NULL,'Hlinka Gretzky Cup',NULL,'Slovakia U18'),
(8483495,'20222023',5,1,4,5,NULL,NULL,NULL,NULL,-1,NULL,10,NULL,NULL,NULL,NULL,NULL,NULL,NULL,NULL,NULL,'WJC-20',NULL,'Slovakia U20'),
(8483495,'20222023',65,12,22,34,NULL,NULL,NULL,NULL,13,NULL,20,NULL,NULL,NULL,NULL,NULL,NULL,NULL,NULL,NULL,'AHL',NULL,'Utica Comets'),
(8483524,'20132014',6,2,6,8,NULL,NULL,NULL,NULL,NULL,NULL,6,NULL,NULL,NULL,NULL,NULL,NULL,NULL,NULL,NULL,'Brick Invitational',NULL,'Toronto Pro Hockey'),
(8483524,'20152016',9,12,10,22,NULL,NULL,NULL,NULL,NULL,NULL,8,NULL,NULL,NULL,NULL,NULL,NULL,NULL,NULL,NULL,'WSI U12',NULL,'Pro Hockey Hutson Selects U12'),
(8483524,'20162017',8,13,6,19,NULL,NULL,NULL,NULL,NULL,NULL,6,NULL,NULL,NULL,NULL,NULL,NULL,NULL,NULL,NULL,'WSI U13',NULL,'Pro Hockey McDonald U13'),
(8483524,'20172018',6,2,1,3,NULL,NULL,NULL,NULL,NULL,NULL,2,NULL,NULL,NULL,NULL,NULL,NULL,NULL,NULL,NULL,'WSI U15',NULL,'Oshawa Generals Selects U15'),
(8483524,'20182019',33,31,41,72,NULL,NULL,NULL,NULL,NULL,NULL,10,NULL,NULL,NULL,NULL,NULL,NULL,NULL,NULL,NULL,'GTHL U16',NULL,'Don Mills Flyers U16 AAA'),
(8483524,'20182019',4,3,1,4,NULL,NULL,NULL,NULL,NULL,NULL,2,NULL,NULL,NULL,NULL,NULL,NULL,NULL,NULL,NULL,'OGC-16',NULL,'Team GTHL Red'),
(8483524,'20182019',6,6,6,12,NULL,NULL,NULL,NULL,NULL,NULL,8,NULL,NULL,NULL,NULL,NULL,NULL,NULL,NULL,NULL,'CWG',NULL,'Team Ontario'),
(8483524,'20192020',5,4,3,7,NULL,NULL,NULL,NULL,NULL,NULL,14,NULL,NULL,NULL,NULL,NULL,NULL,NULL,NULL,NULL,'WHC-17',NULL,'Canada Black U17'),
(8483524,'20192020',58,39,27,66,NULL,NULL,NULL,NULL,-6,NULL,10,NULL,NULL,NULL,NULL,NULL,NULL,NULL,NULL,NULL,'OHL',NULL,'Kingston Frontenacs'),
(8483524,'20202021',5,9,5,14,NULL,NULL,NULL,NULL,12,NULL,2,NULL,NULL,NULL,NULL,NULL,NULL,NULL,NULL,NULL,'WJC-18',NULL,'Canada U18'),
(8483524,'20212022',63,32,62,94,NULL,NULL,NULL,NULL,23,NULL,22,NULL,NULL,NULL,NULL,NULL,NULL,NULL,NULL,NULL,'OHL',NULL,'Kingston Frontenacs'),
(8483524,'20222023',7,4,3,7,NULL,NULL,NULL,NULL,0,NULL,0,NULL,NULL,NULL,NULL,NULL,NULL,NULL,NULL,NULL,'WJC-20',NULL,'Canada U20'),
(8483524,'20222023',8,4,2,6,NULL,NULL,NULL,NULL,2,NULL,2,NULL,NULL,NULL,NULL,NULL,NULL,NULL,NULL,NULL,'AHL',NULL,'Coachella Valley Firebirds'),
(8483524,'20222023',8,1,1,2,4,1,67.8667,105,4,25,2,0,0,3.18333,0,0,0,0,0,133,'National Hockey League',55,'Seattle Kraken'),
(8483524,'20222023',20,15,22,37,NULL,NULL,NULL,NULL,8,NULL,6,NULL,NULL,NULL,NULL,NULL,NULL,NULL,NULL,NULL,'OHL',NULL,'Windsor Spitfires'),
(8484144,'20142015',6,8,1,9,NULL,NULL,NULL,NULL,NULL,NULL,2,NULL,NULL,NULL,NULL,NULL,NULL,NULL,NULL,NULL,'Brick Invitational',NULL,'BC Junior Canucks'),
(8484144,'20152016',2,1,1,2,NULL,NULL,NULL,NULL,NULL,NULL,0,NULL,NULL,NULL,NULL,NULL,NULL,NULL,NULL,NULL,'QC Int PW',NULL,'North Shore Winter Club'),
(8484144,'20162017',3,3,1,4,NULL,NULL,NULL,NULL,NULL,NULL,0,NULL,NULL,NULL,NULL,NULL,NULL,NULL,NULL,NULL,'QC Int PW',NULL,'North Shore Winter Club'),
(8484144,'20162017',6,9,7,16,NULL,NULL,NULL,NULL,NULL,NULL,0,NULL,NULL,NULL,NULL,NULL,NULL,NULL,NULL,NULL,'WSI U12',NULL,'Pro Hockey Hutson Selects U12'),
(8484144,'20172018',7,24,8,32,NULL,NULL,NULL,NULL,NULL,NULL,NULL,NULL,NULL,NULL,NULL,NULL,NULL,NULL,NULL,NULL,'WSI U13',NULL,'Draftday Hockey Selects U13'),
(8484144,'20182019',30,64,24,88,NULL,NULL,NULL,NULL,NULL,NULL,22,NULL,NULL,NULL,NULL,NULL,NULL,NULL,NULL,NULL,'CSSHL U15',NULL,'North Shore Warriors U15 Prep'),
(8484144,'20182019',5,4,1,5,NULL,NULL,NULL,NULL,NULL,NULL,4,NULL,NULL,NULL,NULL,NULL,NULL,NULL,NULL,NULL,'WSI U15',NULL,'Pacific Selects U15'),
(8484144,'20182019',2,3,1,4,NULL,NULL,NULL,NULL,NULL,NULL,0,NULL,NULL,NULL,NULL,NULL,NULL,NULL,NULL,NULL,'CSSHL U16',NULL,'West Van Academy Elite 15s'),
(8484144,'20192020',36,43,41,84,NULL,NULL,NULL,NULL,NULL,NULL,32,NULL,NULL,NULL,NULL,NULL,NULL,NULL,NULL,NULL,'CSSHL U18',NULL,'North Shore Warriors U18 Prep'),
(8484144,'20202021',7,7,7,14,NULL,NULL,NULL,NULL,12,NULL,2,NULL,NULL,NULL,NULL,NULL,NULL,NULL,NULL,NULL,'WJC-18',NULL,'Canada U18'),
(8484144,'20202021',1,1,1,2,NULL,NULL,NULL,NULL,1,NULL,0,NULL,NULL,NULL,NULL,NULL,NULL,NULL,NULL,NULL,'J18 Region',NULL,'HV71 J18'),
(8484144,'20202021',4,2,2,4,NULL,NULL,NULL,NULL,-3,NULL,0,NULL,NULL,NULL,NULL,NULL,NULL,NULL,NULL,NULL,'J20 Nationell',NULL,'HV71 J20'),
(8484144,'20202021',15,12,16,28,NULL,NULL,NULL,NULL,9,NULL,6,NULL,NULL,NULL,NULL,NULL,NULL,NULL,NULL,NULL,'WHL',NULL,'Regina Pats'),
(8484144,'20212022',4,6,1,7,NULL,NULL,NULL,NULL,0,NULL,4,NULL,NULL,NULL,NULL,NULL,NULL,NULL,NULL,NULL,'WJC-18',NULL,'Canada U18'),
(8484144,'20212022',7,4,4,8,NULL,NULL,NULL,NULL,9,NULL,2,NULL,NULL,NULL,NULL,NULL,NULL,NULL,NULL,NULL,'WJC-20',NULL,'Canada U20'),
(8484144,'20212022',62,51,49,100,NULL,NULL,NULL,NULL,0,NULL,42,NULL,NULL,NULL,NULL,NULL,NULL,NULL,NULL,NULL,'WHL',NULL,'Regina Pats'),
(8484144,'20222023',7,9,14,23,NULL,NULL,NULL,NULL,14,NULL,2,NULL,NULL,NULL,NULL,NULL,NULL,NULL,NULL,NULL,'WJC-20',NULL,'Canada U20'),
(8484144,'20222023',57,71,72,143,NULL,NULL,NULL,NULL,39,NULL,62,NULL,NULL,NULL,NULL,NULL,NULL,NULL,NULL,NULL,'WHL',NULL,'Regina Pats');
/*!40000 ALTER TABLE `PlayersStatsArchive` ENABLE KEYS */;
UNLOCK TABLES;

--
-- Table structure for table `PoolDraft`
--

DROP TABLE IF EXISTS `PoolDraft`;
/*!40101 SET @saved_cs_client     = @@character_set_client */;
/*!40101 SET character_set_client = utf8 */;
CREATE TABLE `PoolDraft` (
  `id` int(11) unsigned NOT NULL AUTO_INCREMENT,
  `playerId` int(11) NOT NULL,
  `season` text NOT NULL,
  PRIMARY KEY (`id`)
) ENGINE=InnoDB AUTO_INCREMENT=19 DEFAULT CHARSET=utf8mb4 COLLATE=utf8mb4_general_ci;
/*!40101 SET character_set_client = @saved_cs_client */;

--
-- Dumping data for table `PoolDraft`
--

LOCK TABLES `PoolDraft` WRITE;
/*!40000 ALTER TABLE `PoolDraft` DISABLE KEYS */;
INSERT INTO `PoolDraft` VALUES
(1,8478402,'20232024'),
(2,8473419,'20232024'),
(3,8474564,'20232024'),
(4,8479343,'20232024'),
(5,8476539,'20232024'),
(6,8478864,'20232024'),
(7,8484144,'20232024'),
(8,8482117,'20232024'),
(9,8477451,'20232024'),
(10,8481093,'20232024'),
(11,8482745,'20232024'),
(12,8477494,'20232024'),
(13,8479410,'20232024'),
(14,8474590,'20232024'),
(15,8482087,'20232024'),
(16,8476979,'20232024'),
(17,8483460,'20232024'),
(18,8483495,'20232024');
/*!40000 ALTER TABLE `PoolDraft` ENABLE KEYS */;
UNLOCK TABLES;

--
-- Table structure for table `Positions`
--

DROP TABLE IF EXISTS `Positions`;
/*!40101 SET @saved_cs_client     = @@character_set_client */;
/*!40101 SET character_set_client = utf8 */;
CREATE TABLE `Positions` (
  `code` tinytext NOT NULL,
  `abbrev` text DEFAULT NULL,
  `fullName` text DEFAULT NULL,
  `type` text DEFAULT NULL,
  PRIMARY KEY (`code`(3))
) ENGINE=InnoDB DEFAULT CHARSET=utf8mb4 COLLATE=utf8mb4_general_ci;
/*!40101 SET character_set_client = @saved_cs_client */;

--
-- Dumping data for table `Positions`
--

LOCK TABLES `Positions` WRITE;
/*!40000 ALTER TABLE `Positions` DISABLE KEYS */;
INSERT INTO `Positions` VALUES
('C','C','Center','Forward'),
('D','D','Defenseman','Defenseman'),
('G','G','Goalie','Goalie'),
('HC','Head Coach','Head Coach','Coach'),
('L','LW','Left Wing','Forward'),
('N/A','N/A','Unknown','Unknown'),
('R','RW','Right Wing','Forward');
/*!40000 ALTER TABLE `Positions` ENABLE KEYS */;
UNLOCK TABLES;

--
-- Table structure for table `Teams`
--

DROP TABLE IF EXISTS `Teams`;
/*!40101 SET @saved_cs_client     = @@character_set_client */;
/*!40101 SET character_set_client = utf8 */;
CREATE TABLE `Teams` (
  `id` int(11) unsigned NOT NULL AUTO_INCREMENT,
  `name` text DEFAULT NULL,
  `venue` text DEFAULT NULL,
  `abbreviation` text DEFAULT NULL,
  `firstYearOfPlay` text DEFAULT NULL,
  `divisionId` int(11) DEFAULT NULL,
  `conferenceId` int(11) DEFAULT NULL,
  `franchiseId` int(11) DEFAULT NULL,
  `active` tinyint(1) DEFAULT NULL,
  PRIMARY KEY (`id`)
) ENGINE=InnoDB AUTO_INCREMENT=56 DEFAULT CHARSET=utf8mb4 COLLATE=utf8mb4_general_ci;
/*!40101 SET character_set_client = @saved_cs_client */;

--
-- Dumping data for table `Teams`
--

LOCK TABLES `Teams` WRITE;
/*!40000 ALTER TABLE `Teams` DISABLE KEYS */;
INSERT INTO `Teams` VALUES
(1,'New Jersey Devils','Prudential Center','NJD','1982',18,6,23,1),
(2,'New York Islanders','UBS Arena','NYI','1972',18,6,22,1),
(3,'New York Rangers','Madison Square Garden','NYR','1926',18,6,10,1),
(4,'Philadelphia Flyers','Wells Fargo Center','PHI','1967',18,6,16,1),
(5,'Pittsburgh Penguins','PPG Paints Arena','PIT','1967',18,6,17,1),
(6,'Boston Bruins','TD Garden','BOS','1924',17,6,6,1),
(7,'Buffalo Sabres','KeyBank Center','BUF','1970',17,6,19,1),
(8,'Montréal Canadiens','Bell Centre','MTL','1909',17,6,1,1),
(9,'Ottawa Senators','Canadian Tire Centre','OTT','1990',17,6,30,1),
(10,'Toronto Maple Leafs','Scotiabank Arena','TOR','1917',17,6,5,1),
(12,'Carolina Hurricanes','PNC Arena','CAR','1979',18,6,26,1),
(13,'Florida Panthers','FLA Live Arena','FLA','1993',17,6,33,1),
(14,'Tampa Bay Lightning','AMALIE Arena','TBL','1991',17,6,31,1),
(15,'Washington Capitals','Capital One Arena','WSH','1974',18,6,24,1),
(16,'Chicago Blackhawks','United Center','CHI','1926',16,5,11,1),
(17,'Detroit Red Wings','Little Caesars Arena','DET','1926',17,6,12,1),
(18,'Nashville Predators','Bridgestone Arena','NSH','1997',16,5,34,1),
(19,'St. Louis Blues','Enterprise Center','STL','1967',16,5,18,1),
(20,'Calgary Flames','Scotiabank Saddledome','CGY','1980',15,5,21,1),
(21,'Colorado Avalanche','Ball Arena','COL','1979',16,5,27,1),
(22,'Edmonton Oilers','Rogers Place','EDM','1979',15,5,25,1),
(23,'Vancouver Canucks','Rogers Arena','VAN','1970',15,5,20,1),
(24,'Anaheim Ducks','Honda Center','ANA','1993',15,5,32,1),
(25,'Dallas Stars','American Airlines Center','DAL','1967',16,5,15,1),
(26,'Los Angeles Kings','Crypto.com Arena','LAK','1967',15,5,14,1),
(28,'San Jose Sharks','SAP Center at San Jose','SJS','1990',15,5,29,1),
(29,'Columbus Blue Jackets','Nationwide Arena','CBJ','1997',18,6,36,1),
(30,'Minnesota Wild','Xcel Energy Center','MIN','1997',16,5,37,1),
(52,'Winnipeg Jets','Canada Life Centre','WPG','2011',16,5,35,1),
(53,'Arizona Coyotes','Mullett Arena','ARI','1979',16,5,28,1),
(54,'Vegas Golden Knights','T-Mobile Arena','VGK','2016',15,5,38,1),
(55,'Seattle Kraken','Climate Pledge Arena','SEA','2021',15,5,39,1);
/*!40000 ALTER TABLE `Teams` ENABLE KEYS */;
UNLOCK TABLES;

--
-- Table structure for table `TeamsPlayers`
--

DROP TABLE IF EXISTS `TeamsPlayers`;
/*!40101 SET @saved_cs_client     = @@character_set_client */;
/*!40101 SET character_set_client = utf8 */;
CREATE TABLE `TeamsPlayers` (
  `teamId` int(11) unsigned NOT NULL,
  `playerId` int(11) unsigned NOT NULL,
  PRIMARY KEY (`teamId`,`playerId`)
) ENGINE=InnoDB DEFAULT CHARSET=utf8mb4 COLLATE=utf8mb4_general_ci;
/*!40101 SET character_set_client = @saved_cs_client */;

--
-- Dumping data for table `TeamsPlayers`
--

LOCK TABLES `TeamsPlayers` WRITE;
/*!40000 ALTER TABLE `TeamsPlayers` DISABLE KEYS */;
INSERT INTO `TeamsPlayers` VALUES
(1,8474090),
(1,8475287),
(1,8475413),
(1,8475726),
(1,8476292),
(1,8476462),
(1,8476525),
(1,8476919),
(1,8477508),
(1,8477931),
(1,8477970),
(1,8478399),
(1,8478414),
(1,8478507),
(1,8478902),
(1,8479304),
(1,8479407),
(1,8479414),
(1,8479415),
(1,8479984),
(1,8480002),
(1,8480032),
(1,8480860),
(1,8481033),
(1,8481518),
(1,8481536),
(1,8481559),
(1,8481583),
(1,8481701),
(1,8481740),
(1,8482076),
(1,8482110),
(1,8482125),
(1,8482684),
(1,8482714),
(1,8482873),
(1,8483426),
(1,8483439),
(1,8483495),
(1,8483531),
(2,8473504),
(2,8473575),
(2,8474709),
(2,8475151),
(2,8475231),
(2,8475314),
(2,8475754),
(2,8476419),
(2,8476429),
(2,8476917),
(2,8476983),
(2,8477314),
(2,8477392),
(2,8477500),
(2,8477506),
(2,8477527),
(2,8478009),
(2,8478115),
(2,8478445),
(2,8478965),
(2,8479328),
(2,8479395),
(2,8479526),
(2,8480071),
(2,8480222),
(2,8480242),
(2,8480306),
(2,8480789),
(2,8480819),
(2,8480865),
(2,8480901),
(2,8481014),
(2,8481016),
(2,8481237),
(2,8481541),
(2,8481601),
(2,8481666),
(2,8482207),
(2,8482668),
(2,8482882),
(2,8483062),
(2,8483104),
(2,8483498),
(2,8484262),
(2,8484263),
(3,8471218),
(3,8471734),
(3,8474009),
(3,8474062),
(3,8475184),
(3,8475752),
(3,8475839),
(3,8475968),
(3,8476389),
(3,8476459),
(3,8476505),
(3,8476624),
(3,8476885),
(3,8476918),
(3,8476979),
(3,8477320),
(3,8477380),
(3,8477433),
(3,8477522),
(3,8478048),
(3,8478550),
(3,8479323),
(3,8479324),
(3,8479991),
(3,8480078),
(3,8480439),
(3,8480817),
(3,8480834),
(3,8481015),
(3,8481525),
(3,8481548),
(3,8481554),
(3,8481708),
(3,8481726),
(3,8482067),
(3,8482073),
(3,8482109),
(3,8482132),
(3,8482157),
(3,8482193),
(3,8482460),
(3,8482656),
(3,8482747),
(3,8482869),
(3,8483407),
(3,8483486),
(3,8483550),
(3,8483669),
(4,8471686),
(4,8474715),
(4,8475176),
(4,8475235),
(4,8476372),
(4,8476461),
(4,8476872),
(4,8477361),
(4,8477499),
(4,8477903),
(4,8477948),
(4,8478433),
(4,8478439),
(4,8479322),
(4,8479376),
(4,8479394),
(4,8479550),
(4,8479587),
(4,8480015),
(4,8480068),
(4,8480220),
(4,8480336),
(4,8480797),
(4,8481035),
(4,8481178),
(4,8481546),
(5,8470604),
(5,8471215),
(5,8471675),
(5,8471724),
(5,8474189),
(5,8474578),
(5,8475191),
(5,8475810),
(5,8476166),
(5,8476433),
(5,8476442),
(5,8476443),
(5,8476483),
(5,8476994),
(5,8477244),
(5,8477341),
(5,8477355),
(5,8477404),
(5,8477435),
(5,8477465),
(5,8477968),
(5,8477969),
(5,8478569),
(5,8478854),
(5,8479423),
(5,8479514),
(5,8479533),
(5,8480058),
(5,8480883),
(5,8481030),
(5,8481526),
(5,8481549),
(5,8482055),
(5,8482241),
(5,8482446),
(5,8482449),
(5,8482456),
(5,8482801),
(5,8483000),
(5,8483394),
(5,8483401),
(5,8483503),
(5,8483535),
(6,8473419),
(6,8473473),
(6,8474031),
(6,8474037),
(6,8475745),
(6,8475762),
(6,8476854),
(6,8476891),
(6,8476999),
(6,8477126),
(6,8477887),
(6,8477956),
(6,8478401),
(6,8478409),
(6,8478415),
(6,8478421),
(6,8478443),
(6,8478450),
(6,8478498),
(6,8479252),
(6,8479325),
(6,8479365),
(6,8479546),
(6,8479987),
(6,8480003),
(6,8480022),
(6,8480054),
(6,8480070),
(6,8480280),
(6,8480356),
(6,8480828),
(6,8480831),
(6,8480838),
(6,8480880),
(6,8481556),
(6,8481558),
(6,8481866),
(6,8482479),
(6,8482511),
(6,8482739),
(6,8482763),
(6,8482893),
(6,8483397),
(6,8483505),
(6,8483548),
(6,8483567),
(7,8473446),
(7,8473449),
(7,8474682),
(7,8475784),
(7,8476878),
(7,8477365),
(7,8477480),
(7,8477949),
(7,8478109),
(7,8478413),
(7,8478863),
(7,8479348),
(7,8479370),
(7,8479388),
(7,8479419),
(7,8479420),
(7,8479602),
(7,8479999),
(7,8480035),
(7,8480045),
(7,8480196),
(7,8480261),
(7,8480807),
(7,8480839),
(7,8481522),
(7,8481528),
(7,8481564),
(7,8481722),
(7,8481751),
(7,8482061),
(7,8482097),
(7,8482175),
(7,8482179),
(7,8482221),
(7,8482445),
(7,8482671),
(7,8482697),
(7,8482746),
(7,8482765),
(7,8482896),
(7,8482916),
(7,8483468),
(7,8483496),
(7,8483500),
(7,8483512),
(7,8483732),
(7,8484145),
(8,8474596),
(8,8475227),
(8,8475233),
(8,8475848),
(8,8476469),
(8,8476875),
(8,8476981),
(8,8477497),
(8,8477544),
(8,8477989),
(8,8478133),
(8,8478470),
(8,8479193),
(8,8479543),
(8,8480018),
(8,8480051),
(8,8480072),
(8,8480184),
(8,8480192),
(8,8480814),
(8,8480887),
(8,8481058),
(8,8481093),
(8,8481442),
(8,8481523),
(8,8481540),
(8,8481593),
(8,8481594),
(8,8481618),
(8,8481794),
(8,8482081),
(8,8482087),
(8,8482111),
(8,8482476),
(8,8482487),
(8,8482733),
(8,8482749),
(8,8482806),
(8,8482828),
(8,8482964),
(8,8483424),
(8,8483488),
(8,8483515),
(8,8483549),
(9,8473512),
(9,8474612),
(9,8475765),
(9,8476341),
(9,8476914),
(9,8477330),
(9,8477471),
(9,8477680),
(9,8478078),
(9,8478146),
(9,8478147),
(9,8478469),
(9,8478472),
(9,8478491),
(9,8479345),
(9,8479516),
(9,8479772),
(9,8480064),
(9,8480073),
(9,8480208),
(9,8480355),
(9,8480448),
(9,8480801),
(9,8480867),
(9,8480879),
(9,8481065),
(9,8481133),
(9,8481544),
(9,8481575),
(9,8481679),
(9,8482092),
(9,8482095),
(9,8482105),
(9,8482116),
(9,8482131),
(9,8482162),
(9,8482245),
(9,8482447),
(9,8482458),
(9,8482674),
(9,8482859),
(9,8483435),
(9,8483683),
(9,8484314),
(9,8484321),
(10,8470966),
(10,8471817),
(10,8474162),
(10,8474673),
(10,8474889),
(10,8475160),
(10,8475166),
(10,8475714),
(10,8475906),
(10,8476853),
(10,8476899),
(10,8476931),
(10,8477479),
(10,8477503),
(10,8477939),
(10,8478021),
(10,8478043),
(10,8478483),
(10,8478492),
(10,8479318),
(10,8479320),
(10,8479361),
(10,8479580),
(10,8479975),
(10,8479982),
(10,8480043),
(10,8480144),
(10,8480995),
(10,8481582),
(10,8481614),
(10,8481720),
(10,8482130),
(10,8482158),
(10,8482174),
(10,8482259),
(10,8482488),
(10,8482525),
(10,8482634),
(10,8482720),
(10,8482880),
(10,8482940),
(10,8483489),
(10,8483546),
(10,8483566),
(10,8483710),
(10,8484158),
(12,8470613),
(12,8473533),
(12,8475200),
(12,8475855),
(12,8475883),
(12,8476474),
(12,8476869),
(12,8476882),
(12,8476921),
(12,8476958),
(12,8477293),
(12,8477488),
(12,8477950),
(12,8477962),
(12,8478047),
(12,8478427),
(12,8478452),
(12,8478970),
(12,8479639),
(12,8480039),
(12,8480829),
(12,8480830),
(12,8480835),
(12,8481562),
(12,8481576),
(12,8481579),
(12,8481611),
(12,8481615),
(12,8481677),
(12,8482080),
(12,8482093),
(12,8482102),
(12,8482187),
(12,8482785),
(12,8483560),
(12,8484293),
(13,8474610),
(13,8475171),
(13,8475179),
(13,8475683),
(13,8476393),
(13,8476422),
(13,8476932),
(13,8477409),
(13,8477493),
(13,8477932),
(13,8477933),
(13,8477935),
(13,8477986),
(13,8478055),
(13,8478542),
(13,8478831),
(13,8478859),
(13,8478904),
(13,8479066),
(13,8479314),
(13,8479335),
(13,8479367),
(13,8479372),
(13,8479523),
(13,8479578),
(13,8479933),
(13,8480185),
(13,8480384),
(13,8481206),
(13,8481519),
(13,8481795),
(13,8482088),
(13,8482098),
(13,8482107),
(13,8482113),
(13,8482641),
(13,8482713),
(13,8482734),
(13,8483687),
(13,8483878),
(13,8484271),
(13,8484304),
(13,8484372),
(14,8474564),
(14,8474567),
(14,8475167),
(14,8475177),
(14,8476326),
(14,8476453),
(14,8476822),
(14,8476883),
(14,8477035),
(14,8477426),
(14,8477839),
(14,8477938),
(14,8477992),
(14,8478010),
(14,8478178),
(14,8478416),
(14,8478519),
(14,8479026),
(14,8479366),
(14,8479410),
(14,8479413),
(14,8479542),
(14,8479591),
(14,8479661),
(14,8479718),
(14,8480246),
(14,8480863),
(14,8481719),
(14,8482070),
(14,8482090),
(14,8482144),
(14,8482168),
(14,8482201),
(14,8482440),
(14,8482454),
(14,8482693),
(14,8482929),
(14,8483102),
(14,8483398),
(14,8483408),
(14,8483437),
(14,8484325),
(15,8471214),
(15,8471698),
(15,8473563),
(15,8474157),
(15,8474590),
(15,8475311),
(15,8475324),
(15,8475343),
(15,8475744),
(15,8476441),
(15,8476880),
(15,8477511),
(15,8477845),
(15,8477947),
(15,8477979),
(15,8478440),
(15,8479292),
(15,8480796),
(15,8480823),
(15,8480873),
(15,8481656),
(15,8482639),
(15,8483573),
(15,8483920),
(16,8470621),
(16,8473422),
(16,8474870),
(16,8475791),
(16,8475797),
(16,8475852),
(16,8476278),
(16,8476473),
(16,8476960),
(16,8477450),
(16,8477495),
(16,8477987),
(16,8478224),
(16,8478881),
(16,8479315),
(16,8479383),
(16,8479390),
(16,8479458),
(16,8480025),
(16,8480252),
(16,8480328),
(16,8480798),
(16,8481147),
(16,8481568),
(16,8481588),
(16,8481616),
(16,8481806),
(16,8482082),
(16,8482117),
(16,8482123),
(16,8482176),
(16,8482192),
(16,8482635),
(16,8482700),
(16,8482703),
(16,8482807),
(16,8482821),
(16,8482903),
(16,8483453),
(16,8483466),
(16,8483480),
(16,8483530),
(16,8483619),
(16,8483677),
(16,8484144),
(17,8473503),
(17,8473507),
(17,8474102),
(17,8475279),
(17,8475718),
(17,8476874),
(17,8476906),
(17,8477429),
(17,8477456),
(17,8477946),
(17,8477952),
(17,8478013),
(17,8478024),
(17,8478432),
(17,8478466),
(17,8478512),
(17,8479312),
(17,8479337),
(17,8479364),
(17,8479588),
(17,8479644),
(17,8479992),
(17,8480011),
(17,8480813),
(17,8481013),
(17,8481479),
(17,8481542),
(17,8481587),
(17,8481607),
(17,8481725),
(17,8482078),
(17,8482163),
(17,8482171),
(17,8482571),
(17,8482762),
(17,8482802),
(17,8483464),
(17,8483695),
(17,8484107),
(17,8484160),
(18,8474151),
(18,8474568),
(18,8474600),
(18,8474679),
(18,8475158),
(18,8475197),
(18,8475857),
(18,8476873),
(18,8476887),
(18,8476925),
(18,8477234),
(18,8477424),
(18,8477446),
(18,8477981),
(18,8478074),
(18,8478438),
(18,8478468),
(18,8478495),
(18,8478508),
(18,8478851),
(18,8479371),
(18,8479996),
(18,8480748),
(18,8480913),
(18,8480947),
(18,8481056),
(18,8481061),
(18,8481577),
(18,8481585),
(18,8481704),
(18,8482062),
(18,8482091),
(18,8482137),
(18,8482146),
(18,8482742),
(18,8482768),
(18,8482808),
(18,8483465),
(18,8483513),
(18,8483879),
(18,8484187),
(18,8484196),
(19,8474145),
(19,8474618),
(19,8475170),
(19,8475181),
(19,8475753),
(19,8475763),
(19,8476412),
(19,8476438),
(19,8476792),
(19,8476876),
(19,8476892),
(19,8476897),
(19,8476907),
(19,8477402),
(19,8477573),
(19,8477944),
(19,8477953),
(19,8477972),
(19,8478104),
(19,8478874),
(19,8479385),
(19,8480023),
(19,8480157),
(19,8480281),
(19,8480293),
(19,8480981),
(19,8481006),
(19,8481059),
(19,8481589),
(19,8482089),
(19,8482784),
(19,8483061),
(19,8484114),
(19,8484164),
(19,8484316),
(20,8474150),
(20,8474593),
(20,8475172),
(20,8475690),
(20,8476399),
(20,8476456),
(20,8477346),
(20,8477496),
(20,8477507),
(20,8477851),
(20,8478211),
(20,8478233),
(20,8478396),
(20,8478397),
(20,8478435),
(20,8478502),
(20,8479346),
(20,8480008),
(20,8480404),
(20,8481068),
(20,8481592),
(20,8481692),
(20,8482066),
(20,8482652),
(20,8482679),
(20,8482766),
(20,8484180),
(21,8471677),
(21,8471699),
(21,8475793),
(21,8476312),
(21,8476779),
(21,8477073),
(21,8477425),
(21,8477476),
(21,8477492),
(21,8477494),
(21,8477501),
(21,8478028),
(21,8478038),
(21,8478420),
(21,8478867),
(21,8479362),
(21,8479398),
(21,8479525),
(21,8480069),
(21,8480244),
(21,8480382),
(21,8480846),
(21,8480925),
(21,8481186),
(21,8481461),
(21,8481524),
(21,8481654),
(21,8482072),
(21,8482147),
(21,8482250),
(21,8483569),
(21,8483570),
(21,8484255),
(21,8484258),
(21,8484259),
(22,8475169),
(22,8475218),
(22,8475717),
(22,8475786),
(22,8475789),
(22,8476454),
(22,8476879),
(22,8476967),
(22,8477015),
(22,8477406),
(22,8477498),
(22,8477934),
(22,8477998),
(22,8478402),
(22,8478585),
(22,8478967),
(22,8479338),
(22,8479416),
(22,8479465),
(22,8479576),
(22,8479973),
(22,8480202),
(22,8480802),
(22,8480803),
(22,8481598),
(22,8482077),
(22,8482704),
(22,8482706),
(22,8482902),
(22,8484127),
(23,8474013),
(23,8474574),
(23,8475625),
(23,8476468),
(23,8476858),
(23,8476871),
(23,8476927),
(23,8477359),
(23,8477369),
(23,8477484),
(23,8477967),
(23,8478057),
(23,8478444),
(23,8478454),
(23,8478463),
(23,8478465),
(23,8478846),
(23,8478856),
(23,8479313),
(23,8479425),
(23,8480012),
(23,8480021),
(23,8480056),
(23,8480326),
(23,8480459),
(23,8480800),
(23,8480808),
(23,8480872),
(23,8481024),
(23,8481535),
(23,8481617),
(23,8481624),
(23,8481668),
(23,8481683),
(23,8482496),
(23,8482691),
(23,8482865),
(23,8482918),
(23,8483039),
(23,8483395),
(23,8483467),
(23,8483808),
(23,8484136),
(23,8484254),
(23,8484268),
(23,8484287),
(24,8471774),
(24,8473986),
(24,8474641),
(24,8475164),
(24,8475462),
(24,8475764),
(24,8475842),
(24,8476434),
(24,8476458),
(24,8476934),
(24,8476953),
(24,8477462),
(24,8478029),
(24,8478366),
(24,8478446),
(24,8478841),
(24,8478873),
(24,8479368),
(24,8480001),
(24,8480806),
(24,8480816),
(24,8480843),
(24,8480870),
(24,8480950),
(24,8481517),
(24,8481530),
(24,8481533),
(24,8481538),
(24,8481563),
(24,8481605),
(24,8481754),
(24,8482142),
(24,8482150),
(24,8482477),
(24,8482682),
(24,8482731),
(24,8482745),
(24,8482803),
(24,8482925),
(24,8482936),
(24,8483444),
(24,8483490),
(24,8483521),
(24,8483630),
(24,8484110),
(24,8484153),
(25,8470600),
(25,8470794),
(25,8473994),
(25,8474149),
(25,8475168),
(25,8475225),
(25,8475755),
(25,8475794),
(25,8475809),
(25,8475825),
(25,8476884),
(25,8476889),
(25,8476902),
(25,8477810),
(25,8478449),
(25,8478975),
(25,8479351),
(25,8479381),
(25,8479518),
(25,8479979),
(25,8480027),
(25,8480036),
(25,8480060),
(25,8480840),
(25,8480848),
(25,8480878),
(25,8480988),
(25,8481581),
(25,8481712),
(25,8482051),
(25,8482120),
(25,8482145),
(25,8482465),
(25,8482695),
(25,8482702),
(25,8482740),
(25,8482891),
(25,8483059),
(25,8483425),
(25,8483470),
(25,8483514),
(25,8483575),
(25,8483799),
(25,8484124),
(26,8471685),
(26,8473453),
(26,8474563),
(26,8475246),
(26,8475660),
(26,8476479),
(26,8477463),
(26,8477831),
(26,8477942),
(26,8477960),
(26,8477971),
(26,8478042),
(26,8478173),
(26,8478176),
(26,8478882),
(26,8478911),
(26,8479336),
(26,8479400),
(26,8479421),
(26,8479496),
(26,8479573),
(26,8479675),
(26,8479994),
(26,8479998),
(26,8481051),
(26,8481481),
(26,8481560),
(26,8481600),
(26,8481606),
(26,8481707),
(26,8481732),
(26,8482124),
(26,8482155),
(26,8482726),
(26,8482748),
(26,8484163),
(28,8471709),
(28,8474053),
(28,8474884),
(28,8475798),
(28,8476881),
(28,8476988),
(28,8477149),
(28,8477335),
(28,8477407),
(28,8477846),
(28,8478039),
(28,8478067),
(28,8478099),
(28,8478406),
(28,8479309),
(28,8479316),
(28,8479379),
(28,8479439),
(28,8479983),
(28,8480160),
(28,8480172),
(28,8480188),
(28,8480199),
(28,8480216),
(28,8480219),
(28,8480821),
(28,8480992),
(28,8481477),
(28,8481537),
(28,8481567),
(28,8481812),
(28,8482086),
(28,8482101),
(28,8482103),
(28,8482133),
(28,8482166),
(28,8482181),
(28,8482197),
(28,8482206),
(28,8482222),
(28,8482667),
(28,8482824),
(28,8482927),
(28,8482934),
(28,8483618),
(28,8484176),
(28,8484312),
(28,8484313),
(29,8475790),
(29,8476346),
(29,8476374),
(29,8476432),
(29,8476867),
(29,8476923),
(29,8478007),
(29,8478458),
(29,8478460),
(29,8478500),
(29,8479339),
(29,8479369),
(29,8479402),
(29,8479671),
(29,8479941),
(29,8480193),
(29,8480205),
(29,8480292),
(29,8480441),
(29,8480762),
(29,8480853),
(29,8480871),
(29,8480893),
(29,8481690),
(29,8481716),
(29,8482399),
(29,8482448),
(29,8482451),
(29,8482453),
(29,8482475),
(29,8482623),
(29,8482660),
(29,8482678),
(29,8482705),
(29,8482711),
(29,8482744),
(29,8482982),
(29,8483045),
(29,8483432),
(29,8483460),
(29,8483485),
(29,8483565),
(29,8483620),
(29,8483688),
(29,8483869),
(29,8484125),
(29,8484166),
(30,8470594),
(30,8471274),
(30,8474034),
(30,8474716),
(30,8475149),
(30,8475220),
(30,8475692),
(30,8475750),
(30,8476463),
(30,8477451),
(30,8477919),
(30,8478136),
(30,8478493),
(30,8478864),
(30,8479406),
(30,8479520),
(30,8479968),
(30,8480884),
(30,8480980),
(30,8481422),
(30,8481545),
(30,8481557),
(30,8481738),
(30,8482122),
(30,8482661),
(52,8475455),
(52,8475799),
(52,8476316),
(52,8476331),
(52,8476392),
(52,8476460),
(52,8476480),
(52,8476945),
(52,8477085),
(52,8477220),
(52,8477504),
(52,8477940),
(52,8478398),
(52,8478476),
(52,8478891),
(52,8479378),
(52,8479536),
(52,8479705),
(52,8480014),
(52,8480049),
(52,8480113),
(52,8480145),
(52,8480289),
(52,8480420),
(52,8480845),
(52,8481019),
(52,8481547),
(52,8481552),
(52,8481695),
(52,8482139),
(52,8482149),
(52,8482408),
(52,8482459),
(52,8482780),
(52,8482787),
(52,8482920),
(52,8483471),
(52,8483510),
(52,8483526),
(52,8483579),
(52,8483711),
(52,8484135),
(53,8474000),
(53,8475722),
(53,8475760),
(53,8476329),
(53,8476856),
(53,8477021),
(53,8477070),
(53,8477384),
(53,8477482),
(53,8477951),
(53,8477993),
(53,8478408),
(53,8478474),
(53,8478872),
(53,8478971),
(53,8479343),
(53,8479442),
(53,8479561),
(53,8479619),
(53,8479976),
(53,8480191),
(53,8480434),
(53,8480849),
(53,8480855),
(53,8480876),
(53,8481077),
(53,8481159),
(53,8481699),
(53,8481711),
(53,8482655),
(53,8482659),
(53,8482699),
(53,8483431),
(53,8483763),
(53,8484326),
(54,8474166),
(54,8474565),
(54,8475188),
(54,8475913),
(54,8476448),
(54,8476539),
(54,8476905),
(54,8477018),
(54,8477419),
(54,8477447),
(54,8477478),
(54,8477964),
(54,8478020),
(54,8478403),
(54,8478434),
(54,8478462),
(54,8478499),
(54,8479353),
(54,8479980),
(54,8480238),
(54,8480313),
(54,8480727),
(54,8480776),
(54,8481032),
(54,8481167),
(54,8481613),
(54,8481664),
(54,8482138),
(54,8482484),
(54,8482624),
(54,8482688),
(54,8482724),
(54,8483511),
(54,8483829),
(55,8474586),
(55,8474602),
(55,8475208),
(55,8475768),
(55,8475831),
(55,8476323),
(55,8476457),
(55,8476467),
(55,8476826),
(55,8476941),
(55,8477034),
(55,8477401),
(55,8477416),
(55,8477444),
(55,8477505),
(55,8477930),
(55,8477955),
(55,8478407),
(55,8478840),
(55,8478848),
(55,8478888),
(55,8478916),
(55,8479293),
(55,8479977),
(55,8479985),
(55,8480009),
(55,8480226),
(55,8480869),
(55,8481486),
(55,8481789),
(55,8482665),
(55,8482751),
(55,8482858),
(55,8482866),
(55,8482874),
(55,8483012),
(55,8483043),
(55,8483442),
(55,8483449),
(55,8483494),
(55,8483524),
(55,8483599),
(55,8483635),
(55,8484222);
/*!40000 ALTER TABLE `TeamsPlayers` ENABLE KEYS */;
UNLOCK TABLES;
/*!40103 SET TIME_ZONE=@OLD_TIME_ZONE */;

/*!40101 SET SQL_MODE=@OLD_SQL_MODE */;
/*!40014 SET FOREIGN_KEY_CHECKS=@OLD_FOREIGN_KEY_CHECKS */;
/*!40014 SET UNIQUE_CHECKS=@OLD_UNIQUE_CHECKS */;
/*!40101 SET CHARACTER_SET_CLIENT=@OLD_CHARACTER_SET_CLIENT */;
/*!40101 SET CHARACTER_SET_RESULTS=@OLD_CHARACTER_SET_RESULTS */;
/*!40101 SET COLLATION_CONNECTION=@OLD_COLLATION_CONNECTION */;
/*!40111 SET SQL_NOTES=@OLD_SQL_NOTES */;

-- Dump completed on 2023-10-13 19:52:05
