-- MariaDB dump 10.19-11.0.2-MariaDB, for osx10.18 (arm64)
--
-- Host: localhost    Database: hockeydata
-- ------------------------------------------------------
-- Server version	11.0.2-MariaDB

/*!40101 SET @OLD_CHARACTER_SET_CLIENT=@@CHARACTER_SET_CLIENT */;
/*!40101 SET @OLD_CHARACTER_SET_RESULTS=@@CHARACTER_SET_RESULTS */;
/*!40101 SET @OLD_COLLATION_CONNECTION=@@COLLATION_CONNECTION */;
/*!40101 SET NAMES utf8mb4 */;
/*!40103 SET @OLD_TIME_ZONE=@@TIME_ZONE */;
/*!40103 SET TIME_ZONE='+00:00' */;
/*!40014 SET @OLD_UNIQUE_CHECKS=@@UNIQUE_CHECKS, UNIQUE_CHECKS=0 */;
/*!40014 SET @OLD_FOREIGN_KEY_CHECKS=@@FOREIGN_KEY_CHECKS, FOREIGN_KEY_CHECKS=0 */;
/*!40101 SET @OLD_SQL_MODE=@@SQL_MODE, SQL_MODE='NO_AUTO_VALUE_ON_ZERO' */;
/*!40111 SET @OLD_SQL_NOTES=@@SQL_NOTES, SQL_NOTES=0 */;

--
-- Table structure for table `LeagueConferences`
--

DROP TABLE IF EXISTS `LeagueConferences`;
/*!40101 SET @saved_cs_client     = @@character_set_client */;
/*!40101 SET character_set_client = utf8 */;
CREATE TABLE `LeagueConferences` (
  `id` int(11) unsigned NOT NULL AUTO_INCREMENT,
  PRIMARY KEY (`id`)
) ENGINE=InnoDB DEFAULT CHARSET=utf8mb4 COLLATE=utf8mb4_general_ci;
/*!40101 SET character_set_client = @saved_cs_client */;

--
-- Dumping data for table `LeagueConferences`
--

LOCK TABLES `LeagueConferences` WRITE;
/*!40000 ALTER TABLE `LeagueConferences` DISABLE KEYS */;
/*!40000 ALTER TABLE `LeagueConferences` ENABLE KEYS */;
UNLOCK TABLES;

--
-- Table structure for table `LeagueDivisions`
--

DROP TABLE IF EXISTS `LeagueDivisions`;
/*!40101 SET @saved_cs_client     = @@character_set_client */;
/*!40101 SET character_set_client = utf8 */;
CREATE TABLE `LeagueDivisions` (
  `id` int(11) unsigned NOT NULL AUTO_INCREMENT,
  PRIMARY KEY (`id`)
) ENGINE=InnoDB DEFAULT CHARSET=utf8mb4 COLLATE=utf8mb4_general_ci;
/*!40101 SET character_set_client = @saved_cs_client */;

--
-- Dumping data for table `LeagueDivisions`
--

LOCK TABLES `LeagueDivisions` WRITE;
/*!40000 ALTER TABLE `LeagueDivisions` DISABLE KEYS */;
/*!40000 ALTER TABLE `LeagueDivisions` ENABLE KEYS */;
UNLOCK TABLES;

--
-- Table structure for table `LeagueFranchises`
--

DROP TABLE IF EXISTS `LeagueFranchises`;
/*!40101 SET @saved_cs_client     = @@character_set_client */;
/*!40101 SET character_set_client = utf8 */;
CREATE TABLE `LeagueFranchises` (
  `id` int(11) unsigned NOT NULL AUTO_INCREMENT,
  PRIMARY KEY (`id`)
) ENGINE=InnoDB DEFAULT CHARSET=utf8mb4 COLLATE=utf8mb4_general_ci;
/*!40101 SET character_set_client = @saved_cs_client */;

--
-- Dumping data for table `LeagueFranchises`
--

LOCK TABLES `LeagueFranchises` WRITE;
/*!40000 ALTER TABLE `LeagueFranchises` DISABLE KEYS */;
/*!40000 ALTER TABLE `LeagueFranchises` ENABLE KEYS */;
UNLOCK TABLES;

--
-- Table structure for table `Players`
--

DROP TABLE IF EXISTS `Players`;
/*!40101 SET @saved_cs_client     = @@character_set_client */;
/*!40101 SET character_set_client = utf8 */;
CREATE TABLE `Players` (
  `id` int(11) unsigned NOT NULL AUTO_INCREMENT,
  `firstName` text DEFAULT NULL,
  `lastName` text DEFAULT NULL,
  `primaryNumber` int(11) DEFAULT NULL,
  `birthYear` int(11) DEFAULT NULL,
  `birthMonth` int(11) DEFAULT NULL,
  `birthDay` int(11) DEFAULT NULL,
  `birthCity` text DEFAULT NULL,
  `birthProvince` text DEFAULT NULL,
  `birthCountry` text DEFAULT NULL,
  `height` text DEFAULT NULL,
  `weight` int(11) DEFAULT NULL,
  `active` tinyint(1) DEFAULT NULL,
  `shoot` text DEFAULT NULL,
  `rookie` tinyint(1) DEFAULT NULL,
  `teamId` int(11) DEFAULT NULL,
  `positionCode` tinytext DEFAULT NULL,
  PRIMARY KEY (`id`)
) ENGINE=InnoDB AUTO_INCREMENT=8484145 DEFAULT CHARSET=utf8mb4 COLLATE=utf8mb4_general_ci;
/*!40101 SET character_set_client = @saved_cs_client */;

--
-- Dumping data for table `Players`
--

LOCK TABLES `Players` WRITE;
/*!40000 ALTER TABLE `Players` DISABLE KEYS */;
INSERT INTO `Players` VALUES
(8470594,'Marc-Andre','Fleury',29,1984,11,28,'Sorel','QC','CAN','6\' 2\"',185,1,'L',0,30,'G'),
(8471274,'Alex','Goligoski',33,1985,7,30,'Grand Rapids','MN','USA','5\' 11\"',173,1,'L',0,30,'D'),
(8473419,'Brad','Marchand',63,1988,5,11,'Halifax','NS','CAN','5\' 9\"',176,1,'L',0,6,'L'),
(8474034,'Pat','Maroon',20,1988,4,23,'St. Louis','MO','USA','6\' 3\"',234,1,'L',0,30,'L'),
(8474090,'Brendan','Smith',2,1989,2,8,'Mimico','ON','CAN','6\' 2\"',200,1,'L',0,1,'D'),
(8474564,'Steven','Stamkos',91,1990,2,7,'Markham','ON','CAN','6\' 0\"',182,1,'R',0,14,'C'),
(8474590,'John','Carlson',74,1990,1,10,'Natick','MA','USA','6\' 3\"',215,1,'R',0,15,'D'),
(8474596,'Jake','Allen',34,1990,8,7,'Fredericton','NB','CAN','6\' 2\"',195,1,'L',0,8,'G'),
(8474716,'Jared','Spurgeon',46,1989,11,29,'Edmonton','AB','CAN','5\' 9\"',166,1,'R',0,30,'D'),
(8475149,'Marcus','Johansson',90,1990,10,6,'Landskrona',NULL,'SWE','6\' 1\"',203,1,'L',0,30,'L'),
(8475169,'Evander','Kane',91,1991,8,2,'Vancouver','BC','CAN','6\' 2\"',210,1,'L',0,22,'L'),
(8475218,'Mattias','Ekholm',14,1990,5,24,'Borlange',NULL,'SWE','6\' 4\"',215,1,'L',0,22,'D'),
(8475220,'Marcus','Foligno',17,1991,8,10,'Buffalo','NY','USA','6\' 3\"',226,1,'L',0,30,'L'),
(8475227,'Chris','Wideman',6,1990,1,7,'St. Louis','MO','USA','5\' 10\"',181,1,'R',0,8,'D'),
(8475233,'David','Savard',58,1990,10,22,'St-Hyacinthe','QC','CAN','6\' 1\"',235,1,'R',0,8,'D'),
(8475287,'Erik','Haula',56,1991,3,23,'Pori',NULL,'FIN','5\' 11\"',191,1,'L',0,1,'L'),
(8475692,'Mats','Zuccarello',36,1987,9,1,'Oslo',NULL,'NOR','5\' 8\"',181,1,'L',0,30,'R'),
(8475717,'Calvin','Pickard',30,1992,4,15,'Moncton','NB','CAN','6\' 1\"',210,1,'L',0,22,'G'),
(8475726,'Tyler','Toffoli',73,1992,4,24,'Scarborough','ON','CAN','6\' 0\"',203,1,'R',0,1,'R'),
(8475750,'Jon','Merrill',4,1992,2,3,'Oklahoma City','OK','USA','6\' 3\"',204,1,'L',0,30,'D'),
(8475786,'Zach','Hyman',18,1992,6,9,'Toronto','ON','CAN','6\' 1\"',211,1,'R',0,22,'L'),
(8475789,'Jack','Campbell',36,1992,1,9,'Port Huron','MI','USA','6\' 3\"',207,1,'L',0,22,'G'),
(8475848,'Brendan','Gallagher',11,1992,5,6,'Edmonton','AB','CAN','5\' 9\"',186,1,'R',0,8,'R'),
(8476292,'Ondrej','Palat',18,1991,3,28,'Frydek-Mistek',NULL,'CZE','6\' 0\"',194,1,'L',0,1,'L'),
(8476454,'Ryan','Nugent-Hopkins',93,1993,4,12,'Burnaby','BC','CAN','6\' 0\"',195,1,'L',0,22,'C'),
(8476462,'Dougie','Hamilton',7,1993,6,17,'Toronto','ON','CAN','6\' 6\"',230,1,'R',0,1,'D'),
(8476463,'Jonas','Brodin',25,1993,7,12,'Karlstad',NULL,'SWE','6\' 2\"',196,1,'L',0,30,'D'),
(8476469,'Joel','Armia',40,1993,5,31,'Pori',NULL,'FIN','6\' 3\"',216,1,'R',0,8,'R'),
(8476525,'Colin','Miller',24,1992,10,29,'Sault Ste. Marie','ON','CAN','6\' 1\"',200,1,'R',0,1,'D'),
(8476539,'Jonathan','Marchessault',81,1990,12,27,'Cap-Rouge','QC','CAN','5\' 9\"',183,1,'R',0,54,'R'),
(8476871,'Tanner','Pearson',70,1992,8,10,'Kitchener','ON','CAN','6\' 1\"',207,1,'L',0,8,'L'),
(8476875,'Mike','Matheson',8,1994,2,27,'Pointe-Claire','QC','CAN','6\' 2\"',193,1,'L',0,8,'D'),
(8476879,'Cody','Ceci',5,1993,12,21,'Ottawa','ON','CAN','6\' 2\"',210,1,'R',0,22,'D'),
(8476919,'Chris','Tierney',11,1994,7,1,'Keswick','ON','CAN','6\' 1\"',191,1,'L',0,1,'C'),
(8476967,'Brett','Kulak',27,1994,1,6,'Edmonton','AB','CAN','6\' 1\"',197,1,'L',0,22,'D'),
(8476979,'Erik','Gustafsson',56,1992,3,14,'Nynashamn',NULL,'SWE','6\' 1\"',189,1,'L',0,3,'D'),
(8476981,'Josh','Anderson',17,1994,5,7,'Burlington','ON','CAN','6\' 3\"',218,1,'R',0,8,'R'),
(8477015,'Connor','Brown',28,1994,1,14,'Toronto','ON','CAN','6\' 0\"',181,1,'R',0,22,'R'),
(8477406,'Mattias','Janmark',13,1992,12,8,'Danderyd',NULL,'SWE','6\' 1\"',205,1,'L',0,22,'C'),
(8477451,'Ryan','Hartman',38,1994,9,20,'Hilton Head Island','SC','USA','6\' 0\"',197,1,'R',0,30,'R'),
(8477494,'Jonathan','Drouin',27,1995,3,28,'Ste-Agathe','QC','CAN','5\' 11\"',198,1,'L',0,21,'L'),
(8477497,'Sean','Monahan',91,1994,10,12,'Brampton','ON','CAN','6\' 2\"',196,1,'L',0,8,'C'),
(8477498,'Darnell','Nurse',25,1995,2,4,'Hamilton','ON','CAN','6\' 4\"',221,1,'L',0,22,'D'),
(8477508,'Curtis','Lazar',42,1995,2,2,'Salmon Arm','BC','CAN','6\' 0\"',203,1,'R',0,1,'C'),
(8477541,'Dakota','Mermis',6,1994,1,5,'Alton','IL','USA','6\' 0\"',195,1,'L',0,30,'D'),
(8477544,'Philippe','Maillet',16,1992,11,7,'Lachenaie','QC','CAN','5\' 10\"',174,1,'L',0,8,'C'),
(8477919,'Frederick','Gaudreau',89,1993,5,1,'Bromont','QC','CAN','6\' 0\"',184,1,'R',0,30,'C'),
(8477931,'Tomas','Nosek',92,1992,9,1,'Pardubice',NULL,'CZE','6\' 3\"',205,1,'L',0,1,'L'),
(8477934,'Leon','Draisaitl',29,1995,10,27,'Cologne',NULL,'DEU','6\' 2\"',208,1,'L',0,22,'C'),
(8477967,'Thatcher','Demko',35,1995,12,8,'San Diego','CA','USA','6\' 4\"',192,1,'L',0,23,'G'),
(8477970,'Vitek','Vanecek',41,1996,1,9,'Havlickuv Brod',NULL,'CZE','6\' 2\"',184,1,'L',0,1,'G'),
(8477989,'Christian','Dvorak',28,1996,2,2,'Palos','IL','USA','6\' 1\"',193,1,'L',0,8,'C'),
(8477998,'Warren','Foegele',37,1996,4,1,'Markham','ON','CAN','6\' 2\"',198,1,'L',0,22,'L'),
(8478133,'Jake','Evans',71,1996,6,2,'Toronto','ON','CAN','6\' 0\"',186,1,'R',0,8,'C'),
(8478136,'Jake','Middleton',5,1996,1,2,'Wainwright','AB','CAN','6\' 3\"',219,1,'L',0,30,'D'),
(8478399,'Jonas','Siegenthaler',71,1997,5,6,'Zurich',NULL,'CHE','6\' 2\"',218,1,'L',0,1,'D'),
(8478402,'Connor','McDavid',97,1997,1,13,'Richmond Hill','ON','CAN','6\' 1\"',193,1,'L',0,22,'C'),
(8478414,'Timo','Meier',28,1996,10,8,'Herisau',NULL,'CHE','6\' 1\"',220,1,'L',0,1,'R'),
(8478470,'Sam','Montembeault',35,1996,10,30,'Becancour','QC','CAN','6\' 3\"',214,1,'L',0,8,'G'),
(8478493,'Joel','Eriksson Ek',14,1997,1,29,'Karlstad',NULL,'SWE','6\' 3\"',207,1,'L',0,30,'C'),
(8478507,'John','Marino',6,1997,5,21,'North Easton','MA','USA','6\' 1\"',181,1,'R',0,1,'D'),
(8478585,'Derek','Ryan',10,1986,12,29,'Spokane','WA','USA','5\' 10\"',185,1,'R',0,22,'C'),
(8478864,'Kirill','Kaprizov',97,1997,4,26,'Novokuznetsk',NULL,'RUS','5\' 10\"',202,1,'L',0,30,'L'),
(8478967,'Lane','Pederson',19,1997,8,4,'Saskatoon','SK','CAN','6\' 0\"',192,1,'R',0,22,'C'),
(8479193,'Casey','DeSmith',1,1991,8,13,'Rochester','NH','USA','6\' 0\"',181,1,'L',0,8,'G'),
(8479338,'Markus','Niemelainen',80,1998,6,8,'Kuopio',NULL,'FIN','6\' 6\"',190,1,'L',1,22,'D'),
(8479343,'Clayton','Keller',9,1998,7,29,'Chesterfield','MO','USA','5\' 10\"',178,1,'L',0,53,'R'),
(8479406,'Filip','Gustavsson',32,1998,6,7,'Skelleftea',NULL,'SWE','6\' 2\"',184,1,'L',0,30,'G'),
(8479407,'Jesper','Bratt',63,1998,7,30,'Stockholm',NULL,'SWE','5\' 10\"',175,1,'L',0,1,'L'),
(8479410,'Mikhail','Sergachev',98,1998,6,25,'Nizhnekamsk',NULL,'RUS','6\' 1\"',217,1,'L',0,14,'D'),
(8479414,'Nathan','Bastian',14,1997,12,6,'Kitchener','ON','CAN','6\' 4\"',205,1,'R',0,1,'R'),
(8479415,'Michael','McLeod',20,1998,2,3,'Mississauga','ON','CAN','6\' 2\"',190,1,'R',0,1,'C'),
(8479416,'Ben','Gleason',63,1998,3,25,'Ortonville','MI','USA','6\' 1\"',190,1,'L',1,22,'D'),
(8479465,'Drake','Caggiula',8,1994,6,20,'Pickering','ON','CAN','5\' 10\"',176,1,'L',0,22,'L'),
(8479520,'Brandon','Duhaime',21,1997,5,22,'Coral Springs','FL','USA','6\' 2\"',200,1,'L',0,30,'R'),
(8479543,'Michael','Pezzetta',55,1998,3,13,'Toronto','ON','CAN','6\' 1\"',210,1,'L',0,8,'L'),
(8479576,'Vincent','Desharnais',73,1996,5,29,'Laval','QC','CAN','6\' 6\"',215,1,'R',0,22,'D'),
(8479973,'Stuart','Skinner',74,1998,11,1,'Edmonton','AB','CAN','6\' 4\"',206,1,'L',1,22,'G'),
(8479984,'Cal','Foote',52,1998,12,13,'Denver','CO','USA','6\' 5\"',224,1,'R',0,1,'D'),
(8480002,'Nico','Hischier',13,1999,1,4,'Brig',NULL,'CHE','6\' 1\"',175,1,'L',0,1,'C'),
(8480018,'Nick','Suzuki',14,1999,8,10,'London','ON','CAN','5\' 11\"',208,1,'R',0,8,'C'),
(8480051,'Cayden','Primeau',30,1999,8,11,'Farmington Hills','MI','USA','6\' 2\"',199,1,'L',1,8,'G'),
(8480072,'Lias','Andersson',NULL,1998,10,13,'Smogen',NULL,'SWE','6\' 1\"',185,1,'L',0,8,'C'),
(8480184,'Gustav','Lindstrom',28,1998,10,20,'Ostervala',NULL,'SWE','6\' 2\"',186,1,'R',0,8,'D'),
(8480192,'Johnathan','Kovacevic',26,1997,7,12,'Hamilton','ON','CAN','6\' 4\"',208,1,'R',1,8,'D'),
(8480202,'Noel','Hoefenmayer',NULL,1999,1,6,'Toronto','ON','CAN','6\' 0\"',191,1,'L',1,22,'D'),
(8480382,'Alexandar','Georgiev',40,1996,2,10,'Ruse',NULL,'BGR','6\' 1\"',178,1,'L',0,21,'G'),
(8480802,'Ryan','McLeod',71,1999,9,21,'Mississauga','ON','CAN','6\' 2\"',207,1,'L',0,22,'C'),
(8480803,'Evan','Bouchard',2,1999,10,20,'Oakville','ON','CAN','6\' 3\"',194,1,'R',0,22,'D'),
(8480814,'Nicolas','Beaudin',92,1999,10,7,'Chateauguay','QC','CAN','5\' 11\"',168,1,'L',1,8,'D'),
(8480860,'Kevin','Bahl',88,2000,6,27,'New Westminster','BC','CAN','6\' 6\"',230,1,'L',0,1,'D'),
(8480884,'Calen','Addison',2,2000,4,11,'Brandon','MB','CAN','5\' 11\"',173,1,'R',0,30,'D'),
(8480887,'Jordan','Harris',54,2000,7,7,'Haverhill','MA','USA','5\' 11\"',189,1,'L',1,8,'D'),
(8480980,'Connor','Dewar',26,1999,6,26,'The Pas','MB','CAN','5\' 10\"',183,1,'L',0,30,'C'),
(8481033,'Akira','Schmid',40,2000,5,12,'Bern',NULL,'CHE','6\' 5\"',205,1,'L',0,1,'G'),
(8481058,'Jesse','Ylonen',56,1999,10,3,'Scottsdale','AZ','USA','6\' 1\"',188,1,'R',1,8,'R'),
(8481093,'Rafael','Harvey-Pinard',49,1999,1,6,'Saguenay','QC','CAN','5\' 9\"',181,1,'L',1,8,'L'),
(8481442,'Brady','Keeper',25,1996,6,5,'Cross Lake','MB','CAN','6\' 2\"',197,1,'R',0,8,'D'),
(8481523,'Kirby','Dach',77,2001,1,21,'Fort Saskatchewan','AB','CAN','6\' 4\"',212,1,'R',0,8,'C'),
(8481533,'Trevor','Zegras',11,2001,3,20,'Bedford','NY','USA','6\' 0\"',185,1,'L',0,24,'C'),
(8481540,'Cole','Caufield',22,2001,1,2,'Mosinee','WI','USA','5\' 7\"',174,1,'R',0,8,'R'),
(8481557,'Matt','Boldy',12,2001,4,5,'Milford','MA','USA','6\' 2\"',201,1,'L',0,30,'L'),
(8481559,'Jack','Hughes',86,2001,5,14,'Orlando','FL','USA','5\' 11\"',175,1,'L',0,1,'C'),
(8481593,'Jayden','Struble',NULL,2001,9,8,'Cumberland','RI','USA','6\' 0\"',201,1,'L',1,8,'D'),
(8481594,'Nathan','Legare',34,2001,1,11,'Montréal','QC','CAN','6\' 0\"',205,1,'R',1,8,'R'),
(8481598,'Philip','Broberg',86,2001,6,25,'Orebro',NULL,'SWE','6\' 3\"',199,1,'L',1,22,'D'),
(8481618,'Alex','Newhook',15,2001,1,28,'St. John\'s','NL','CAN','5\' 10\"',190,1,'L',0,8,'C'),
(8481794,'Xavier','Simoneau',43,2001,5,19,'Gatineau','QC','CAN','5\' 7\"',180,1,'L',1,8,'C'),
(8482077,'Dylan','Holloway',55,2001,9,23,'Calgary','AB','CAN','6\' 1\"',203,1,'L',1,22,'L'),
(8482079,'Marco','Rossi',23,2001,9,23,'Feldkirch',NULL,'AUT','5\' 9\"',182,1,'L',1,30,'C'),
(8482081,'Sean','Farrell',57,2001,11,2,'Milford','MA','USA','5\' 9\"',175,1,'L',1,8,'C'),
(8482087,'Kaiden','Guhle',21,2002,1,18,'Edmonton','AB','CAN','6\' 2\"',205,1,'L',1,8,'D'),
(8482110,'Dawson','Mercer',91,2001,10,27,'Carbonear','NL','CAN','6\' 0\"',180,1,'R',0,1,'C'),
(8482111,'Justin','Barron',52,2001,11,15,'Halifax','NS','CAN','6\' 2\"',201,1,'R',1,8,'D'),
(8482117,'Lukas','Reichel',27,2002,5,17,'Nürnberg',NULL,'DEU','6\' 0\"',170,1,'L',1,16,'L'),
(8482122,'Brock','Faber',7,2002,8,22,'Maple Grove','MN','USA','6\' 1\"',200,1,'R',1,30,'D'),
(8482125,'Alexander','Holtz',10,2002,1,23,'Stockholm',NULL,'SWE','6\' 0\"',195,1,'R',0,1,'R'),
(8482476,'Emil','Heineman',51,2001,11,16,'Leksand',NULL,'SWE','6\' 0\"',194,1,'L',1,8,'L'),
(8482487,'Jakub','Dobes',NULL,2001,5,27,'Ostrava',NULL,'CZE','6\' 3\"',218,1,'L',1,8,'G'),
(8482684,'Luke','Hughes',43,2003,9,9,'Manchester','NH','USA','6\' 2\"',184,1,'L',1,1,'D'),
(8482704,'Jayden','Grubbe',96,2003,1,12,'Calgary','AB','CAN','6\' 3\"',201,1,'R',1,22,'C'),
(8482706,'Jake','Chiasson',NULL,2003,5,25,'Abbotsford','BC','CAN','6\' 2\"',165,1,'R',1,22,'C'),
(8482730,'Brandt','Clarke',92,2003,2,9,'Nepean','ON','CAN','6\' 2\"',185,1,'R',1,26,'D'),
(8482733,'Logan','Mailloux',94,2003,4,15,'Belle River','ON','CAN','6\' 3\"',210,1,'R',1,8,'D'),
(8482745,'Mason','McTavish',37,2003,1,30,'Zurich',NULL,'CHE','6\' 0\"',213,1,'L',1,24,'C'),
(8482749,'Joshua','Roy',97,2003,8,6,'Saint-Georges-De-Beauce','QC','CAN','6\' 0\"',190,1,'L',1,8,'R'),
(8482803,'Olen','Zellweger',51,2003,9,10,'Calgary','AB','CAN','5\' 9\"',175,1,'L',1,24,'D'),
(8482806,'William','Trudeau',84,2002,10,11,'Varennes','QC','CAN','5\' 11\"',188,1,'L',1,8,'D'),
(8482828,'Riley','Kidney',86,2003,3,25,'Halifax','NS','CAN','5\' 11\"',180,1,'L',1,8,'C'),
(8482902,'Maximus','Wanner',NULL,2003,3,12,'Estevan','SK','CAN','6\' 3\"',185,1,'R',1,22,'D'),
(8482964,'Arber','Xhekaj',72,2001,1,30,'Hamilton','ON','CAN','6\' 4\"',238,1,'L',1,8,'D'),
(8483424,'Owen','Beck',62,2004,2,3,'Peterborough','ON','CAN','6\' 0\"',190,1,'R',1,8,'C'),
(8483460,'David','Jiricek',55,2003,11,28,'Klatovy',NULL,'CZE','6\' 4\"',199,1,'R',1,29,'D'),
(8483488,'Filip','Mesar',48,2004,1,3,'Kezmarok',NULL,'SVK','5\' 9\"',179,1,'R',1,8,'R'),
(8483495,'Simon','Nemec',5,2004,2,15,'Liptovský Mikulá\Z',NULL,'SVK','6\' 1\"',190,1,'R',1,1,'D'),
(8483515,'Juraj','Slafkovsky',20,2004,3,30,'Kosice',NULL,'SVK','6\' 3\"',238,1,'L',1,8,'L'),
(8483524,'Shane','Wright',51,2004,1,5,'Burlington','ON','CAN','6\' 0\"',192,1,'R',1,55,'C'),
(8483549,'Lucas','Condotta',73,1997,6,19,'Georgetown','ON','CAN','6\' 1\"',223,1,'L',1,8,'C'),
(8484127,'Carl','Berglund',NULL,2000,1,16,'Hammaro',NULL,'SWE','6\' 2\"',207,1,'L',1,22,'C'),
(8484144,'Connor','Bedard',NULL,2005,7,17,'North Vancouver','BC','CAN','5\' 10\"',185,1,'R',0,16,'C');
/*!40000 ALTER TABLE `Players` ENABLE KEYS */;
UNLOCK TABLES;

--
-- Table structure for table `PlayersSalaries`
--

DROP TABLE IF EXISTS `PlayersSalaries`;
/*!40101 SET @saved_cs_client     = @@character_set_client */;
/*!40101 SET character_set_client = utf8 */;
CREATE TABLE `PlayersSalaries` (
  `playerId` int(11) NOT NULL,
  `season` text NOT NULL,
  `avv` int(11) NOT NULL,
  PRIMARY KEY (`playerId`,`season`(8))
) ENGINE=InnoDB DEFAULT CHARSET=utf8mb4 COLLATE=utf8mb4_general_ci;
/*!40101 SET character_set_client = @saved_cs_client */;

--
-- Dumping data for table `PlayersSalaries`
--

LOCK TABLES `PlayersSalaries` WRITE;
/*!40000 ALTER TABLE `PlayersSalaries` DISABLE KEYS */;
INSERT INTO `PlayersSalaries` VALUES
(8473419,'20232024',6125000),
(8474090,'20232024',1100000),
(8474564,'20232024',8500000),
(8474590,'20232024',8000000),
(8474596,'20232024',3850000),
(8475169,'20232024',5125000),
(8475218,'20232024',6250000),
(8475227,'20232024',762500),
(8475233,'20232024',3500000),
(8475287,'20232024',3150000),
(8475717,'20232024',762500),
(8475726,'20232024',4250000),
(8475786,'20232024',5500000),
(8475789,'20232024',5000000),
(8475848,'20232024',6500000),
(8476292,'20232024',6000000),
(8476454,'20232024',5125000),
(8476462,'20232024',9000000),
(8476469,'20232024',3400000),
(8476525,'20232024',1850000),
(8476539,'20232024',5000000),
(8476875,'20232024',4875000),
(8476879,'20232024',3250000),
(8476919,'20232024',775000),
(8476967,'20232024',2750000),
(8476981,'20232024',5500000),
(8477015,'20232024',4025000),
(8477406,'20232024',1000000),
(8477451,'20232024',1700000),
(8477497,'20232024',1985000),
(8477498,'20232024',9250000),
(8477508,'20232024',1000000),
(8477544,'20232024',775000),
(8477931,'20232024',1000000),
(8477934,'20232024',8500000),
(8477970,'20232024',3400000),
(8477989,'20232024',4450000),
(8477998,'20232024',2750000),
(8478133,'20232024',1700000),
(8478399,'20232024',3400000),
(8478402,'20232024',12500000),
(8478414,'20232024',8800000),
(8478470,'20232024',1000000),
(8478507,'20232024',4400000),
(8478585,'20232024',900000),
(8478864,'20232024',9000000),
(8478967,'20232024',775000),
(8479193,'20232024',1800000),
(8479338,'20232024',762500),
(8479343,'20232024',7150000),
(8479407,'20232024',7875000),
(8479410,'20232024',8500000),
(8479414,'20232024',1350000),
(8479415,'20232024',1400000),
(8479416,'20232024',775000),
(8479465,'20232024',775000),
(8479543,'20232024',812500),
(8479576,'20232024',762500),
(8479973,'20232024',2600000),
(8479984,'20232024',800000),
(8480002,'20232024',7250000),
(8480018,'20232024',7875000),
(8480051,'20232024',890000),
(8480072,'20232024',775000),
(8480184,'20232024',950000),
(8480192,'20232024',766667),
(8480202,'20232024',845000),
(8480802,'20232024',2100000),
(8480803,'20232024',3900000),
(8480814,'20232024',775000),
(8480860,'20232024',1050000),
(8480887,'20232024',1400000),
(8481033,'20232024',850833),
(8481058,'20232024',775000),
(8481093,'20232024',1100000),
(8481442,'20232024',775000),
(8481523,'20232024',3362500),
(8481540,'20232024',7850000),
(8481559,'20232024',8000000),
(8481593,'20232024',867500),
(8481594,'20232024',789167),
(8481598,'20232024',863333),
(8481618,'20232024',2900000),
(8481794,'20232024',855000),
(8482077,'20232024',925000),
(8482081,'20232024',897500),
(8482087,'20232024',863333),
(8482110,'20232024',894167),
(8482111,'20232024',925000),
(8482117,'20232024',925000),
(8482125,'20232024',894167),
(8482476,'20232024',897500),
(8482487,'20232024',925000),
(8482684,'20232024',925000),
(8482704,'20232024',867500),
(8482706,'20232024',843333),
(8482730,'20232024',863333),
(8482733,'20232024',875000),
(8482745,'20232024',894167),
(8482749,'20232024',835000),
(8482803,'20232024',844167),
(8482806,'20232024',856667),
(8482828,'20232024',836667),
(8482902,'20232024',828333),
(8482964,'20232024',828333),
(8483424,'20232024',885000),
(8483460,'20232024',918333),
(8483488,'20232024',918333),
(8483495,'20232024',918333),
(8483515,'20232024',950000),
(8483524,'20232024',918333),
(8483549,'20232024',775000),
(8484127,'20232024',950000),
(8484144,'20232024',950000);
/*!40000 ALTER TABLE `PlayersSalaries` ENABLE KEYS */;
UNLOCK TABLES;

--
-- Table structure for table `PlayersStatsArchive`
--

DROP TABLE IF EXISTS `PlayersStatsArchive`;
/*!40101 SET @saved_cs_client     = @@character_set_client */;
/*!40101 SET character_set_client = utf8 */;
CREATE TABLE `PlayersStatsArchive` (
  `playerId` int(11) NOT NULL,
  `season` text NOT NULL,
  `games` int(11) DEFAULT NULL,
  `goals` int(11) DEFAULT NULL,
  `assists` int(11) DEFAULT NULL,
  `points` int(11) DEFAULT NULL,
  `shots` int(11) DEFAULT NULL,
  `hits` int(11) DEFAULT NULL,
  `timeOnIce` float DEFAULT NULL,
  `shifts` int(11) DEFAULT NULL,
  `plusMinus` int(11) DEFAULT NULL,
  `shotPct` float DEFAULT NULL,
  `penaltyMinutes` int(11) DEFAULT NULL,
  `powerPlayGoals` int(11) DEFAULT NULL,
  `powerPlayPoints` int(11) DEFAULT NULL,
  `powerPlayTimeOnIce` float DEFAULT NULL,
  `shortHandedGoals` int(11) DEFAULT NULL,
  `shortHandedPoints` int(11) DEFAULT NULL,
  `shortHandedTimeOnIce` float DEFAULT NULL,
  `gameWinningGoals` int(11) DEFAULT NULL,
  `overTimeGoals` int(11) DEFAULT NULL,
  `leagueId` int(11) DEFAULT NULL,
  `leagueName` text NOT NULL,
  `teamId` int(11) DEFAULT NULL,
  `teamName` text NOT NULL,
  PRIMARY KEY (`playerId`,`season`(8),`teamName`(50))
) ENGINE=InnoDB DEFAULT CHARSET=utf8mb4 COLLATE=utf8mb4_general_ci;
/*!40101 SET character_set_client = @saved_cs_client */;

--
-- Dumping data for table `PlayersStatsArchive`
--

LOCK TABLES `PlayersStatsArchive` WRITE;
/*!40000 ALTER TABLE `PlayersStatsArchive` DISABLE KEYS */;
INSERT INTO `PlayersStatsArchive` VALUES
(8470594,'19992000',15,NULL,NULL,NULL,NULL,NULL,780,NULL,NULL,NULL,NULL,NULL,NULL,NULL,NULL,NULL,NULL,NULL,NULL,NULL,'QAAA',NULL,'Charles-Lemoyne'),
(8470594,'20002001',35,NULL,NULL,NULL,NULL,NULL,1705,NULL,NULL,NULL,NULL,NULL,NULL,NULL,NULL,NULL,NULL,NULL,NULL,15,'QMJHL',2898,'Cape Breton'),
(8470594,'20012002',55,NULL,NULL,NULL,NULL,NULL,3043,NULL,NULL,NULL,NULL,NULL,NULL,NULL,NULL,NULL,NULL,NULL,NULL,15,'QMJHL',2898,'Cape Breton'),
(8470594,'20022003',5,NULL,NULL,NULL,NULL,NULL,267,NULL,NULL,NULL,NULL,NULL,NULL,NULL,NULL,NULL,NULL,NULL,NULL,147,'WJC-A',60,'Canada'),
(8470594,'20022003',51,NULL,NULL,NULL,NULL,NULL,2889,NULL,NULL,NULL,NULL,NULL,NULL,NULL,NULL,NULL,NULL,NULL,NULL,15,'QMJHL',2898,'Cape Breton'),
(8470594,'20032004',5,NULL,NULL,NULL,NULL,NULL,299,NULL,NULL,NULL,NULL,NULL,NULL,NULL,NULL,NULL,NULL,NULL,NULL,147,'WJC-A',60,'Canada'),
(8470594,'20032004',10,NULL,NULL,NULL,NULL,NULL,606,NULL,NULL,NULL,NULL,NULL,NULL,NULL,NULL,NULL,NULL,NULL,NULL,15,'QMJHL',2898,'Cape Breton'),
(8470594,'20032004',21,NULL,NULL,NULL,NULL,NULL,1154.03,NULL,NULL,NULL,NULL,NULL,NULL,NULL,NULL,NULL,NULL,NULL,NULL,133,'National Hockey League',5,'Pittsburgh Penguins'),
(8470594,'20042005',54,NULL,NULL,NULL,NULL,NULL,3029,NULL,NULL,NULL,NULL,NULL,NULL,NULL,NULL,NULL,NULL,NULL,NULL,153,'AHL',6054,'Wilkes-Barre'),
(8470594,'20052006',50,NULL,NULL,NULL,NULL,NULL,2809.22,NULL,NULL,NULL,NULL,NULL,NULL,NULL,NULL,NULL,NULL,NULL,NULL,133,'National Hockey League',5,'Pittsburgh Penguins'),
(8470594,'20052006',12,NULL,NULL,NULL,NULL,NULL,727,NULL,NULL,NULL,NULL,NULL,NULL,NULL,NULL,NULL,NULL,NULL,NULL,153,'AHL',6054,'Wilkes-Barre'),
(8470594,'20062007',67,NULL,NULL,NULL,NULL,NULL,3905.47,NULL,NULL,NULL,NULL,NULL,NULL,NULL,NULL,NULL,NULL,NULL,NULL,133,'National Hockey League',5,'Pittsburgh Penguins'),
(8470594,'20072008',35,NULL,NULL,NULL,NULL,NULL,1857.43,NULL,NULL,NULL,NULL,NULL,NULL,NULL,NULL,NULL,NULL,NULL,NULL,133,'National Hockey League',5,'Pittsburgh Penguins'),
(8470594,'20072008',5,NULL,NULL,NULL,NULL,NULL,NULL,NULL,NULL,NULL,NULL,NULL,NULL,NULL,NULL,NULL,NULL,NULL,NULL,153,'AHL',6054,'Wilkes-Barre'),
(8470594,'20082009',62,NULL,NULL,NULL,NULL,NULL,3640.98,NULL,NULL,NULL,NULL,NULL,NULL,NULL,NULL,NULL,NULL,NULL,NULL,133,'National Hockey League',5,'Pittsburgh Penguins'),
(8470594,'20092010',67,NULL,NULL,NULL,NULL,NULL,3798.28,NULL,NULL,NULL,NULL,NULL,NULL,NULL,NULL,NULL,NULL,NULL,NULL,133,'National Hockey League',5,'Pittsburgh Penguins'),
(8470594,'20102011',65,NULL,NULL,NULL,NULL,NULL,3695.17,NULL,NULL,NULL,NULL,NULL,NULL,NULL,NULL,NULL,NULL,NULL,NULL,133,'National Hockey League',5,'Pittsburgh Penguins'),
(8470594,'20112012',67,NULL,NULL,NULL,NULL,NULL,3896.22,NULL,NULL,NULL,NULL,NULL,NULL,NULL,NULL,NULL,NULL,NULL,NULL,133,'National Hockey League',5,'Pittsburgh Penguins'),
(8470594,'20122013',33,NULL,NULL,NULL,NULL,NULL,1857.75,NULL,NULL,NULL,NULL,NULL,NULL,NULL,NULL,NULL,NULL,NULL,NULL,133,'National Hockey League',5,'Pittsburgh Penguins'),
(8470594,'20132014',64,NULL,NULL,NULL,NULL,NULL,3792.4,NULL,NULL,NULL,NULL,NULL,NULL,NULL,NULL,NULL,NULL,NULL,NULL,133,'National Hockey League',5,'Pittsburgh Penguins'),
(8470594,'20142015',64,NULL,NULL,NULL,NULL,NULL,3776.98,NULL,NULL,NULL,NULL,NULL,NULL,NULL,NULL,NULL,NULL,NULL,NULL,133,'National Hockey League',5,'Pittsburgh Penguins'),
(8470594,'20152016',58,NULL,NULL,NULL,NULL,NULL,3462.55,NULL,NULL,NULL,NULL,NULL,NULL,NULL,NULL,NULL,NULL,NULL,NULL,133,'National Hockey League',5,'Pittsburgh Penguins'),
(8470594,'20162017',38,NULL,NULL,NULL,NULL,NULL,2125.25,NULL,NULL,NULL,NULL,NULL,NULL,NULL,NULL,NULL,NULL,NULL,NULL,133,'National Hockey League',5,'Pittsburgh Penguins'),
(8470594,'20172018',46,NULL,NULL,NULL,NULL,NULL,2673.4,NULL,NULL,NULL,NULL,NULL,NULL,NULL,NULL,NULL,NULL,NULL,NULL,133,'National Hockey League',54,'Vegas Golden Knights'),
(8470594,'20182019',61,NULL,NULL,NULL,NULL,NULL,3635.13,NULL,NULL,NULL,NULL,NULL,NULL,NULL,NULL,NULL,NULL,NULL,NULL,133,'National Hockey League',54,'Vegas Golden Knights'),
(8470594,'20192020',49,NULL,NULL,NULL,NULL,NULL,2880.1,NULL,NULL,NULL,NULL,NULL,NULL,NULL,NULL,NULL,NULL,NULL,NULL,133,'National Hockey League',54,'Vegas Golden Knights'),
(8470594,'20202021',36,NULL,NULL,NULL,NULL,NULL,2146.6,NULL,NULL,NULL,NULL,NULL,NULL,NULL,NULL,NULL,NULL,NULL,NULL,133,'National Hockey League',54,'Vegas Golden Knights'),
(8470594,'20212022',45,NULL,NULL,NULL,NULL,NULL,2626.97,NULL,NULL,NULL,NULL,NULL,NULL,NULL,NULL,NULL,NULL,NULL,NULL,133,'National Hockey League',16,'Chicago Blackhawks'),
(8470594,'20212022',11,NULL,NULL,NULL,NULL,NULL,657.9,NULL,NULL,NULL,NULL,NULL,NULL,NULL,NULL,NULL,NULL,NULL,NULL,133,'National Hockey League',30,'Minnesota Wild'),
(8470594,'20222023',46,NULL,NULL,NULL,NULL,NULL,2654.28,NULL,NULL,NULL,NULL,NULL,NULL,NULL,NULL,NULL,NULL,NULL,NULL,133,'National Hockey League',30,'Minnesota Wild'),
(8470594,'20232024',1,NULL,NULL,NULL,NULL,NULL,59.9,NULL,NULL,NULL,NULL,NULL,NULL,NULL,NULL,NULL,NULL,NULL,NULL,133,'National Hockey League',30,'Minnesota Wild'),
(8471274,'20022003',28,14,20,34,NULL,NULL,0,0,NULL,NULL,22,NULL,NULL,0,NULL,NULL,0,NULL,NULL,NULL,'High-MN',4338,'Grand Rapids'),
(8471274,'20032004',26,25,31,56,NULL,NULL,0,0,NULL,NULL,16,NULL,NULL,0,NULL,NULL,0,NULL,NULL,NULL,'High-MN',4338,'Grand Rapids'),
(8471274,'20032004',10,0,2,2,NULL,NULL,0,0,-5,NULL,6,0,NULL,0,0,NULL,0,0,NULL,83,'USHL',2612,'Sioux Falls'),
(8471274,'20042005',33,5,15,20,NULL,NULL,0,0,NULL,NULL,44,NULL,NULL,0,NULL,NULL,0,NULL,NULL,221,'WCHA',4738,'U. Of Minnesota'),
(8471274,'20042005',7,0,1,1,NULL,NULL,0,0,NULL,NULL,2,NULL,NULL,0,NULL,NULL,0,NULL,NULL,147,'WJC-A',67,'United States'),
(8471274,'20052006',41,11,28,39,NULL,NULL,0,0,NULL,NULL,63,NULL,NULL,0,NULL,NULL,0,NULL,NULL,221,'WCHA',4738,'U. Of Minnesota'),
(8471274,'20062007',44,9,30,39,NULL,NULL,NULL,NULL,NULL,NULL,51,NULL,NULL,NULL,NULL,NULL,NULL,NULL,NULL,221,'WCHA',4738,'U. Of Minnesota'),
(8471274,'20072008',3,0,2,2,2,1,41.8167,57,2,0,2,0,0,7.5,0,0,0.466667,0,0,133,'National Hockey League',5,'Pittsburgh Penguins'),
(8471274,'20072008',70,10,28,38,NULL,NULL,NULL,NULL,15,NULL,53,7,NULL,NULL,0,NULL,NULL,NULL,NULL,153,'AHL',6054,'Wilkes-Barre'),
(8471274,'20082009',45,6,14,20,61,30,823.867,919,5,9.84,16,4,8,180.067,0,0,3.76667,0,0,133,'National Hockey League',5,'Pittsburgh Penguins'),
(8471274,'20082009',26,2,16,18,NULL,NULL,NULL,NULL,-1,NULL,16,1,NULL,NULL,0,NULL,NULL,0,NULL,153,'AHL',6054,'Wilkes-Barre'),
(8471274,'20092010',69,8,29,37,98,50,1478.27,1656,7,8.16,22,2,17,260.633,0,0,104.733,0,0,133,'National Hockey League',5,'Pittsburgh Penguins'),
(8471274,'20102011',23,5,10,15,61,24,599.617,657,0,8.2,12,3,7,99.1667,0,0,39.3,0,0,133,'National Hockey League',25,'Dallas Stars'),
(8471274,'20102011',60,9,22,31,101,51,1245.93,1395,20,8.91,28,4,17,233.55,0,0,71.7333,4,1,133,'National Hockey League',5,'Pittsburgh Penguins'),
(8471274,'20112012',71,9,21,30,140,49,1616.77,1869,0,6.43,16,2,9,223.75,0,1,90.95,1,0,133,'National Hockey League',25,'Dallas Stars'),
(8471274,'20112012',8,1,4,5,NULL,NULL,NULL,NULL,7,NULL,2,0,NULL,NULL,0,NULL,NULL,0,NULL,147,'WC-A',67,'U.S.A.'),
(8471274,'20122013',47,3,24,27,80,56,1052.12,1273,4,3.75,18,0,11,135.767,0,1,67.7167,0,0,133,'National Hockey League',25,'Dallas Stars'),
(8471274,'20132014',81,6,36,42,141,94,1969.38,2282,9,4.26,28,3,15,267.95,0,0,200.383,0,0,133,'National Hockey League',25,'Dallas Stars'),
(8471274,'20142015',81,4,32,36,122,100,1928.72,2487,0,3.28,24,0,8,169.45,0,2,238.683,0,0,133,'National Hockey League',25,'Dallas Stars'),
(8471274,'20152016',82,5,32,37,127,100,1954.37,2416,21,3.94,34,1,5,160.55,0,1,191.567,1,0,133,'National Hockey League',25,'Dallas Stars'),
(8471274,'20162017',82,6,30,36,112,137,1913,2356,-9,5.36,28,1,8,178.433,1,2,202.033,0,0,133,'National Hockey League',53,'Arizona Coyotes'),
(8471274,'20172018',78,12,23,35,119,114,1815.63,2225,-31,10.08,26,3,11,150.8,0,0,149.733,3,1,133,'National Hockey League',53,'Arizona Coyotes'),
(8471274,'20182019',76,3,24,27,102,79,1582.08,1878,-7,2.94,16,1,7,140.333,0,2,118.95,0,0,133,'National Hockey League',53,'Arizona Coyotes'),
(8471274,'20192020',70,4,28,32,101,91,1613.98,1927,8,4,24,2,11,134.833,0,0,165.3,0,0,133,'National Hockey League',53,'Arizona Coyotes'),
(8471274,'20202021',56,3,19,22,72,76,1288.37,1474,2,4.2,14,0,7,55,0,0,164.517,0,0,133,'National Hockey League',53,'Arizona Coyotes'),
(8471274,'20212022',72,2,28,30,80,56,1363.07,1605,41,2.5,34,0,4,85.7167,0,0,84.3,0,0,133,'National Hockey League',30,'Minnesota Wild'),
(8471274,'20222023',46,2,4,6,63,33,812.667,952,-9,3.17,16,0,1,23.9333,0,0,44.1,2,1,133,'National Hockey League',30,'Minnesota Wild'),
(8471274,'20232024',2,0,0,0,1,2,34.25,42,-3,0,4,0,0,2.23333,0,0,1.58333,0,0,133,'National Hockey League',30,'Minnesota Wild'),
(8473419,'20032004',60,47,47,94,NULL,NULL,0,0,NULL,NULL,104,NULL,NULL,0,NULL,NULL,0,NULL,NULL,NULL,'NSMHL',NULL,'Dartmouth'),
(8473419,'20042005',61,9,20,29,NULL,NULL,0,0,0,NULL,52,5,NULL,0,0,NULL,0,NULL,NULL,15,'QMJHL',2916,'Moncton'),
(8473419,'20052006',68,29,37,66,NULL,NULL,0,0,40,NULL,83,9,NULL,0,0,NULL,0,5,NULL,15,'QMJHL',2916,'Moncton'),
(8473419,'20062007',6,2,0,2,NULL,NULL,NULL,NULL,NULL,NULL,2,NULL,NULL,NULL,NULL,NULL,NULL,NULL,NULL,147,'WJC-A',60,'Canada'),
(8473419,'20062007',57,33,47,80,NULL,NULL,NULL,NULL,12,NULL,108,16,NULL,NULL,3,NULL,NULL,6,NULL,15,'QMJHL',NULL,'Val-d\'Or'),
(8473419,'20072008',7,4,2,6,NULL,NULL,0,0,NULL,NULL,4,NULL,NULL,0,NULL,NULL,0,NULL,NULL,147,'WJC-A',60,'Canada'),
(8473419,'20072008',26,10,19,29,NULL,NULL,NULL,NULL,8,NULL,40,3,NULL,NULL,0,NULL,NULL,NULL,NULL,15,'QMJHL',2908,'Halifax'),
(8473419,'20072008',33,21,23,44,NULL,NULL,NULL,NULL,-6,NULL,36,6,NULL,NULL,4,NULL,NULL,NULL,NULL,15,'QMJHL',NULL,'Val-d\'Or'),
(8473419,'20082009',79,18,41,59,NULL,NULL,NULL,NULL,13,NULL,67,3,NULL,NULL,0,NULL,NULL,3,NULL,153,'AHL',4982,'Providence'),
(8473419,'20092010',20,0,1,1,32,20,239.283,323,-3,0,20,0,0,3.53333,0,0,21.4833,0,0,133,'National Hockey League',6,'Boston Bruins'),
(8473419,'20092010',34,13,19,32,NULL,NULL,NULL,NULL,14,NULL,51,7,NULL,NULL,0,NULL,NULL,2,NULL,153,'AHL',4982,'Providence'),
(8473419,'20102011',77,21,20,41,149,89,1076.78,1444,25,14.09,51,2,3,41.5833,5,6,121,2,0,133,'National Hockey League',6,'Boston Bruins'),
(8473419,'20112012',76,28,27,55,167,72,1339.32,1702,31,16.77,87,5,6,164.2,1,3,105.8,3,0,133,'National Hockey League',6,'Boston Bruins'),
(8473419,'20122013',45,18,18,36,91,38,763.4,977,23,19.78,27,4,4,78.3333,2,2,57.1167,5,0,133,'National Hockey League',6,'Boston Bruins'),
(8473419,'20132014',82,25,28,53,149,73,1307.73,1761,36,16.78,64,1,2,40.9833,5,5,127.133,5,1,133,'National Hockey League',6,'Boston Bruins'),
(8473419,'20142015',77,24,18,42,180,72,1301.33,1769,5,13.33,95,2,2,76,2,3,106.8,5,3,133,'National Hockey League',6,'Boston Bruins'),
(8473419,'20152016',77,37,24,61,250,65,1432.22,1934,21,14.8,90,6,8,113.817,4,6,154.3,6,2,133,'National Hockey League',6,'Boston Bruins'),
(8473419,'20152016',10,4,3,7,20,NULL,NULL,NULL,9,NULL,10,0,NULL,NULL,1,NULL,NULL,0,NULL,147,'WC-A',60,'Canada'),
(8473419,'20162017',80,39,46,85,226,51,1554.92,1942,18,17.26,81,9,24,215.733,3,5,151.783,8,1,133,'National Hockey League',6,'Boston Bruins'),
(8473419,'20162017',6,5,3,8,NULL,NULL,NULL,NULL,5,NULL,8,NULL,NULL,NULL,NULL,NULL,NULL,NULL,NULL,NULL,'WCup',NULL,'Canada'),
(8473419,'20172018',68,34,51,85,182,37,1340.68,1650,25,18.68,63,8,23,209.75,1,4,122.883,8,5,133,'National Hockey League',6,'Boston Bruins'),
(8473419,'20182019',79,36,64,100,231,46,1550.27,1821,15,15.58,96,10,34,249.95,3,7,123.967,9,3,133,'National Hockey League',6,'Boston Bruins'),
(8473419,'20192020',70,28,59,87,185,55,1361.65,1568,25,15.1,82,5,28,258.4,1,3,111.1,5,0,133,'National Hockey League',6,'Boston Bruins'),
(8473419,'20202021',53,29,40,69,143,66,1002.25,1234,26,20.3,46,4,18,170.95,4,7,84.8833,5,1,133,'National Hockey League',6,'Boston Bruins'),
(8473419,'20212022',70,32,48,80,242,78,1347.38,1582,16,13.2,97,7,27,238.567,2,2,114.617,6,1,133,'National Hockey League',6,'Boston Bruins'),
(8473419,'20222023',73,21,46,67,183,81,1352.55,1764,27,11.48,74,9,29,249.3,0,1,109.3,4,0,133,'National Hockey League',6,'Boston Bruins'),
(8473419,'20232024',6,4,3,7,18,6,113.95,146,4,22.22,8,0,2,25.5167,0,0,13.9167,1,0,133,'National Hockey League',6,'Boston Bruins'),
(8474034,'20042005',30,10,15,25,NULL,NULL,NULL,NULL,0,NULL,20,NULL,NULL,NULL,NULL,NULL,NULL,NULL,NULL,NULL,'Midget',NULL,'St. Louis Amateur Blues  U18'),
(8474034,'20052006',57,23,37,60,NULL,NULL,NULL,NULL,NULL,NULL,61,NULL,NULL,NULL,NULL,NULL,NULL,NULL,NULL,211,'NAHL',NULL,'Texarkana'),
(8474034,'20062007',57,40,55,95,NULL,NULL,NULL,NULL,NULL,NULL,152,NULL,NULL,NULL,NULL,NULL,NULL,NULL,NULL,211,'NAHL',1582,'St. Louis'),
(8474034,'20072008',64,35,55,90,NULL,NULL,NULL,NULL,13,NULL,57,14,NULL,NULL,0,NULL,NULL,NULL,NULL,141,'OHL',1876,'London'),
(8474034,'20072008',1,0,0,0,NULL,NULL,NULL,NULL,-2,NULL,0,0,NULL,NULL,0,NULL,NULL,NULL,NULL,153,'AHL',6670,'Philadelphia'),
(8474034,'20082009',80,23,31,54,NULL,NULL,NULL,NULL,2,NULL,62,11,NULL,NULL,0,NULL,NULL,2,NULL,153,'AHL',6670,'Philadelphia'),
(8474034,'20092010',67,11,33,44,NULL,NULL,NULL,NULL,-15,NULL,125,3,NULL,NULL,0,NULL,NULL,1,NULL,153,'AHL',6642,'Adirondack'),
(8474034,'20102011',9,5,3,8,27,NULL,NULL,NULL,-1,18.52,30,2,NULL,NULL,0,NULL,NULL,0,NULL,153,'AHL',6642,'Adirondack'),
(8474034,'20102011',57,21,27,48,144,NULL,NULL,NULL,6,14.58,68,13,NULL,NULL,0,NULL,NULL,4,NULL,153,'AHL',4988,'Syracuse'),
(8474034,'20112012',2,0,0,0,1,4,25.0833,39,0,0,2,0,0,0,0,0,0,0,0,133,'National Hockey League',24,'Anaheim Ducks'),
(8474034,'20112012',75,32,42,74,219,NULL,NULL,NULL,17,14.61,120,12,NULL,NULL,0,NULL,NULL,2,NULL,153,'AHL',4988,'Syracuse'),
(8474034,'20122013',13,2,1,3,21,22,127.217,173,-1,9.52,10,0,0,5.6,0,0,0,0,0,133,'National Hockey League',24,'Anaheim Ducks'),
(8474034,'20122013',64,26,24,50,183,NULL,NULL,NULL,0,14.21,139,12,NULL,NULL,1,NULL,NULL,5,NULL,153,'AHL',7096,'Norfolk'),
(8474034,'20132014',62,11,18,29,93,124,763.4,971,11,11.83,101,1,4,106.95,0,0,0.933333,3,0,133,'National Hockey League',24,'Anaheim Ducks'),
(8474034,'20142015',71,9,25,34,120,120,1014.08,1242,-5,7.5,82,1,7,154.983,0,0,0.466667,1,0,133,'National Hockey League',24,'Anaheim Ducks'),
(8474034,'20152016',56,4,9,13,65,114,637.467,872,-13,6.15,54,3,4,79.9333,0,0,0.25,0,0,133,'National Hockey League',24,'Anaheim Ducks'),
(8474034,'20152016',16,8,6,14,39,37,250.9,318,6,20.51,34,2,4,30.6,0,0,0,1,0,133,'National Hockey League',22,'Edmonton Oilers'),
(8474034,'20152016',10,1,2,3,13,NULL,NULL,NULL,-1,NULL,12,1,NULL,NULL,0,NULL,NULL,0,NULL,147,'WC-A',67,'U.S.A.'),
(8474034,'20152016',10,1,2,3,NULL,NULL,NULL,NULL,-1,NULL,12,NULL,NULL,NULL,NULL,NULL,NULL,NULL,NULL,NULL,'WC',NULL,'USA'),
(8474034,'20162017',81,27,15,42,178,189,1355.75,1715,13,15.17,95,3,6,156.067,0,0,0.983333,5,0,133,'National Hockey League',22,'Edmonton Oilers'),
(8474034,'20172018',57,14,16,30,121,119,972.667,1181,5,11.57,60,0,3,99.95,0,0,0.516667,3,0,133,'National Hockey League',22,'Edmonton Oilers'),
(8474034,'20172018',17,3,10,13,20,31,251,296,-4,15,13,1,4,49.4,0,0,0.0666667,1,0,133,'National Hockey League',1,'New Jersey Devils'),
(8474034,'20182019',74,10,18,28,118,135,1048.55,1287,-3,8.47,64,2,11,144.367,0,0,0,3,0,133,'National Hockey League',19,'St. Louis Blues'),
(8474034,'20192020',64,9,14,23,80,104,794.483,1038,4,11.3,71,1,3,97.3333,0,0,1.38333,1,0,133,'National Hockey League',14,'Tampa Bay Lightning'),
(8474034,'20202021',55,4,14,18,46,75,637.6,838,2,8.7,60,2,4,87.8667,0,0,0,0,0,133,'National Hockey League',14,'Tampa Bay Lightning'),
(8474034,'20212022',81,11,16,27,102,160,1004.08,1293,20,10.8,134,3,6,105,0,0,0.25,0,0,133,'National Hockey League',14,'Tampa Bay Lightning'),
(8474034,'20222023',80,5,9,14,62,172,827.583,1086,-5,8.06,150,0,1,7.6,0,0,0.0833333,0,0,133,'National Hockey League',14,'Tampa Bay Lightning'),
(8474034,'20232024',3,0,0,0,2,6,34.4,45,-1,0,0,0,0,0.983333,0,0,0,0,0,133,'National Hockey League',30,'Minnesota Wild'),
(8474090,'20042005',66,22,63,85,NULL,NULL,NULL,NULL,NULL,NULL,120,NULL,NULL,NULL,NULL,NULL,NULL,NULL,NULL,NULL,'GTHL',NULL,'Tor. Marlboros'),
(8474090,'20052006',39,5,21,26,NULL,NULL,NULL,NULL,NULL,NULL,55,NULL,NULL,NULL,NULL,NULL,NULL,NULL,NULL,NULL,'OPJHL',NULL,'St. Michael\'s'),
(8474090,'20062007',39,12,24,36,NULL,NULL,NULL,NULL,NULL,NULL,90,NULL,NULL,NULL,NULL,NULL,NULL,NULL,NULL,NULL,'OPJHL',NULL,'St. Michael\'s'),
(8474090,'20072008',22,2,10,12,NULL,NULL,NULL,NULL,NULL,NULL,26,NULL,NULL,NULL,NULL,NULL,NULL,NULL,NULL,221,'WCHA',4748,'U. Of Wisconsin'),
(8474090,'20082009',31,9,14,23,NULL,NULL,NULL,NULL,NULL,NULL,75,NULL,NULL,NULL,NULL,NULL,NULL,NULL,NULL,221,'WCHA',4748,'U. Of Wisconsin'),
(8474090,'20092010',42,15,37,52,NULL,NULL,NULL,NULL,NULL,NULL,76,NULL,NULL,NULL,NULL,NULL,NULL,NULL,NULL,221,'WCHA',4748,'U. Of Wisconsin'),
(8474090,'20102011',63,12,20,32,114,NULL,NULL,NULL,7,10.53,124,5,NULL,NULL,1,NULL,NULL,4,NULL,153,'AHL',6840,'Grand Rapids'),
(8474090,'20112012',14,1,6,7,13,17,218.833,285,3,7.69,13,0,1,24.6,0,0,0.95,0,0,133,'National Hockey League',17,'Detroit Red Wings'),
(8474090,'20112012',57,10,24,34,113,NULL,NULL,NULL,2,8.85,90,3,NULL,NULL,2,NULL,NULL,4,NULL,153,'AHL',6840,'Grand Rapids'),
(8474090,'20122013',34,0,8,8,33,20,625.633,842,1,0,36,0,2,39.2,0,0,43.5,0,0,133,'National Hockey League',17,'Detroit Red Wings'),
(8474090,'20122013',32,5,15,20,88,NULL,NULL,NULL,9,5.68,49,3,NULL,NULL,0,NULL,NULL,2,NULL,153,'AHL',6840,'Grand Rapids'),
(8474090,'20132014',71,5,14,19,90,57,1305.58,1806,-2,5.56,68,1,1,12.0167,0,0,57.3333,0,0,133,'National Hockey League',17,'Detroit Red Wings'),
(8474090,'20142015',76,4,9,13,88,60,1359.72,1944,-2,4.55,68,0,2,17.6333,0,0,93.1333,1,0,133,'National Hockey League',17,'Detroit Red Wings'),
(8474090,'20152016',63,3,12,15,82,94,1109,1586,1,3.66,62,1,1,38.6167,0,0,73.1167,0,0,133,'National Hockey League',17,'Detroit Red Wings'),
(8474090,'20162017',33,2,3,5,39,43,618.433,833,-1,5.13,34,1,3,44.6333,0,0,63.4833,1,0,133,'National Hockey League',17,'Detroit Red Wings'),
(8474090,'20162017',18,1,3,4,23,16,362.9,486,2,4.35,29,0,0,0.683333,0,0,32.05,0,0,133,'National Hockey League',3,'New York Rangers'),
(8474090,'20172018',11,0,2,2,NULL,NULL,NULL,NULL,-11,NULL,8,NULL,NULL,NULL,NULL,NULL,NULL,NULL,NULL,NULL,'AHL',NULL,'Hartford Wolf Pack'),
(8474090,'20172018',44,1,7,8,66,58,755.367,1061,2,1.52,69,0,1,2.3,0,0,63,0,0,133,'National Hockey League',3,'New York Rangers'),
(8474090,'20182019',63,4,9,13,66,100,963.633,1291,-7,6.06,71,0,0,2.7,0,1,100.817,0,0,133,'National Hockey League',3,'New York Rangers'),
(8474090,'20192020',62,3,5,8,45,90,688.3,955,-12,6.7,71,0,0,3.11667,1,2,128.1,0,0,133,'National Hockey League',3,'New York Rangers'),
(8474090,'20202021',48,5,5,10,58,84,788.833,1045,3,8.6,73,0,0,8.41667,0,0,59.8,0,0,133,'National Hockey League',3,'New York Rangers'),
(8474090,'20212022',45,4,4,8,63,73,626.317,855,6,6.3,36,0,0,0.65,0,0,48,1,0,133,'National Hockey League',12,'Carolina Hurricanes'),
(8474090,'20222023',60,0,5,5,58,102,933.2,1206,3,0,63,0,0,1.7,0,1,95.6167,0,0,133,'National Hockey League',1,'New Jersey Devils'),
(8474090,'20232024',8,0,0,0,13,12,119.9,167,-3,0,6,0,0,0,0,0,15.6167,0,0,133,'National Hockey League',1,'New Jersey Devils'),
(8474564,'20052006',66,105,92,197,NULL,NULL,0,0,NULL,NULL,87,NULL,NULL,0,NULL,NULL,0,NULL,NULL,NULL,'Minor-ON',NULL,'Markham'),
(8474564,'20062007',6,2,8,10,NULL,NULL,0,0,NULL,NULL,8,NULL,NULL,0,NULL,NULL,0,NULL,NULL,147,'WJ18-A',60,'Canada'),
(8474564,'20062007',63,42,50,92,NULL,NULL,NULL,NULL,13,NULL,56,22,NULL,NULL,0,NULL,NULL,NULL,NULL,141,'OHL',2760,'Sarnia'),
(8474564,'20072008',7,1,5,6,NULL,NULL,NULL,NULL,1,NULL,4,0,NULL,NULL,0,NULL,NULL,0,NULL,147,'WJC-A',60,'Canada'),
(8474564,'20072008',61,58,47,105,NULL,NULL,NULL,NULL,18,NULL,88,23,NULL,NULL,5,NULL,NULL,NULL,NULL,141,'OHL',2760,'Sarnia'),
(8474564,'20082009',9,7,4,11,NULL,NULL,NULL,NULL,NULL,NULL,6,NULL,NULL,NULL,NULL,NULL,NULL,NULL,NULL,147,'WC-A',60,'Canada'),
(8474564,'20082009',79,23,23,46,181,75,1179.85,1499,-13,12.71,39,9,17,223.95,0,0,9.28333,1,0,133,'National Hockey League',14,'Tampa Bay Lightning'),
(8474564,'20092010',5,2,1,3,NULL,NULL,NULL,NULL,NULL,NULL,10,NULL,NULL,NULL,NULL,NULL,NULL,NULL,NULL,147,'WC-A',60,'Canada'),
(8474564,'20092010',82,51,44,95,297,68,1685.23,2078,-2,17.17,38,24,41,381.3,1,1,110.567,5,1,133,'National Hockey League',14,'Tampa Bay Lightning'),
(8474564,'20102011',82,45,46,91,272,84,1655.93,1946,3,16.54,74,17,36,372.883,0,0,26.5667,8,1,133,'National Hockey League',14,'Tampa Bay Lightning'),
(8474564,'20112012',82,60,37,97,303,109,1805.67,2016,7,19.8,66,12,25,311.633,0,0,45.4333,12,5,133,'National Hockey League',14,'Tampa Bay Lightning'),
(8474564,'20122013',8,7,5,12,NULL,NULL,NULL,NULL,6,NULL,6,4,NULL,NULL,0,NULL,NULL,3,NULL,147,'WC-A',60,'Canada'),
(8474564,'20122013',48,29,28,57,157,63,1057.1,1165,-4,18.47,32,10,18,180.183,0,0,34.9333,2,0,133,'National Hockey League',14,'Tampa Bay Lightning'),
(8474564,'20132014',37,25,15,40,124,50,749.217,896,9,20.16,18,9,13,141.683,1,1,20.9833,5,1,133,'National Hockey League',14,'Tampa Bay Lightning'),
(8474564,'20142015',82,43,29,72,268,91,1588.15,1806,2,16.04,49,13,25,291.133,0,0,16.8333,6,0,133,'National Hockey League',14,'Tampa Bay Lightning'),
(8474564,'20152016',77,36,28,64,216,109,1521.1,1736,3,16.67,38,14,23,268.233,1,3,59.6,8,0,133,'National Hockey League',14,'Tampa Bay Lightning'),
(8474564,'20162017',6,1,1,2,NULL,NULL,NULL,NULL,2,NULL,2,NULL,NULL,NULL,NULL,NULL,NULL,NULL,NULL,NULL,'WCup',NULL,'Canada'),
(8474564,'20162017',17,9,11,20,58,21,303.9,366,3,15.52,14,3,7,57.8833,0,0,13.0667,1,0,133,'National Hockey League',14,'Tampa Bay Lightning'),
(8474564,'20172018',78,27,59,86,212,61,1464.4,1736,18,12.74,72,15,33,269.183,0,0,31.8167,1,0,133,'National Hockey League',14,'Tampa Bay Lightning'),
(8474564,'20182019',82,45,53,98,234,72,1500.62,1789,4,19.23,37,19,40,297.633,2,2,48.3167,6,0,133,'National Hockey League',14,'Tampa Bay Lightning'),
(8474564,'20192020',57,29,37,66,176,69,1049.95,1268,14,16.5,22,10,19,187.283,0,0,29.3167,6,0,133,'National Hockey League',14,'Tampa Bay Lightning'),
(8474564,'20202021',38,17,17,34,91,38,694.167,828,4,18.7,16,10,15,137.933,0,1,23.9,1,0,133,'National Hockey League',14,'Tampa Bay Lightning'),
(8474564,'20212022',81,42,64,106,241,93,1497.13,1788,24,17.4,36,16,36,300.267,0,0,31.7,11,3,133,'National Hockey League',14,'Tampa Bay Lightning'),
(8474564,'20222023',81,34,50,84,240,92,1540.68,1722,-5,14.17,46,14,35,321.417,0,0,24.15,6,2,133,'National Hockey League',14,'Tampa Bay Lightning'),
(8474564,'20232024',5,2,4,6,15,5,92.8167,103,-2,13.33,2,0,4,18.8667,0,0,0.05,0,0,133,'National Hockey League',14,'Tampa Bay Lightning'),
(8474590,'20032004',25,20,15,35,NULL,NULL,NULL,NULL,NULL,NULL,50,NULL,NULL,NULL,NULL,NULL,NULL,NULL,NULL,NULL,'AYHL 13U',NULL,'New Jersey Rockets 13U AAA'),
(8474590,'20042005',25,15,18,33,NULL,NULL,NULL,NULL,NULL,NULL,32,NULL,NULL,NULL,NULL,NULL,NULL,NULL,NULL,NULL,'AYHL 14U',NULL,'New Jersey Rockets 14U AAA'),
(8474590,'20052006',38,2,10,12,NULL,NULL,0,0,NULL,NULL,42,NULL,NULL,0,NULL,NULL,0,NULL,NULL,NULL,'AtJHL',NULL,'N.J. Rockets'),
(8474590,'20062007',2,0,0,0,NULL,NULL,NULL,NULL,-2,NULL,6,0,NULL,NULL,0,NULL,NULL,0,NULL,83,'USHL',5056,'Indiana'),
(8474590,'20062007',44,12,38,50,NULL,NULL,0,0,NULL,NULL,96,NULL,NULL,0,NULL,NULL,0,NULL,NULL,NULL,'AtJHL',NULL,'N.J. Rockets'),
(8474590,'20072008',59,12,31,43,NULL,NULL,NULL,NULL,11,NULL,72,7,NULL,NULL,1,NULL,NULL,2,NULL,83,'USHL',5056,'Indiana'),
(8474590,'20082009',59,16,60,76,NULL,NULL,NULL,NULL,23,NULL,65,9,NULL,NULL,1,NULL,NULL,NULL,NULL,141,'OHL',1876,'London'),
(8474590,'20092010',48,4,35,39,NULL,NULL,NULL,NULL,37,NULL,26,1,NULL,NULL,0,NULL,NULL,1,NULL,153,'AHL',6660,'Hershey'),
(8474590,'20092010',7,4,3,7,NULL,NULL,NULL,NULL,NULL,NULL,2,NULL,NULL,NULL,NULL,NULL,NULL,NULL,NULL,147,'WJC-A',67,'U.S.A.'),
(8474590,'20092010',22,1,5,6,21,29,335.417,398,11,4.76,8,0,0,1.33333,0,0,6.7,0,0,133,'National Hockey League',15,'Washington Capitals'),
(8474590,'20102011',82,7,30,37,144,70,1856.77,2125,21,4.86,44,1,6,181.217,0,0,190.8,3,0,133,'National Hockey League',15,'Washington Capitals'),
(8474590,'20112012',82,9,23,32,152,83,1792.38,2234,-15,5.92,22,4,7,117.5,0,1,202.183,0,0,133,'National Hockey League',15,'Washington Capitals'),
(8474590,'20122013',48,6,16,22,97,59,1105,1243,11,6.19,18,0,5,107.15,0,0,138.683,0,0,133,'National Hockey League',15,'Washington Capitals'),
(8474590,'20132014',6,1,1,2,5,NULL,NULL,NULL,1,NULL,0,0,NULL,NULL,0,NULL,NULL,0,NULL,147,'Olympics',67,'U.S.A.'),
(8474590,'20132014',82,10,27,37,208,64,2010.13,2182,-3,4.81,22,5,22,257.933,0,1,307.05,0,0,133,'National Hockey League',15,'Washington Capitals'),
(8474590,'20142015',82,12,43,55,193,74,1891.97,2343,11,6.22,28,3,16,142.533,1,1,242.567,3,0,133,'National Hockey League',15,'Washington Capitals'),
(8474590,'20152016',56,8,31,39,124,46,1327.28,1591,16,6.45,14,2,14,184.883,0,1,122.133,4,1,133,'National Hockey League',15,'Washington Capitals'),
(8474590,'20162017',2,0,0,0,NULL,NULL,NULL,NULL,-3,NULL,0,NULL,NULL,NULL,NULL,NULL,NULL,NULL,NULL,NULL,'WCup',NULL,'USA'),
(8474590,'20162017',72,9,28,37,180,58,1635.1,1916,7,5,10,3,16,190.417,0,1,214.383,3,0,133,'National Hockey League',15,'Washington Capitals'),
(8474590,'20172018',82,15,53,68,237,47,2032.1,2164,0,6.33,32,4,32,303.717,0,0,215.483,4,1,133,'National Hockey League',15,'Washington Capitals'),
(8474590,'20182019',80,13,57,70,185,54,2005.18,2041,21,7.03,34,3,33,326.417,0,0,206.217,1,0,133,'National Hockey League',15,'Washington Capitals'),
(8474590,'20192020',69,15,60,75,189,55,1699.68,1770,12,7.9,26,2,26,277.717,0,0,103.05,6,0,133,'National Hockey League',15,'Washington Capitals'),
(8474590,'20202021',52,10,34,44,128,52,1236.67,1364,-5,7.8,12,3,15,170.033,0,0,100.05,1,0,133,'National Hockey League',15,'Washington Capitals'),
(8474590,'20212022',78,17,54,71,195,73,1857.25,2064,13,8.7,20,7,25,310.65,0,3,134.333,2,0,133,'National Hockey League',15,'Washington Capitals'),
(8474590,'20222023',40,9,20,29,124,42,935.583,1053,-7,7.26,12,3,12,158.367,1,1,63.9167,0,0,133,'National Hockey League',15,'Washington Capitals'),
(8474590,'20232024',6,1,4,5,15,5,151.733,159,-1,6.67,0,0,2,26.5667,0,0,17.95,0,0,133,'National Hockey League',15,'Washington Capitals'),
(8474596,'20052006',17,NULL,NULL,NULL,NULL,NULL,NULL,NULL,NULL,NULL,NULL,NULL,NULL,NULL,NULL,NULL,NULL,NULL,NULL,NULL,'NBPEIMMHL',NULL,'Fredericton Caps Midget AAA'),
(8474596,'20062007',22,NULL,NULL,NULL,NULL,NULL,NULL,NULL,NULL,NULL,NULL,NULL,NULL,NULL,NULL,NULL,NULL,NULL,NULL,NULL,'NBPEIMMHL',NULL,'Fredericton Caps Midget AAA'),
(8474596,'20072008',7,NULL,NULL,NULL,NULL,NULL,NULL,NULL,NULL,NULL,NULL,NULL,NULL,NULL,NULL,NULL,NULL,NULL,NULL,147,'WJ18-A',60,'Canada'),
(8474596,'20072008',30,NULL,NULL,NULL,NULL,NULL,1507.3,NULL,NULL,NULL,NULL,NULL,NULL,NULL,NULL,NULL,NULL,NULL,NULL,15,'QMJHL',NULL,'St. John\'s'),
(8474596,'20082009',53,NULL,NULL,NULL,NULL,NULL,3023,NULL,NULL,NULL,NULL,NULL,NULL,NULL,NULL,NULL,NULL,NULL,NULL,15,'QMJHL',6910,'Montreal'),
(8474596,'20092010',5,NULL,NULL,NULL,NULL,NULL,291,NULL,NULL,NULL,NULL,NULL,NULL,NULL,NULL,NULL,NULL,NULL,NULL,147,'WJC-A',60,'Canada'),
(8474596,'20092010',22,NULL,NULL,NULL,NULL,NULL,1271,NULL,NULL,NULL,NULL,NULL,NULL,NULL,NULL,NULL,NULL,NULL,NULL,15,'QMJHL',2904,'Drummondville'),
(8474596,'20092010',23,NULL,NULL,NULL,NULL,NULL,1241,NULL,NULL,NULL,NULL,NULL,NULL,NULL,NULL,NULL,NULL,NULL,NULL,15,'QMJHL',6910,'Montreal'),
(8474596,'20102011',47,NULL,NULL,NULL,NULL,NULL,2805,NULL,NULL,NULL,NULL,NULL,NULL,NULL,NULL,NULL,NULL,NULL,NULL,153,'AHL',7103,'Peoria'),
(8474596,'20112012',38,NULL,NULL,NULL,NULL,NULL,2148,NULL,NULL,NULL,NULL,NULL,NULL,NULL,NULL,NULL,NULL,NULL,NULL,153,'AHL',7103,'Peoria'),
(8474596,'20122013',35,NULL,NULL,NULL,NULL,NULL,2054,NULL,NULL,NULL,NULL,NULL,NULL,NULL,NULL,NULL,NULL,NULL,NULL,153,'AHL',7103,'Peoria'),
(8474596,'20122013',15,NULL,NULL,NULL,NULL,NULL,803.883,NULL,NULL,NULL,NULL,NULL,NULL,NULL,NULL,NULL,NULL,NULL,NULL,133,'National Hockey League',19,'St. Louis Blues'),
(8474596,'20132014',52,NULL,NULL,NULL,NULL,NULL,3138,NULL,NULL,NULL,NULL,NULL,NULL,NULL,NULL,NULL,NULL,NULL,NULL,153,'AHL',6838,'Chicago'),
(8474596,'20142015',37,NULL,NULL,NULL,NULL,NULL,2077.03,NULL,NULL,NULL,NULL,NULL,NULL,NULL,NULL,NULL,NULL,NULL,NULL,133,'National Hockey League',19,'St. Louis Blues'),
(8474596,'20152016',47,NULL,NULL,NULL,NULL,NULL,2583.37,NULL,NULL,NULL,NULL,NULL,NULL,NULL,NULL,NULL,NULL,NULL,NULL,133,'National Hockey League',19,'St. Louis Blues'),
(8474596,'20162017',61,NULL,NULL,NULL,NULL,NULL,3418.32,NULL,NULL,NULL,NULL,NULL,NULL,NULL,NULL,NULL,NULL,NULL,NULL,133,'National Hockey League',19,'St. Louis Blues'),
(8474596,'20172018',59,NULL,NULL,NULL,NULL,NULL,3316.97,NULL,NULL,NULL,NULL,NULL,NULL,NULL,NULL,NULL,NULL,NULL,NULL,133,'National Hockey League',19,'St. Louis Blues'),
(8474596,'20182019',46,NULL,NULL,NULL,NULL,NULL,2567.95,NULL,NULL,NULL,NULL,NULL,NULL,NULL,NULL,NULL,NULL,NULL,NULL,133,'National Hockey League',19,'St. Louis Blues'),
(8474596,'20192020',24,NULL,NULL,NULL,NULL,NULL,1339.07,NULL,NULL,NULL,NULL,NULL,NULL,NULL,NULL,NULL,NULL,NULL,NULL,133,'National Hockey League',19,'St. Louis Blues'),
(8474596,'20202021',29,NULL,NULL,NULL,NULL,NULL,1702.6,NULL,NULL,NULL,NULL,NULL,NULL,NULL,NULL,NULL,NULL,NULL,NULL,133,'National Hockey League',8,'Montréal Canadiens'),
(8474596,'20212022',35,NULL,NULL,NULL,NULL,NULL,1947.67,NULL,NULL,NULL,NULL,NULL,NULL,NULL,NULL,NULL,NULL,NULL,NULL,133,'National Hockey League',8,'Montréal Canadiens'),
(8474596,'20222023',42,NULL,NULL,NULL,NULL,NULL,2450.42,NULL,NULL,NULL,NULL,NULL,NULL,NULL,NULL,NULL,NULL,NULL,NULL,133,'National Hockey League',8,'Montréal Canadiens'),
(8474596,'20232024',1,NULL,NULL,NULL,NULL,NULL,65,NULL,NULL,NULL,NULL,NULL,NULL,NULL,NULL,NULL,NULL,NULL,NULL,133,'National Hockey League',8,'Montréal Canadiens'),
(8474716,'20022003',36,2,19,21,NULL,NULL,NULL,NULL,0,NULL,12,NULL,NULL,NULL,NULL,NULL,NULL,NULL,NULL,NULL,'AMBHL',NULL,'Knights of Columbus Squires Btm'),
(8474716,'20032004',37,16,19,35,NULL,NULL,NULL,NULL,0,NULL,58,NULL,NULL,NULL,NULL,NULL,NULL,NULL,NULL,NULL,'AMBHL',NULL,'Knights of Columbus Squires Btm'),
(8474716,'20042005',26,9,21,30,NULL,NULL,0,0,NULL,NULL,16,NULL,NULL,0,NULL,NULL,0,NULL,NULL,NULL,'AMHL',NULL,'K of C Pats'),
(8474716,'20052006',46,3,9,12,NULL,NULL,NULL,NULL,-10,NULL,28,2,NULL,NULL,0,NULL,NULL,NULL,NULL,21,'WHL',4808,'Spokane'),
(8474716,'20062007',38,4,15,19,NULL,NULL,NULL,NULL,-2,NULL,16,2,NULL,NULL,0,NULL,NULL,0,NULL,21,'WHL',4808,'Spokane'),
(8474716,'20072008',69,12,31,43,NULL,NULL,NULL,NULL,36,NULL,19,5,NULL,NULL,0,NULL,NULL,NULL,NULL,21,'WHL',4808,'Spokane'),
(8474716,'20082009',59,10,35,45,NULL,NULL,NULL,NULL,36,NULL,37,3,NULL,NULL,0,NULL,NULL,NULL,NULL,21,'WHL',4808,'Spokane'),
(8474716,'20092010',54,8,43,51,NULL,NULL,NULL,NULL,4,NULL,18,5,NULL,NULL,0,NULL,NULL,NULL,NULL,21,'WHL',4808,'Spokane'),
(8474716,'20102011',23,2,7,9,34,NULL,NULL,NULL,-5,5.88,10,1,NULL,NULL,0,NULL,NULL,0,NULL,153,'AHL',5612,'Houston'),
(8474716,'20102011',53,4,8,12,38,37,798.817,1139,-1,10.53,2,2,6,78.15,0,0,14.6833,1,0,133,'National Hockey League',30,'Minnesota Wild'),
(8474716,'20112012',70,3,20,23,92,36,1511.95,2015,-4,3.26,6,2,12,191.6,0,0,119.2,1,0,133,'National Hockey League',30,'Minnesota Wild'),
(8474716,'20122013',12,3,4,7,NULL,NULL,NULL,NULL,NULL,NULL,6,NULL,NULL,NULL,NULL,NULL,NULL,NULL,NULL,293,'Swiss',5842,'Langnau'),
(8474716,'20122013',39,5,10,15,67,46,840.2,1087,1,7.46,4,4,7,120.633,0,0,51.6167,2,0,133,'National Hockey League',30,'Minnesota Wild'),
(8474716,'20132014',67,5,21,26,91,80,1516.95,1967,15,5.49,16,2,7,142.183,0,0,135.6,1,0,133,'National Hockey League',30,'Minnesota Wild'),
(8474716,'20142015',66,9,16,25,128,48,1493.1,1896,3,7.03,6,3,6,133.667,0,0,143.983,2,0,133,'National Hockey League',30,'Minnesota Wild'),
(8474716,'20152016',77,11,18,29,122,51,1746.25,2268,11,9.02,14,5,13,136.217,0,3,135.533,2,0,133,'National Hockey League',30,'Minnesota Wild'),
(8474716,'20162017',76,10,28,38,144,49,1826.52,2084,33,6.94,20,1,5,170.283,0,1,164.667,2,1,133,'National Hockey League',30,'Minnesota Wild'),
(8474716,'20172018',61,9,28,37,110,64,1497.28,1639,-6,8.18,8,3,13,159.917,0,0,171.583,2,1,133,'National Hockey League',30,'Minnesota Wild'),
(8474716,'20182019',82,14,29,43,152,91,1979.87,2170,-1,9.21,20,4,11,199.317,0,1,192.383,0,0,133,'National Hockey League',30,'Minnesota Wild'),
(8474716,'20192020',62,12,20,32,112,61,1399.53,1560,-1,10.7,18,3,13,153.45,0,0,151.8,2,0,133,'National Hockey League',30,'Minnesota Wild'),
(8474716,'20202021',54,7,18,25,94,52,1192.77,1308,-2,7.4,6,3,9,152.867,0,0,107.3,0,0,133,'National Hockey League',30,'Minnesota Wild'),
(8474716,'20212022',65,10,30,40,116,44,1374.75,1531,32,8.6,10,0,14,196.917,0,0,130.167,2,2,133,'National Hockey League',30,'Minnesota Wild'),
(8474716,'20222023',79,11,23,34,149,66,1723.15,2019,32,7.38,14,1,4,97.8,0,1,233.65,3,0,133,'National Hockey League',30,'Minnesota Wild'),
(8475149,'20042005',3,0,2,2,NULL,NULL,NULL,NULL,NULL,NULL,4,NULL,NULL,NULL,NULL,NULL,NULL,NULL,NULL,NULL,'U16 SM',NULL,'Malmö Redhawks U16'),
(8475149,'20052006',12,0,7,7,NULL,NULL,NULL,NULL,NULL,NULL,0,NULL,NULL,NULL,NULL,NULL,NULL,NULL,NULL,NULL,'Swe-U18',NULL,'Malmo U18'),
(8475149,'20062007',12,5,9,14,NULL,NULL,NULL,NULL,NULL,NULL,8,NULL,NULL,NULL,NULL,NULL,NULL,NULL,NULL,NULL,'Swe-U18',NULL,'Farjestad U18'),
(8475149,'20062007',6,0,4,4,NULL,NULL,NULL,NULL,NULL,NULL,0,NULL,NULL,NULL,NULL,NULL,NULL,NULL,NULL,147,'WJ18-A',66,'Sweden'),
(8475149,'20072008',24,12,26,38,NULL,NULL,NULL,NULL,NULL,NULL,16,NULL,NULL,NULL,NULL,NULL,NULL,NULL,NULL,NULL,'Swe-U18',NULL,'Farjestad U18'),
(8475149,'20072008',19,2,10,12,NULL,NULL,NULL,NULL,NULL,NULL,10,NULL,NULL,NULL,NULL,NULL,NULL,NULL,NULL,NULL,'Sweden-3',NULL,'Skare '),
(8475149,'20072008',6,3,2,5,NULL,NULL,NULL,NULL,NULL,NULL,14,NULL,NULL,NULL,NULL,NULL,NULL,NULL,NULL,147,'WJ18-A',66,'Sweden'),
(8475149,'20082009',45,5,5,10,NULL,NULL,NULL,NULL,NULL,NULL,10,NULL,NULL,NULL,NULL,NULL,NULL,NULL,NULL,315,'Sweden',3220,'Farjestad'),
(8475149,'20082009',2,2,0,2,NULL,NULL,NULL,NULL,NULL,NULL,0,NULL,NULL,NULL,NULL,NULL,NULL,NULL,NULL,NULL,'Swe-U18',NULL,'Farjestad U18'),
(8475149,'20082009',5,5,5,10,NULL,NULL,NULL,NULL,NULL,NULL,0,NULL,NULL,NULL,NULL,NULL,NULL,NULL,NULL,NULL,'Sweden-3',NULL,'Skare'),
(8475149,'20082009',6,2,0,2,NULL,NULL,NULL,NULL,NULL,NULL,0,NULL,NULL,NULL,NULL,NULL,NULL,NULL,NULL,147,'WJC-A',66,'Sweden'),
(8475149,'20092010',42,10,10,20,NULL,NULL,NULL,NULL,NULL,NULL,10,NULL,NULL,NULL,NULL,NULL,NULL,NULL,NULL,315,'Sweden',3220,'Farjestad'),
(8475149,'20092010',5,1,5,6,NULL,NULL,NULL,NULL,NULL,NULL,29,NULL,NULL,NULL,NULL,NULL,NULL,NULL,NULL,147,'WJC-A',66,'Sweden'),
(8475149,'20102011',2,0,0,0,3,NULL,NULL,NULL,1,0,0,0,NULL,NULL,0,NULL,NULL,0,NULL,153,'AHL',6660,'Hershey'),
(8475149,'20102011',69,13,14,27,102,47,1015.9,1301,2,12.75,10,2,3,65.8833,1,1,81.5167,2,0,133,'National Hockey League',15,'Washington Capitals'),
(8475149,'20112012',80,14,32,46,90,61,1344.28,1584,-5,15.56,8,1,8,183.183,0,0,43.2667,3,0,133,'National Hockey League',15,'Washington Capitals'),
(8475149,'20122013',16,8,10,18,NULL,NULL,NULL,NULL,NULL,NULL,8,NULL,NULL,NULL,NULL,NULL,NULL,NULL,NULL,315,'Sweden-2',3200,'Bofors'),
(8475149,'20122013',34,6,16,22,40,14,563.917,705,3,15,4,3,4,56.25,0,1,32.6333,1,0,133,'National Hockey League',15,'Washington Capitals'),
(8475149,'20132014',5,0,1,1,5,NULL,NULL,NULL,1,NULL,4,0,NULL,NULL,0,NULL,NULL,0,NULL,147,'Olympics',66,'Sweden'),
(8475149,'20132014',80,8,36,44,107,49,1403.07,1722,-21,7.48,4,6,21,240.167,0,0,26.3,1,0,133,'National Hockey League',15,'Washington Capitals'),
(8475149,'20142015',82,20,27,47,138,69,1350.95,1614,6,14.49,10,3,15,239.667,0,0,3.03333,1,0,133,'National Hockey League',15,'Washington Capitals'),
(8475149,'20152016',74,17,29,46,132,38,1231.33,1460,12,12.88,16,6,14,202.633,0,0,3.65,7,0,133,'National Hockey League',15,'Washington Capitals'),
(8475149,'20162017',82,24,34,58,129,32,1393.5,1613,25,18.6,10,5,19,231.367,0,0,2.61667,5,2,133,'National Hockey League',15,'Washington Capitals'),
(8475149,'20172018',29,5,9,14,42,8,463.75,533,-11,11.9,14,1,3,83.85,0,0,2.68333,0,0,133,'National Hockey League',1,'New Jersey Devils'),
(8475149,'20182019',10,1,2,3,12,5,134.117,162,-1,8.33,0,0,0,15.1167,0,0,0,0,0,133,'National Hockey League',6,'Boston Bruins'),
(8475149,'20182019',48,12,15,27,103,23,789.45,944,-15,11.65,8,2,9,128.967,0,0,1.86667,1,0,133,'National Hockey League',1,'New Jersey Devils'),
(8475149,'20192020',60,9,21,30,87,39,1028.83,1259,-12,10.3,20,1,6,147.867,0,0,19.4167,1,1,133,'National Hockey League',7,'Buffalo Sabres'),
(8475149,'20202021',36,6,8,14,46,12,573.7,698,-10,13,4,2,6,65.1,0,0,45.5167,3,1,133,'National Hockey League',30,'Minnesota Wild'),
(8475149,'20212022',51,6,17,23,81,17,845.65,1057,-22,7.4,4,3,9,133.717,0,0,0.85,1,0,133,'National Hockey League',55,'Seattle Kraken'),
(8475149,'20212022',18,3,3,6,30,14,267.217,322,-4,10,0,0,1,37.1833,0,0,0.0166667,1,0,133,'National Hockey League',15,'Washington Capitals'),
(8475149,'20222023',20,6,12,18,42,1,354.167,401,6,14.29,0,1,5,50.6667,1,1,20.3333,2,0,133,'National Hockey League',30,'Minnesota Wild'),
(8475149,'20222023',60,13,15,28,95,25,965.033,1141,-3,13.68,8,4,13,172.033,1,1,39.0333,5,1,133,'National Hockey League',15,'Washington Capitals'),
(8475149,'20232024',3,0,0,0,2,1,46.35,56,0,0,0,0,0,10.2333,0,0,1.33333,0,0,133,'National Hockey League',30,'Minnesota Wild'),
(8475220,'20052006',31,16,15,31,NULL,NULL,NULL,NULL,0,NULL,133,NULL,NULL,NULL,NULL,NULL,NULL,NULL,NULL,NULL,'NOBHL',NULL,'Sudbury Wolves Bantam AAA'),
(8475220,'20062007',30,21,15,36,NULL,NULL,NULL,NULL,NULL,NULL,70,NULL,NULL,NULL,NULL,NULL,NULL,NULL,NULL,NULL,'Minor-ON',NULL,'Sudbury'),
(8475220,'20072008',66,5,6,11,NULL,NULL,NULL,NULL,-28,NULL,38,0,NULL,NULL,0,NULL,NULL,NULL,NULL,141,'OHL',2766,'Sudbury'),
(8475220,'20082009',65,12,18,30,NULL,NULL,NULL,NULL,-21,NULL,96,5,NULL,NULL,0,NULL,NULL,NULL,NULL,141,'OHL',2766,'Sudbury'),
(8475220,'20092010',67,14,25,39,NULL,NULL,NULL,NULL,-3,NULL,156,3,NULL,NULL,1,NULL,NULL,NULL,NULL,141,'OHL',2766,'Sudbury'),
(8475220,'20102011',7,2,2,4,NULL,NULL,NULL,NULL,2,NULL,2,1,NULL,NULL,0,NULL,NULL,0,NULL,147,'WJC-A',60,'Canada'),
(8475220,'20102011',47,23,36,59,NULL,NULL,NULL,NULL,5,NULL,92,11,NULL,NULL,5,NULL,NULL,NULL,NULL,141,'OHL',2766,'Sudbury'),
(8475220,'20112012',14,6,7,13,23,44,221.417,280,6,26.09,9,2,3,17.9333,0,0,0.466667,1,0,133,'National Hockey League',7,'Buffalo Sabres'),
(8475220,'20112012',60,16,23,39,110,NULL,NULL,NULL,19,14.55,78,2,NULL,NULL,0,NULL,NULL,5,NULL,153,'AHL',6674,'Rochester'),
(8475220,'20122013',47,5,13,18,55,108,640.483,789,-4,9.09,41,1,4,72.4167,0,1,6.56667,0,0,133,'National Hockey League',7,'Buffalo Sabres'),
(8475220,'20122013',33,10,17,27,77,NULL,NULL,NULL,7,12.99,38,3,NULL,NULL,0,NULL,NULL,3,NULL,153,'AHL',6674,'Rochester'),
(8475220,'20132014',74,7,12,19,79,206,1114.62,1441,-17,8.86,82,0,1,81.8667,1,1,82.8833,3,0,133,'National Hockey League',7,'Buffalo Sabres'),
(8475220,'20142015',57,8,12,20,66,193,924.833,1166,-5,12.12,50,0,1,52.2167,0,1,78.75,0,0,133,'National Hockey League',7,'Buffalo Sabres'),
(8475220,'20152016',75,10,13,23,81,193,988.833,1385,4,12.35,79,0,2,16.05,2,2,30.25,2,0,133,'National Hockey League',7,'Buffalo Sabres'),
(8475220,'20162017',80,13,10,23,97,279,1237.73,1592,-1,13.4,73,0,0,12.3833,1,1,92.75,0,0,133,'National Hockey League',7,'Buffalo Sabres'),
(8475220,'20172018',77,8,15,23,79,185,836.45,1129,2,10.13,72,1,2,20.4667,0,0,0.316667,2,0,133,'National Hockey League',30,'Minnesota Wild'),
(8475220,'20182019',82,7,12,19,91,206,981.55,1336,-1,7.69,55,0,1,3.68333,0,1,147.65,0,0,133,'National Hockey League',30,'Minnesota Wild'),
(8475220,'20192020',59,11,14,25,86,184,860.6,1116,8,12.8,30,0,0,1.91667,0,0,107.233,0,0,133,'National Hockey League',30,'Minnesota Wild'),
(8475220,'20202021',39,11,15,26,40,109,583.533,727,19,27.5,49,0,0,9.95,1,1,56.8667,2,0,133,'National Hockey League',30,'Minnesota Wild'),
(8475220,'20212022',74,23,19,42,98,238,1214.18,1481,25,23.5,112,5,7,127.15,0,0,137.55,3,1,133,'National Hockey League',30,'Minnesota Wild'),
(8475220,'20222023',65,7,14,21,83,237,974.4,1234,-6,8.43,97,0,3,76.2667,0,0,68.0167,0,0,133,'National Hockey League',30,'Minnesota Wild'),
(8475220,'20232024',3,0,1,1,3,15,43.1667,54,1,0,9,0,0,5.06667,0,0,2.88333,0,0,133,'National Hockey League',30,'Minnesota Wild'),
(8475233,'20062007',44,10,16,26,NULL,NULL,NULL,NULL,NULL,NULL,52,NULL,NULL,NULL,NULL,NULL,NULL,NULL,NULL,NULL,'QAAA',NULL,'Sem. St-Francois'),
(8475233,'20072008',35,1,6,7,NULL,NULL,NULL,NULL,-2,NULL,22,1,NULL,NULL,0,NULL,NULL,NULL,NULL,NULL,'QMJHL',NULL,'Baie-Comeau'),
(8475233,'20072008',32,0,5,5,NULL,NULL,NULL,NULL,-19,NULL,18,0,NULL,NULL,NULL,NULL,NULL,NULL,NULL,15,'QMJHL',2916,'Moncton'),
(8475233,'20082009',68,9,35,44,NULL,NULL,NULL,NULL,29,NULL,33,6,NULL,NULL,0,NULL,NULL,NULL,NULL,15,'QMJHL',2916,'Moncton'),
(8475233,'20092010',64,13,64,77,NULL,NULL,NULL,NULL,32,NULL,36,7,NULL,NULL,0,NULL,NULL,4,NULL,15,'QMJHL',2916,'Moncton'),
(8475233,'20102011',72,11,32,43,95,NULL,NULL,NULL,-6,11.58,18,2,NULL,NULL,0,NULL,NULL,1,NULL,153,'AHL',6678,'Springfield'),
(8475233,'20112012',31,2,8,10,34,30,513.817,621,0,5.88,16,1,4,71.7167,0,0,5.66667,0,0,133,'National Hockey League',29,'Columbus Blue Jackets'),
(8475233,'20112012',44,4,18,22,59,NULL,NULL,NULL,6,6.78,72,2,NULL,NULL,0,NULL,NULL,1,NULL,153,'AHL',6678,'Springfield'),
(8475233,'20122013',4,0,0,0,1,4,52.8,68,-3,0,0,0,0,0.333333,0,0,2.85,0,0,133,'National Hockey League',29,'Columbus Blue Jackets'),
(8475233,'20122013',60,5,26,31,104,NULL,NULL,NULL,12,4.81,40,2,NULL,NULL,1,NULL,NULL,0,NULL,153,'AHL',6678,'Springfield'),
(8475233,'20132014',70,5,10,15,63,149,1248.02,1401,2,7.94,28,1,4,40.85,0,0,94.1167,1,0,133,'National Hockey League',29,'Columbus Blue Jackets'),
(8475233,'20142015',10,0,4,4,13,NULL,NULL,NULL,10,NULL,6,0,NULL,NULL,0,NULL,NULL,0,NULL,147,'WC-A',60,'Canada'),
(8475233,'20142015',82,11,25,36,112,195,1881.4,2165,0,9.82,71,3,10,159.95,0,0,235.283,3,0,133,'National Hockey League',29,'Columbus Blue Jackets'),
(8475233,'20152016',65,4,21,25,122,122,1506.22,1753,-7,3.28,45,1,5,138.35,0,1,189.9,0,0,133,'National Hockey League',29,'Columbus Blue Jackets'),
(8475233,'20162017',74,6,17,23,135,127,1615.67,2056,33,4.44,44,0,0,15.4333,0,2,181.667,0,0,133,'National Hockey League',29,'Columbus Blue Jackets'),
(8475233,'20172018',81,4,12,16,145,144,1569.78,1984,2,2.76,32,0,0,14.3667,0,1,179.2,0,0,133,'National Hockey League',29,'Columbus Blue Jackets'),
(8475233,'20182019',82,8,16,24,124,122,1618.98,2083,19,6.45,36,0,0,6.61667,0,0,140.183,1,0,133,'National Hockey League',29,'Columbus Blue Jackets'),
(8475233,'20192020',68,0,11,11,97,129,1406.62,1760,-3,0,35,0,2,14.4667,0,0,124.733,0,0,133,'National Hockey League',29,'Columbus Blue Jackets'),
(8475233,'20202021',40,1,5,6,48,95,785.633,981,-19,2.1,24,0,0,5.93333,0,1,71.7333,1,0,133,'National Hockey League',29,'Columbus Blue Jackets'),
(8475233,'20202021',14,0,0,0,21,37,286.05,340,-8,0,0,0,0,1.15,0,0,30.75,0,0,133,'National Hockey League',14,'Tampa Bay Lightning'),
(8475233,'20212022',62,3,14,17,66,134,1289.02,1434,-22,4.5,36,0,0,3.68333,0,1,173.717,0,0,133,'National Hockey League',8,'Montréal Canadiens'),
(8475233,'20222023',62,3,17,20,63,61,1388,1463,-14,4.76,40,0,0,9.2,0,1,204.433,1,0,133,'National Hockey League',8,'Montréal Canadiens'),
(8475233,'20232024',2,0,0,0,1,0,46.4333,43,-3,0,2,0,0,0.0833333,0,0,11.1333,0,0,133,'National Hockey League',8,'Montréal Canadiens'),
(8475287,'20052006',9,9,7,16,NULL,NULL,NULL,NULL,0,NULL,2,NULL,NULL,NULL,NULL,NULL,NULL,NULL,NULL,NULL,'Jr. C SM-sarja Q',NULL,'Ässät U16'),
(8475287,'20062007',29,19,24,43,NULL,NULL,NULL,NULL,NULL,NULL,24,NULL,NULL,NULL,NULL,NULL,NULL,NULL,NULL,NULL,'Fin-U18',NULL,'Assat U18'),
(8475287,'20072008',40,7,15,22,NULL,NULL,NULL,NULL,NULL,NULL,26,NULL,NULL,NULL,NULL,NULL,NULL,NULL,NULL,267,'Fin-Jr.',2414,'Assat Jr.'),
(8475287,'20072008',3,1,1,2,NULL,NULL,NULL,NULL,NULL,NULL,0,NULL,NULL,NULL,NULL,NULL,NULL,NULL,NULL,NULL,'Fin-U18',NULL,'Assat U18'),
(8475287,'20072008',6,1,3,4,NULL,NULL,NULL,NULL,NULL,NULL,2,NULL,NULL,NULL,NULL,NULL,NULL,NULL,NULL,147,'WJ18-A',62,'Finland'),
(8475287,'20082009',6,3,1,4,NULL,NULL,NULL,NULL,NULL,NULL,2,NULL,NULL,NULL,NULL,NULL,NULL,NULL,NULL,147,'WJ18-A',62,'Finland'),
(8475287,'20082009',53,26,58,84,NULL,NULL,NULL,NULL,NULL,NULL,46,NULL,NULL,NULL,NULL,NULL,NULL,NULL,NULL,23,'High-MN',4568,'Shat.-St. Mary\'s'),
(8475287,'20092010',56,28,44,72,NULL,NULL,NULL,NULL,NULL,NULL,59,NULL,NULL,NULL,NULL,NULL,NULL,NULL,NULL,83,'USHL',3572,'Omaha'),
(8475287,'20102011',6,4,3,7,NULL,NULL,NULL,NULL,2,NULL,10,1,NULL,NULL,2,NULL,NULL,0,NULL,147,'WJC-A',62,'Finland'),
(8475287,'20102011',34,6,18,24,NULL,NULL,NULL,NULL,NULL,NULL,22,2,NULL,NULL,1,NULL,NULL,1,NULL,221,'WCHA',4738,'U. of Minnesota'),
(8475287,'20112012',43,20,29,49,NULL,NULL,NULL,NULL,NULL,NULL,30,8,NULL,NULL,1,NULL,NULL,4,NULL,221,'WCHA',4738,'U. of Minnesota'),
(8475287,'20122013',6,0,2,2,12,NULL,NULL,NULL,1,0,2,0,NULL,NULL,0,NULL,NULL,0,NULL,153,'AHL',5612,'Houston'),
(8475287,'20122013',37,16,35,51,NULL,NULL,NULL,NULL,NULL,NULL,14,3,NULL,NULL,1,NULL,NULL,2,NULL,221,'WCHA',4738,'U. of Minnesota'),
(8475287,'20132014',6,0,1,1,10,NULL,NULL,NULL,-2,NULL,2,0,NULL,NULL,0,NULL,NULL,0,NULL,147,'WC-A',62,'Finland'),
(8475287,'20132014',31,14,13,27,80,NULL,NULL,NULL,2,17.5,14,5,NULL,NULL,0,NULL,NULL,3,NULL,153,'AHL',7279,'Iowa'),
(8475287,'20132014',46,6,9,15,56,23,466.733,767,14,10.71,29,0,0,4.8,1,1,51.0333,1,0,133,'National Hockey League',30,'Minnesota Wild'),
(8475287,'20142015',72,7,7,14,92,31,874.833,1267,-7,7.61,32,1,1,5.58333,0,1,153.783,1,0,133,'National Hockey League',30,'Minnesota Wild'),
(8475287,'20152016',76,14,20,34,99,57,967.267,1418,21,14.14,24,0,1,6.56667,2,4,132.65,2,0,133,'National Hockey League',30,'Minnesota Wild'),
(8475287,'20162017',1,0,0,0,NULL,NULL,NULL,NULL,-1,NULL,0,NULL,NULL,NULL,NULL,NULL,NULL,NULL,NULL,NULL,'WCup',NULL,'Finland'),
(8475287,'20162017',72,15,11,26,134,39,994.55,1389,5,11.19,28,1,1,14.5167,0,0,77.1667,4,0,133,'National Hockey League',30,'Minnesota Wild'),
(8475287,'20172018',76,29,26,55,175,85,1320.4,1530,-16,16.57,37,11,19,181.017,0,0,40.4833,4,0,133,'National Hockey League',54,'Vegas Golden Knights'),
(8475287,'20182019',15,2,5,7,26,11,248.817,289,1,7.69,10,0,1,35.4,0,0,2.25,0,0,133,'National Hockey League',54,'Vegas Golden Knights'),
(8475287,'20192020',41,12,10,22,78,18,650.133,814,1,15.4,20,4,8,104.633,0,0,26.95,2,0,133,'National Hockey League',12,'Carolina Hurricanes'),
(8475287,'20192020',7,0,2,2,14,9,109.733,159,0,0,2,0,0,5.75,0,0,9.95,0,0,133,'National Hockey League',13,'Florida Panthers'),
(8475287,'20202021',51,9,12,21,85,63,816.15,1055,4,10.6,14,1,3,75.7833,2,2,101.667,2,1,133,'National Hockey League',18,'Nashville Predators'),
(8475287,'20212022',78,18,26,44,141,129,1177.28,1522,19,12.8,47,2,4,74.4167,0,0,58.3167,3,0,133,'National Hockey League',6,'Boston Bruins'),
(8475287,'20222023',80,14,27,41,164,92,1330.48,1789,13,8.54,47,2,7,93.8,2,3,155.2,0,0,133,'National Hockey League',1,'New Jersey Devils'),
(8475287,'20232024',7,5,1,6,19,6,103.467,146,2,26.32,10,1,1,5.16667,1,1,17.45,2,0,133,'National Hockey League',1,'New Jersey Devils'),
(8475692,'20032004',20,7,14,21,NULL,NULL,NULL,NULL,NULL,NULL,14,NULL,NULL,NULL,NULL,NULL,NULL,NULL,NULL,NULL,'Norway-Jr.',NULL,'Frisk Jr.'),
(8475692,'20032004',24,23,14,37,NULL,NULL,NULL,NULL,NULL,NULL,44,NULL,NULL,NULL,NULL,NULL,NULL,NULL,NULL,NULL,'Nor-U18',NULL,'Frisk U18'),
(8475692,'20032004',6,0,2,2,NULL,NULL,NULL,NULL,NULL,NULL,8,NULL,NULL,NULL,NULL,NULL,NULL,NULL,NULL,147,'WJ18-A',7225,'Norway'),
(8475692,'20042005',27,19,17,36,NULL,NULL,NULL,NULL,NULL,NULL,16,NULL,NULL,NULL,NULL,NULL,NULL,NULL,NULL,NULL,'Norway-Jr.',NULL,'Frisk Jr.'),
(8475692,'20042005',12,11,18,29,NULL,NULL,NULL,NULL,NULL,NULL,50,NULL,NULL,NULL,NULL,NULL,NULL,NULL,NULL,NULL,'Nor-U18',NULL,'Frisk U18'),
(8475692,'20042005',1,0,0,0,NULL,NULL,NULL,NULL,NULL,NULL,0,NULL,NULL,NULL,NULL,NULL,NULL,NULL,NULL,NULL,'Norway',NULL,'Frisk-Asker'),
(8475692,'20042005',5,2,3,5,NULL,NULL,NULL,NULL,NULL,NULL,6,NULL,NULL,NULL,NULL,NULL,NULL,NULL,NULL,147,'WJ18-B',7225,'Norway'),
(8475692,'20052006',21,5,3,8,NULL,NULL,NULL,NULL,NULL,NULL,12,NULL,NULL,NULL,NULL,NULL,NULL,NULL,NULL,NULL,'Norway',NULL,'Asker'),
(8475692,'20052006',2,7,0,7,NULL,NULL,NULL,NULL,NULL,NULL,0,NULL,NULL,NULL,NULL,NULL,NULL,NULL,NULL,NULL,'Norway-Jr.',NULL,'Asker Jr.'),
(8475692,'20052006',6,0,2,2,NULL,NULL,NULL,NULL,NULL,NULL,4,NULL,NULL,NULL,NULL,NULL,NULL,NULL,NULL,147,'WJC-A',7225,'Norway'),
(8475692,'20062007',43,34,25,59,NULL,NULL,NULL,NULL,NULL,NULL,36,NULL,NULL,NULL,NULL,NULL,NULL,NULL,NULL,NULL,'Norway',NULL,'Frisk'),
(8475692,'20062007',5,2,5,7,NULL,NULL,NULL,NULL,NULL,NULL,2,NULL,NULL,NULL,NULL,NULL,NULL,NULL,NULL,147,'WJC-B',7225,'Norway'),
(8475692,'20072008',33,24,40,64,NULL,NULL,NULL,NULL,NULL,NULL,48,NULL,NULL,NULL,NULL,NULL,NULL,NULL,NULL,NULL,'Norway',NULL,'Frisk'),
(8475692,'20072008',7,1,0,1,NULL,NULL,NULL,NULL,-5,NULL,2,NULL,NULL,NULL,NULL,NULL,NULL,NULL,NULL,147,'WC-A',7225,'Norway'),
(8475692,'20082009',35,12,28,40,NULL,NULL,NULL,NULL,NULL,NULL,38,NULL,NULL,NULL,NULL,NULL,NULL,NULL,NULL,315,'Sweden',3264,'Modo'),
(8475692,'20082009',6,3,0,3,NULL,NULL,NULL,NULL,NULL,NULL,8,NULL,NULL,NULL,NULL,NULL,NULL,NULL,NULL,147,'WC-A',7225,'Norway'),
(8475692,'20092010',55,23,41,64,NULL,NULL,NULL,NULL,NULL,NULL,62,NULL,NULL,NULL,NULL,NULL,NULL,NULL,NULL,315,'Sweden',3264,'Modo'),
(8475692,'20092010',6,3,1,4,NULL,NULL,NULL,NULL,NULL,NULL,6,NULL,NULL,NULL,NULL,NULL,NULL,NULL,NULL,147,'WC-A',7225,'Norway'),
(8475692,'20102011',36,13,16,29,107,NULL,NULL,NULL,2,12.15,16,3,NULL,NULL,0,NULL,NULL,2,NULL,NULL,'AHL',NULL,'Connecticut'),
(8475692,'20102011',42,6,17,23,74,56,595.233,709,3,8.11,4,0,9,106.7,0,0,0.0333333,2,1,133,'National Hockey League',3,'New York Rangers'),
(8475692,'20112012',37,12,24,36,92,NULL,NULL,NULL,5,13.04,22,5,NULL,NULL,0,NULL,NULL,1,NULL,NULL,'AHL',NULL,'Connecticut'),
(8475692,'20112012',10,2,1,3,10,8,100.433,123,0,20,6,1,2,30.1,0,0,0.633333,1,0,133,'National Hockey League',3,'New York Rangers'),
(8475692,'20122013',44,11,17,28,NULL,NULL,NULL,NULL,NULL,NULL,30,NULL,NULL,NULL,NULL,NULL,NULL,NULL,NULL,392,'KHL',3020,'Magnitogorsk'),
(8475692,'20122013',15,3,5,8,27,27,246.367,292,10,11.11,8,0,1,36.1833,0,1,0.15,0,0,133,'National Hockey League',3,'New York Rangers'),
(8475692,'20132014',77,19,40,59,170,116,1319.75,1733,11,11.18,32,4,17,201.417,1,1,43.5333,4,0,133,'National Hockey League',3,'New York Rangers'),
(8475692,'20132014',3,0,0,0,10,NULL,NULL,NULL,-2,NULL,2,0,NULL,NULL,0,NULL,NULL,0,NULL,147,'Olympics',7225,'Norway'),
(8475692,'20142015',78,15,34,49,154,120,1346.2,1822,17,9.74,45,0,6,153.15,0,0,29.5667,3,0,133,'National Hockey League',3,'New York Rangers'),
(8475692,'20152016',81,26,35,61,166,88,1496.6,1901,2,15.66,34,7,18,219.233,0,0,9.9,4,1,133,'National Hockey League',3,'New York Rangers'),
(8475692,'20152016',7,1,2,3,28,NULL,NULL,NULL,-2,NULL,4,0,NULL,NULL,0,NULL,NULL,0,NULL,147,'WC-A',7225,'Norway'),
(8475692,'20162017',80,15,44,59,189,85,1506.3,1922,15,7.94,26,5,14,218.433,0,0,36.0333,3,0,133,'National Hockey League',3,'New York Rangers'),
(8475692,'20162017',3,2,3,5,NULL,NULL,NULL,NULL,2,NULL,0,NULL,NULL,NULL,NULL,NULL,NULL,NULL,NULL,NULL,'OGQ',NULL,'Norway'),
(8475692,'20162017',6,1,3,4,NULL,NULL,NULL,NULL,2,NULL,4,NULL,NULL,NULL,NULL,NULL,NULL,NULL,NULL,NULL,'WCup',NULL,'Team Europe'),
(8475692,'20172018',80,16,37,53,178,62,1513.93,1915,-10,8.99,36,1,17,220.35,0,0,89.2167,3,2,133,'National Hockey League',3,'New York Rangers'),
(8475692,'20182019',2,1,2,3,5,0,31.9667,38,3,20,0,0,1,7.45,0,0,0,0,0,133,'National Hockey League',25,'Dallas Stars'),
(8475692,'20182019',46,11,26,37,99,57,920.9,1091,-11,11.11,24,3,14,136.383,0,0,72.7167,1,0,133,'National Hockey League',3,'New York Rangers'),
(8475692,'20192020',65,15,22,37,96,13,1036.07,1191,-9,15.6,18,3,7,159.367,0,0,1.88333,2,0,133,'National Hockey League',30,'Minnesota Wild'),
(8475692,'20202021',42,11,24,35,74,12,700.633,765,9,14.9,8,3,6,98.65,0,0,0.25,0,0,133,'National Hockey League',30,'Minnesota Wild'),
(8475692,'20212022',70,24,55,79,159,36,1301.25,1327,21,15.1,24,7,28,217.3,0,0,4.7,2,0,133,'National Hockey League',30,'Minnesota Wild'),
(8475692,'20212022',3,1,1,2,NULL,NULL,NULL,NULL,3,NULL,4,NULL,NULL,NULL,NULL,NULL,NULL,NULL,NULL,NULL,'OGQ',NULL,'Norway'),
(8475692,'20222023',78,22,45,67,198,51,1575.1,1492,-3,11.11,26,9,29,294.883,0,0,8.08333,3,1,133,'National Hockey League',30,'Minnesota Wild'),
(8475692,'20232024',3,0,5,5,6,1,55.7167,54,-2,0,0,0,4,14.2667,0,0,0.15,0,0,133,'National Hockey League',30,'Minnesota Wild'),
(8475726,'20072008',83,68,106,174,NULL,NULL,NULL,NULL,NULL,NULL,72,NULL,NULL,NULL,NULL,NULL,NULL,NULL,NULL,NULL,'GTHL',NULL,'Tor. Jr. Canadiens'),
(8475726,'20082009',54,17,29,46,NULL,NULL,NULL,NULL,0,NULL,16,5,NULL,NULL,0,NULL,NULL,NULL,NULL,141,'OHL',6804,'Ottawa'),
(8475726,'20092010',65,37,42,79,NULL,NULL,NULL,NULL,25,NULL,54,10,NULL,NULL,0,NULL,NULL,NULL,NULL,141,'OHL',6804,'Ottawa'),
(8475726,'20102011',1,1,0,1,4,NULL,NULL,NULL,0,25,0,0,NULL,NULL,0,NULL,NULL,0,NULL,153,'AHL',6836,'Manchester'),
(8475726,'20102011',68,57,51,108,NULL,NULL,NULL,NULL,44,NULL,33,13,NULL,NULL,4,NULL,NULL,NULL,NULL,141,'OHL',6804,'Ottawa'),
(8475726,'20112012',65,52,48,100,NULL,NULL,NULL,NULL,31,NULL,22,8,NULL,NULL,7,NULL,NULL,NULL,NULL,141,'OHL',6804,'Ottawa'),
(8475726,'20122013',10,2,3,5,20,4,119.783,178,3,10,2,1,2,15.55,0,0,0,0,0,133,'National Hockey League',26,'Los Angeles Kings'),
(8475726,'20122013',58,28,23,51,178,NULL,NULL,NULL,20,15.73,18,6,NULL,NULL,3,NULL,NULL,2,NULL,153,'AHL',6836,'Manchester'),
(8475726,'20132014',62,12,17,29,124,57,802.15,1100,21,9.68,10,1,4,97.8,0,0,5.13333,5,0,133,'National Hockey League',26,'Los Angeles Kings'),
(8475726,'20132014',18,15,8,23,63,NULL,NULL,NULL,5,23.8,4,5,NULL,NULL,0,NULL,NULL,4,NULL,153,'AHL',6836,'Manchester'),
(8475726,'20142015',10,2,3,5,23,NULL,NULL,NULL,9,NULL,2,0,NULL,NULL,0,NULL,NULL,0,NULL,147,'WC-A',60,'Canada'),
(8475726,'20142015',76,23,26,49,200,86,1108.77,1463,25,11.5,37,3,5,109.867,5,6,75.5167,3,0,133,'National Hockey League',26,'Los Angeles Kings'),
(8475726,'20152016',82,31,27,58,213,70,1419.65,1861,35,14.55,20,9,11,171.933,1,1,105.65,4,0,133,'National Hockey League',26,'Los Angeles Kings'),
(8475726,'20162017',63,16,18,34,165,54,1044.9,1380,6,9.7,22,4,7,143.45,0,1,66.35,2,1,133,'National Hockey League',26,'Los Angeles Kings'),
(8475726,'20172018',82,24,23,47,251,75,1321.73,1794,9,9.56,16,6,12,156.95,0,0,38.45,6,1,133,'National Hockey League',26,'Los Angeles Kings'),
(8475726,'20182019',82,13,21,34,226,39,1411.42,1902,-16,5.75,23,3,5,168.883,0,0,105.55,3,2,133,'National Hockey League',26,'Los Angeles Kings'),
(8475726,'20192020',58,18,16,34,165,33,963.283,1311,-4,10.9,16,4,7,122.133,0,0,61.7833,3,0,133,'National Hockey League',26,'Los Angeles Kings'),
(8475726,'20192020',10,6,4,10,38,15,182.417,239,3,15.8,4,1,3,25.1667,0,0,0.266667,1,1,133,'National Hockey League',23,'Vancouver Canucks'),
(8475726,'20202021',52,28,16,44,158,75,911.233,1181,0,17.7,24,7,10,125.333,2,3,40.8167,5,0,133,'National Hockey League',8,'Montréal Canadiens'),
(8475726,'20212022',37,11,12,23,95,35,558.2,814,3,11.6,10,4,8,81.6167,1,2,38.35,1,0,133,'National Hockey League',20,'Calgary Flames'),
(8475726,'20212022',37,9,17,26,100,46,648.25,873,-8,9,4,4,8,98.6667,1,1,42.2167,0,0,133,'National Hockey League',8,'Montréal Canadiens'),
(8475726,'20222023',82,34,39,73,268,59,1362.1,1893,16,12.69,28,10,25,237.85,0,0,49.7833,4,2,133,'National Hockey League',20,'Calgary Flames'),
(8475726,'20232024',8,7,3,10,30,6,136.083,184,-1,23.33,0,3,4,30.9833,0,0,0.15,0,0,133,'National Hockey League',1,'New Jersey Devils'),
(8475750,'20052006',25,3,30,33,NULL,NULL,NULL,NULL,0,NULL,24,NULL,NULL,NULL,NULL,NULL,NULL,NULL,NULL,NULL,'T1EBHL',NULL,'Little Caesars Bantam Major AAA'),
(8475750,'20062007',25,3,14,17,NULL,NULL,NULL,NULL,0,NULL,30,NULL,NULL,NULL,NULL,NULL,NULL,NULL,NULL,NULL,'T1EHL U16',NULL,'Little Caesars U16'),
(8475750,'20072008',25,2,9,11,NULL,NULL,NULL,NULL,NULL,NULL,26,NULL,NULL,NULL,NULL,NULL,NULL,NULL,NULL,NULL,'MWEHL',NULL,'Det. Caesars'),
(8475750,'20082009',7,0,2,2,NULL,NULL,NULL,NULL,NULL,NULL,4,NULL,NULL,NULL,NULL,NULL,NULL,NULL,NULL,147,'WJ18-A',67,'United States'),
(8475750,'20082009',9,1,2,3,NULL,NULL,NULL,NULL,NULL,NULL,4,NULL,NULL,NULL,NULL,NULL,NULL,NULL,NULL,NULL,'U-18',NULL,'USNTDP'),
(8475750,'20092010',7,0,1,1,NULL,NULL,NULL,NULL,NULL,NULL,2,NULL,NULL,NULL,NULL,NULL,NULL,NULL,NULL,147,'WJ18-A',67,'U.S.A.'),
(8475750,'20092010',34,4,19,23,NULL,NULL,NULL,NULL,NULL,NULL,6,NULL,NULL,NULL,NULL,NULL,NULL,NULL,NULL,NULL,'U-18',NULL,'USNTDP'),
(8475750,'20102011',42,7,18,25,NULL,NULL,NULL,NULL,NULL,NULL,16,NULL,NULL,NULL,NULL,NULL,NULL,NULL,NULL,131,'CCHA',1338,'U. of Michigan'),
(8475750,'20102011',6,1,4,5,NULL,NULL,NULL,NULL,-2,NULL,0,0,NULL,NULL,0,NULL,NULL,0,NULL,147,'WJC-A',67,'U.S.A.'),
(8475750,'20112012',19,2,9,11,NULL,NULL,NULL,NULL,NULL,NULL,15,1,NULL,NULL,0,NULL,NULL,0,NULL,131,'CCHA',1338,'U. of Michigan'),
(8475750,'20112012',6,0,4,4,NULL,NULL,NULL,NULL,5,NULL,6,0,NULL,NULL,0,NULL,NULL,0,NULL,147,'WJC-A',67,'U.S.A.'),
(8475750,'20122013',12,1,7,8,20,NULL,NULL,NULL,-8,5,4,0,NULL,NULL,0,NULL,NULL,0,NULL,153,'AHL',7252,'Albany'),
(8475750,'20122013',21,2,9,11,NULL,NULL,NULL,NULL,NULL,NULL,14,2,NULL,NULL,0,NULL,NULL,0,NULL,131,'CCHA',1338,'U. of Michigan'),
(8475750,'20132014',15,2,8,10,21,NULL,NULL,NULL,-1,9.5,0,2,NULL,NULL,0,NULL,NULL,1,NULL,153,'AHL',7252,'Albany'),
(8475750,'20132014',52,2,9,11,45,27,999.767,1296,-3,4.44,12,0,2,77.0333,0,0,34.7167,2,1,133,'National Hockey League',1,'New Jersey Devils'),
(8475750,'20142015',66,2,12,14,47,59,1356.58,1701,-14,4.26,24,2,4,65.5667,0,1,115.967,0,0,133,'National Hockey League',1,'New Jersey Devils'),
(8475750,'20152016',47,1,4,5,30,48,794.133,1067,-15,3.33,28,0,1,5.4,0,0,59.4333,1,0,133,'National Hockey League',1,'New Jersey Devils'),
(8475750,'20162017',51,1,5,6,48,39,946.883,1273,-9,2.08,24,0,0,15.35,0,0,76.35,0,0,133,'National Hockey League',1,'New Jersey Devils'),
(8475750,'20172018',34,1,2,3,30,35,546.917,693,7,3.33,22,0,0,2.76667,0,0,13.7667,1,0,133,'National Hockey League',54,'Vegas Golden Knights'),
(8475750,'20182019',57,3,12,15,72,71,1019.07,1269,16,4.17,53,0,0,10.4167,1,1,69.6833,0,0,133,'National Hockey League',54,'Vegas Golden Knights'),
(8475750,'20192020',49,2,5,7,37,51,889.55,1105,9,5.4,32,0,0,10.2,0,1,67.9667,0,0,133,'National Hockey League',54,'Vegas Golden Knights'),
(8475750,'20202021',36,0,5,5,35,24,708.617,840,2,0,12,0,0,18.2833,0,0,55.8667,0,0,133,'National Hockey League',17,'Detroit Red Wings'),
(8475750,'20202021',13,0,0,0,6,10,185.95,224,-11,0,4,0,0,0,0,0,5,0,0,133,'National Hockey League',8,'Montréal Canadiens'),
(8475750,'20212022',69,4,16,20,59,46,1180.78,1410,15,6.8,22,0,0,2.03333,0,0,134.8,0,0,133,'National Hockey League',30,'Minnesota Wild'),
(8475750,'20212022',1,0,0,0,NULL,NULL,NULL,NULL,0,NULL,0,NULL,NULL,NULL,NULL,NULL,NULL,NULL,NULL,NULL,'WC',NULL,'USA'),
(8475750,'20222023',73,2,10,12,43,47,1105.62,1342,-2,4.65,38,0,0,5.11667,0,0,76.6,0,0,133,'National Hockey League',30,'Minnesota Wild'),
(8475750,'20232024',3,0,0,0,0,0,49.95,59,-1,0,2,0,0,0.583333,0,0,8.75,0,0,133,'National Hockey League',30,'Minnesota Wild'),
(8475848,'20052006',52,44,36,80,NULL,NULL,NULL,NULL,0,NULL,66,NULL,NULL,NULL,NULL,NULL,NULL,NULL,NULL,NULL,'PCBHL',NULL,'South Delta Bantam A1-T1'),
(8475848,'20062007',68,56,61,117,NULL,NULL,NULL,NULL,0,NULL,100,NULL,NULL,NULL,NULL,NULL,NULL,NULL,NULL,NULL,'PCBHL',NULL,'South Delta Bantam A1-T1'),
(8475848,'20072008',39,23,33,56,NULL,NULL,NULL,NULL,NULL,NULL,66,NULL,NULL,NULL,NULL,NULL,NULL,NULL,NULL,NULL,'BCMML',NULL,'Greater Van.'),
(8475848,'20082009',52,10,21,31,NULL,NULL,NULL,NULL,26,NULL,61,1,NULL,NULL,1,NULL,NULL,NULL,NULL,21,'WHL',6850,'Vancouver'),
(8475848,'20092010',72,41,40,81,NULL,NULL,NULL,NULL,9,NULL,111,14,NULL,NULL,1,NULL,NULL,NULL,NULL,21,'WHL',6850,'Vancouver'),
(8475848,'20102011',66,44,47,91,NULL,NULL,NULL,NULL,30,NULL,108,10,NULL,NULL,2,NULL,NULL,NULL,NULL,21,'WHL',6850,'Vancouver'),
(8475848,'20112012',6,3,3,6,NULL,NULL,NULL,NULL,5,NULL,12,0,NULL,NULL,1,NULL,NULL,1,NULL,147,'WJC-A',60,'Canada'),
(8475848,'20112012',54,41,36,77,NULL,NULL,NULL,NULL,19,NULL,79,14,NULL,NULL,0,NULL,NULL,NULL,NULL,21,'WHL',6850,'Vancouver'),
(8475848,'20122013',36,10,10,20,117,NULL,NULL,NULL,0,8.55,61,4,NULL,NULL,0,NULL,NULL,0,NULL,153,'AHL',6656,'Hamilton'),
(8475848,'20122013',44,15,13,28,117,44,609.967,855,10,12.82,33,3,4,103.567,0,0,0.65,3,0,133,'National Hockey League',8,'Montréal Canadiens'),
(8475848,'20132014',81,19,22,41,211,38,1293.12,1744,4,9,73,8,9,197.55,0,0,6.5,0,0,133,'National Hockey League',8,'Montréal Canadiens'),
(8475848,'20142015',82,24,23,47,254,48,1360.2,1900,18,9.45,31,3,8,200.333,0,0,2.55,6,0,133,'National Hockey League',8,'Montréal Canadiens'),
(8475848,'20152016',10,2,3,5,20,NULL,NULL,NULL,5,NULL,12,0,NULL,NULL,0,NULL,NULL,1,NULL,147,'WC-A',60,'Canada'),
(8475848,'20152016',53,19,21,40,173,43,878.533,1241,13,10.98,24,7,10,155.883,0,0,0.733333,0,0,133,'National Hockey League',8,'Montréal Canadiens'),
(8475848,'20162017',64,10,19,29,187,69,966.083,1353,7,5.35,39,1,3,131.283,0,0,2.25,2,0,133,'National Hockey League',8,'Montréal Canadiens'),
(8475848,'20172018',82,31,23,54,278,90,1324.9,1730,-13,11.15,34,8,17,200.667,1,1,20.25,4,0,133,'National Hockey League',8,'Montréal Canadiens'),
(8475848,'20182019',82,33,19,52,302,126,1344.55,1775,10,10.93,49,4,7,201.517,0,0,2.5,4,0,133,'National Hockey League',8,'Montréal Canadiens'),
(8475848,'20192020',59,22,21,43,226,53,997.717,1315,9,9.7,29,1,5,121.1,0,0,1.46667,1,0,133,'National Hockey League',8,'Montréal Canadiens'),
(8475848,'20202021',1,0,0,0,NULL,NULL,NULL,NULL,-1,NULL,4,NULL,NULL,NULL,NULL,NULL,NULL,NULL,NULL,NULL,'AHL',NULL,'Laval Rocket'),
(8475848,'20202021',35,14,9,23,106,46,525.333,717,10,13.2,16,3,3,68.2,0,0,0.65,2,0,133,'National Hockey League',8,'Montréal Canadiens'),
(8475848,'20212022',56,7,17,24,142,54,841.033,1137,-7,4.9,69,5,7,133.15,0,0,2.2,0,0,133,'National Hockey League',8,'Montréal Canadiens'),
(8475848,'20222023',37,8,6,14,93,18,528.417,630,-5,8.6,45,0,2,69.3167,0,0,0.25,2,0,133,'National Hockey League',8,'Montréal Canadiens'),
(8475848,'20232024',2,0,0,0,2,1,22.7333,32,1,0,0,0,0,2.96667,0,0,0,0,0,133,'National Hockey League',8,'Montréal Canadiens'),
(8476292,'20052006',22,2,7,9,NULL,NULL,NULL,NULL,NULL,NULL,4,NULL,NULL,NULL,NULL,NULL,NULL,NULL,NULL,NULL,'CzR-U17',NULL,'Vitkovice U17'),
(8476292,'20062007',13,5,2,7,NULL,NULL,NULL,NULL,NULL,NULL,12,NULL,NULL,NULL,NULL,NULL,NULL,NULL,NULL,313,'CzRep-Jr.',5496,'Vitkovice Jr.'),
(8476292,'20062007',33,32,24,56,NULL,NULL,NULL,NULL,NULL,NULL,18,NULL,NULL,NULL,NULL,NULL,NULL,NULL,NULL,NULL,'CzR-U17',NULL,'Vitkovice U17'),
(8476292,'20072008',42,19,18,37,NULL,NULL,NULL,NULL,NULL,NULL,28,NULL,NULL,NULL,NULL,NULL,NULL,NULL,NULL,313,'CzRep-Jr.',5496,'Vitkovice Jr.'),
(8476292,'20072008',4,2,3,5,NULL,NULL,NULL,NULL,NULL,NULL,0,NULL,NULL,NULL,NULL,NULL,NULL,NULL,NULL,NULL,'CzR-U17',NULL,'Vitkovice U17'),
(8476292,'20082009',42,23,33,56,NULL,NULL,NULL,NULL,NULL,NULL,14,NULL,NULL,NULL,NULL,NULL,NULL,NULL,NULL,313,'CzRep-Jr.',5496,'Vitkovice Jr.'),
(8476292,'20092010',59,17,23,40,NULL,NULL,NULL,NULL,33,NULL,24,3,NULL,NULL,0,NULL,NULL,2,NULL,15,'QMJHL',2904,'Drummondville'),
(8476292,'20102011',61,39,57,96,263,NULL,NULL,NULL,37,14.83,24,15,NULL,NULL,2,NULL,NULL,7,NULL,15,'QMJHL',2904,'Drummondville'),
(8476292,'20112012',61,9,21,30,109,NULL,NULL,NULL,6,8.26,10,0,NULL,NULL,1,NULL,NULL,3,NULL,153,'AHL',7096,'Norfolk'),
(8476292,'20122013',56,13,39,52,143,NULL,NULL,NULL,26,9.09,35,3,NULL,NULL,1,NULL,NULL,4,NULL,153,'AHL',4988,'Syracuse'),
(8476292,'20122013',14,2,2,4,16,28,164.267,238,5,12.5,0,0,0,4.46667,0,0,10.8833,1,0,133,'National Hockey League',14,'Tampa Bay Lightning'),
(8476292,'20132014',4,0,0,0,1,NULL,NULL,NULL,0,NULL,0,0,NULL,NULL,0,NULL,NULL,0,NULL,147,'Olympics',61,'Czech Republic'),
(8476292,'20132014',81,23,36,59,165,146,1460.8,1906,32,13.94,20,3,11,131.9,2,4,167.933,3,0,133,'National Hockey League',14,'Tampa Bay Lightning'),
(8476292,'20142015',75,16,47,63,139,124,1307.35,1677,31,11.51,24,3,11,175.683,1,2,133.067,5,1,133,'National Hockey League',14,'Tampa Bay Lightning'),
(8476292,'20152016',62,16,24,40,117,108,1110.98,1335,10,13.68,20,1,7,170.5,2,3,86.7667,4,1,133,'National Hockey League',14,'Tampa Bay Lightning'),
(8476292,'20162017',3,0,1,1,NULL,NULL,NULL,NULL,0,NULL,0,NULL,NULL,NULL,NULL,NULL,NULL,NULL,NULL,NULL,'WCup',NULL,'Czechia'),
(8476292,'20162017',75,17,35,52,162,141,1433.8,1807,8,10.49,39,5,15,208.083,0,0,128.183,3,0,133,'National Hockey League',14,'Tampa Bay Lightning'),
(8476292,'20172018',56,11,24,35,109,80,951.783,1243,16,10.09,6,4,9,118.567,1,1,62.2,0,0,133,'National Hockey League',14,'Tampa Bay Lightning'),
(8476292,'20182019',2,1,0,1,NULL,NULL,NULL,NULL,2,NULL,0,NULL,NULL,NULL,NULL,NULL,NULL,NULL,NULL,NULL,'EHT',NULL,'Czechia'),
(8476292,'20182019',64,8,26,34,100,104,952.8,1208,4,8,20,2,8,128.533,0,0,8.8,1,0,133,'National Hockey League',14,'Tampa Bay Lightning'),
(8476292,'20192020',69,17,24,41,128,145,1117.1,1503,25,13.3,22,4,8,91.5333,1,1,57.65,2,0,133,'National Hockey League',14,'Tampa Bay Lightning'),
(8476292,'20202021',55,15,31,46,111,82,960.05,1137,1,13.5,26,7,20,176.833,0,0,2.21667,6,0,133,'National Hockey League',14,'Tampa Bay Lightning'),
(8476292,'20212022',77,18,31,49,143,124,1270.25,1624,15,12.6,20,1,6,161.9,0,1,24.2167,5,2,133,'National Hockey League',14,'Tampa Bay Lightning'),
(8476292,'20222023',49,8,15,23,79,70,761.233,1011,5,10.13,6,1,3,75.8167,0,0,5.53333,1,0,133,'National Hockey League',1,'New Jersey Devils'),
(8476292,'20232024',8,0,2,2,12,11,115.1,169,-3,0,19,0,2,14.05,0,0,3.66667,0,0,133,'National Hockey League',1,'New Jersey Devils'),
(8476462,'20082009',67,20,33,53,NULL,NULL,NULL,NULL,NULL,NULL,26,NULL,NULL,NULL,NULL,NULL,NULL,NULL,NULL,NULL,'Minor-ON',NULL,'St. Cath. Falcons'),
(8476462,'20092010',64,3,13,16,NULL,NULL,NULL,NULL,-8,NULL,36,2,NULL,NULL,0,NULL,NULL,NULL,NULL,141,'OHL',7204,'Niagara'),
(8476462,'20102011',67,12,46,58,NULL,NULL,NULL,NULL,35,NULL,77,9,NULL,NULL,0,NULL,NULL,NULL,NULL,141,'OHL',7204,'Niagara'),
(8476462,'20112012',6,2,4,6,NULL,NULL,NULL,NULL,7,NULL,6,2,NULL,NULL,0,NULL,NULL,0,NULL,147,'WJC-A',60,'Canada'),
(8476462,'20112012',50,17,55,72,NULL,NULL,NULL,NULL,37,NULL,47,9,NULL,NULL,0,NULL,NULL,NULL,NULL,141,'OHL',7204,'Niagara'),
(8476462,'20122013',42,5,11,16,83,59,719.383,905,4,6.02,14,2,4,80.6833,0,0,11.75,0,0,133,'National Hockey League',6,'Boston Bruins'),
(8476462,'20122013',6,1,1,2,NULL,NULL,NULL,NULL,3,NULL,0,1,NULL,NULL,0,NULL,NULL,0,NULL,147,'WJC-A',60,'Canada'),
(8476462,'20132014',64,7,18,25,114,73,1222.58,1524,22,6.14,40,2,6,123.35,0,0,41.9833,1,0,133,'National Hockey League',6,'Boston Bruins'),
(8476462,'20142015',72,10,32,42,188,106,1536.18,1940,-3,5.32,41,5,15,180.367,0,0,83.7667,2,1,133,'National Hockey League',6,'Boston Bruins'),
(8476462,'20152016',82,12,31,43,190,78,1620.95,2238,-14,6.32,46,5,16,198.65,0,0,38.9667,3,0,133,'National Hockey League',20,'Calgary Flames'),
(8476462,'20162017',81,13,37,50,222,68,1594.42,2131,12,5.86,64,2,14,183.517,0,1,71.6333,5,1,133,'National Hockey League',20,'Calgary Flames'),
(8476462,'20172018',82,17,27,44,270,83,1765.53,2087,1,6.3,64,6,12,218.25,0,0,41.1333,4,1,133,'National Hockey League',20,'Calgary Flames'),
(8476462,'20182019',82,18,21,39,259,160,1613.15,1994,0,6.95,54,2,7,152.7,0,0,20.6833,2,0,133,'National Hockey League',12,'Carolina Hurricanes'),
(8476462,'20192020',47,14,26,40,170,52,1094.35,1310,30,8.2,32,2,12,148.65,0,1,109.367,3,2,133,'National Hockey League',12,'Carolina Hurricanes'),
(8476462,'20202021',55,10,32,42,180,52,1249.72,1429,20,5.6,35,2,18,167.867,1,1,78.7,2,1,133,'National Hockey League',12,'Carolina Hurricanes'),
(8476462,'20212022',62,9,21,30,197,87,1315.87,1536,-19,4.6,34,2,8,154.55,0,0,30.3667,1,1,133,'National Hockey League',1,'New Jersey Devils'),
(8476462,'20222023',82,22,52,74,275,64,1785.5,2121,23,8,50,8,28,252.517,0,0,14.1333,7,2,133,'National Hockey League',1,'New Jersey Devils'),
(8476462,'20232024',8,3,3,6,27,2,173.883,224,-2,11.11,4,2,3,16.3333,0,0,2.35,0,0,133,'National Hockey League',1,'New Jersey Devils'),
(8476463,'20082009',22,3,8,11,NULL,NULL,NULL,NULL,NULL,NULL,10,NULL,NULL,NULL,NULL,NULL,NULL,NULL,NULL,NULL,'Swe-U18',NULL,'Farjestad U18'),
(8476463,'20092010',3,0,0,0,NULL,NULL,NULL,NULL,NULL,NULL,2,NULL,NULL,NULL,NULL,NULL,NULL,NULL,NULL,315,'Sweden',3220,'Farjestad'),
(8476463,'20092010',19,6,11,17,NULL,NULL,NULL,NULL,NULL,NULL,6,NULL,NULL,NULL,NULL,NULL,NULL,NULL,NULL,NULL,'Swe-U18',NULL,'Farjestad U18'),
(8476463,'20092010',21,1,6,7,NULL,NULL,NULL,NULL,NULL,NULL,10,NULL,NULL,NULL,NULL,NULL,NULL,NULL,NULL,NULL,'Sweden-3',NULL,'Skare'),
(8476463,'20092010',2,0,1,1,NULL,NULL,NULL,NULL,NULL,NULL,2,NULL,NULL,NULL,NULL,NULL,NULL,NULL,NULL,NULL,'Swe-Jr.',NULL,'Skare Jr.'),
(8476463,'20102011',42,0,4,4,NULL,NULL,NULL,NULL,NULL,NULL,12,NULL,NULL,NULL,NULL,NULL,NULL,NULL,NULL,315,'Sweden',3220,'Farjestad'),
(8476463,'20102011',2,0,1,1,NULL,NULL,NULL,NULL,NULL,NULL,2,NULL,NULL,NULL,NULL,NULL,NULL,NULL,NULL,NULL,'Swe-U18',NULL,'Farjestad U18'),
(8476463,'20102011',4,0,1,1,NULL,NULL,NULL,NULL,3,NULL,2,0,NULL,NULL,0,NULL,NULL,0,NULL,147,'WJ18-A',66,'Sweden'),
(8476463,'20112012',49,0,8,8,NULL,NULL,NULL,NULL,NULL,NULL,14,NULL,NULL,NULL,NULL,NULL,NULL,NULL,NULL,315,'Sweden',3220,'Farjestad'),
(8476463,'20112012',1,0,0,0,NULL,NULL,NULL,NULL,NULL,NULL,0,NULL,NULL,NULL,NULL,NULL,NULL,NULL,NULL,NULL,'Swe-Jr.',NULL,'Farjestad Jr.'),
(8476463,'20112012',6,0,4,4,NULL,NULL,NULL,NULL,2,NULL,14,0,NULL,NULL,0,NULL,NULL,0,NULL,147,'WJC-A',66,'Sweden'),
(8476463,'20122013',9,2,2,4,13,NULL,NULL,NULL,2,15.38,4,0,NULL,NULL,0,NULL,NULL,0,NULL,153,'AHL',5612,'Houston'),
(8476463,'20122013',45,2,9,11,51,17,1044.58,1340,3,3.92,10,1,2,58.8333,0,0,90.55,0,0,133,'National Hockey League',30,'Minnesota Wild'),
(8476463,'20132014',79,8,11,19,74,33,1888.2,2389,0,10.81,22,3,7,112.317,0,0,179.467,0,0,133,'National Hockey League',30,'Minnesota Wild'),
(8476463,'20142015',71,3,14,17,95,31,1716.3,2157,21,3.16,8,0,2,67.7333,0,1,159.733,1,0,133,'National Hockey League',30,'Minnesota Wild'),
(8476463,'20152016',68,2,5,7,58,34,1388.52,1792,-5,3.45,20,0,0,7.06667,0,0,119.767,0,0,133,'National Hockey League',30,'Minnesota Wild'),
(8476463,'20162017',68,3,22,25,85,20,1330.63,1694,5,3.53,20,2,7,104.017,0,0,125.5,2,0,133,'National Hockey League',30,'Minnesota Wild'),
(8476463,'20162017',2,0,0,0,NULL,NULL,NULL,NULL,-1,NULL,0,NULL,NULL,NULL,NULL,NULL,NULL,NULL,NULL,NULL,'EHT',NULL,'Sweden'),
(8476463,'20172018',73,6,15,21,77,34,1577.12,1843,23,7.79,30,0,3,57.1333,0,0,175.417,1,0,133,'National Hockey League',30,'Minnesota Wild'),
(8476463,'20182019',82,4,14,18,111,61,1684.55,1997,-15,3.6,30,0,1,21.95,1,1,172.883,2,0,133,'National Hockey League',30,'Minnesota Wild'),
(8476463,'20192020',69,2,26,28,103,41,1487.05,1698,15,1.9,24,0,1,26.7,0,2,141.3,0,0,133,'National Hockey League',30,'Minnesota Wild'),
(8476463,'20202021',53,9,14,23,79,35,1189.02,1278,2,11.4,18,1,2,45.0167,0,0,113.167,2,1,133,'National Hockey League',30,'Minnesota Wild'),
(8476463,'20212022',73,5,25,30,126,42,1711.03,1824,9,4,18,1,7,117.933,0,1,185.317,1,0,133,'National Hockey League',30,'Minnesota Wild'),
(8476463,'20222023',60,3,11,14,90,50,1371.85,1500,13,3.33,30,0,0,29.6167,0,2,177.017,0,0,133,'National Hockey League',30,'Minnesota Wild'),
(8476463,'20232024',3,0,1,1,4,2,66.6667,74,5,0,0,0,0,2.25,0,0,8.93333,0,0,133,'National Hockey League',30,'Minnesota Wild'),
(8476525,'20062007',34,7,10,17,NULL,NULL,NULL,NULL,0,NULL,30,NULL,NULL,NULL,NULL,NULL,NULL,NULL,NULL,NULL,'NOBHL',NULL,'Soo Thunder Bantam AAA'),
(8476525,'20082009',32,6,15,21,NULL,NULL,NULL,NULL,NULL,NULL,42,NULL,NULL,NULL,NULL,NULL,NULL,NULL,NULL,NULL,'Minor-ON',NULL,'Soo North Stars'),
(8476525,'20092010',46,7,23,30,NULL,NULL,NULL,NULL,NULL,NULL,38,NULL,NULL,NULL,NULL,NULL,NULL,NULL,NULL,NULL,'NOJHL',NULL,'Soo T-birds'),
(8476525,'20102011',66,3,19,22,NULL,NULL,NULL,NULL,2,NULL,44,0,NULL,NULL,1,NULL,NULL,0,NULL,141,'OHL',2762,'Sault Ste. Marie'),
(8476525,'20112012',54,8,20,28,NULL,NULL,NULL,NULL,9,NULL,79,4,NULL,NULL,0,NULL,NULL,1,NULL,141,'OHL',2762,'Sault Ste. Marie'),
(8476525,'20122013',54,20,35,55,NULL,NULL,NULL,NULL,13,NULL,78,8,NULL,NULL,1,NULL,NULL,1,NULL,141,'OHL',2762,'Sault Ste. Marie'),
(8476525,'20132014',65,5,12,17,98,NULL,NULL,NULL,5,5.1,35,1,NULL,NULL,0,NULL,NULL,0,NULL,153,'AHL',6836,'Manchester'),
(8476525,'20142015',70,19,33,52,186,NULL,NULL,NULL,11,10.2,82,10,NULL,NULL,0,NULL,NULL,4,NULL,153,'AHL',6836,'Manchester'),
(8476525,'20152016',42,3,13,16,59,45,663.383,865,0,5.08,39,0,5,52.9833,0,0,2.31667,0,0,133,'National Hockey League',6,'Boston Bruins'),
(8476525,'20152016',20,4,8,12,53,NULL,NULL,NULL,3,7.5,16,0,NULL,NULL,0,NULL,NULL,1,NULL,NULL,'AHL',4982,'Providence'),
(8476525,'20162017',61,6,7,13,85,85,964.767,1296,0,7.06,55,1,2,99.5667,0,0,16.0167,0,0,133,'National Hockey League',6,'Boston Bruins'),
(8476525,'20172018',82,10,31,41,177,165,1586.18,1981,-4,5.65,53,5,17,200.7,0,1,79.9833,2,0,133,'National Hockey League',54,'Vegas Golden Knights'),
(8476525,'20182019',65,3,26,29,131,122,1276.98,1581,0,2.29,44,1,13,154.55,0,0,38.0333,0,0,133,'National Hockey League',54,'Vegas Golden Knights'),
(8476525,'20192020',51,1,10,11,79,87,873.833,1066,-9,1.3,22,0,3,69.5167,0,0,15.45,1,1,133,'National Hockey League',7,'Buffalo Sabres'),
(8476525,'20202021',48,4,8,12,64,91,864,1022,-20,6.3,27,1,4,46.7167,0,0,39.8667,0,0,133,'National Hockey League',7,'Buffalo Sabres'),
(8476525,'20202021',4,0,1,1,NULL,NULL,NULL,NULL,-1,NULL,0,NULL,NULL,NULL,NULL,NULL,NULL,NULL,NULL,NULL,'WC',NULL,'Canada'),
(8476525,'20212022',38,2,12,14,48,50,721.317,929,-2,4.2,21,0,3,55.35,0,0,42.0667,0,0,133,'National Hockey League',7,'Buffalo Sabres'),
(8476525,'20222023',79,6,15,21,106,108,1325,1716,23,5.66,37,1,1,16.7667,0,0,33.7333,3,0,133,'National Hockey League',25,'Dallas Stars'),
(8476539,'20062007',35,32,44,76,NULL,NULL,NULL,NULL,27,NULL,92,NULL,NULL,NULL,NULL,NULL,NULL,NULL,NULL,NULL,'QMEAA',NULL,'Québec Typhon Midget Espoir'),
(8476539,'20072008',56,10,10,20,NULL,NULL,NULL,NULL,5,NULL,18,NULL,NULL,NULL,NULL,NULL,NULL,NULL,NULL,15,'QMJHL',6912,'Quebec'),
(8476539,'20082009',62,18,35,53,NULL,NULL,NULL,NULL,31,NULL,75,NULL,NULL,NULL,NULL,NULL,NULL,NULL,NULL,15,'QMJHL',6912,'Quebec'),
(8476539,'20092010',68,30,41,71,NULL,NULL,NULL,NULL,24,NULL,54,NULL,NULL,NULL,NULL,NULL,NULL,NULL,NULL,15,'QMJHL',6912,'Quebec'),
(8476539,'20102011',68,40,55,95,NULL,NULL,NULL,NULL,33,NULL,41,NULL,NULL,NULL,NULL,NULL,NULL,NULL,NULL,15,'QMJHL',6912,'Quebec'),
(8476539,'20112012',76,24,40,64,NULL,NULL,NULL,NULL,1,NULL,50,NULL,NULL,NULL,NULL,NULL,NULL,NULL,NULL,NULL,'AHL',NULL,'Connecticut'),
(8476539,'20122013',2,0,0,0,0,1,21.8833,30,-1,0,0,0,0,1.76667,0,0,0,0,0,133,'National Hockey League',29,'Columbus Blue Jackets'),
(8476539,'20122013',74,21,46,67,233,NULL,NULL,NULL,20,9.01,65,9,NULL,NULL,0,NULL,NULL,2,NULL,153,'AHL',6678,'Springfield'),
(8476539,'20132014',56,14,27,41,172,NULL,NULL,NULL,-7,8.1,51,7,NULL,NULL,0,NULL,NULL,4,NULL,153,'AHL',6678,'Springfield'),
(8476539,'20132014',21,9,6,15,75,NULL,NULL,NULL,-3,12,8,1,NULL,NULL,3,NULL,NULL,1,NULL,153,'AHL',4988,'Syracuse'),
(8476539,'20142015',68,24,43,67,257,NULL,NULL,NULL,7,9.3,38,6,NULL,NULL,1,NULL,NULL,4,NULL,153,'AHL',4988,'Syracuse'),
(8476539,'20142015',2,1,0,1,3,4,23.8833,31,1,33.33,0,0,0,1.55,0,0,0,0,0,133,'National Hockey League',14,'Tampa Bay Lightning'),
(8476539,'20152016',11,6,3,9,NULL,NULL,NULL,NULL,3,NULL,6,NULL,NULL,NULL,NULL,NULL,NULL,NULL,NULL,NULL,'AHL',NULL,'Syracuse Crunch'),
(8476539,'20152016',45,7,11,18,81,61,544.017,694,-10,8.64,17,4,7,129.417,0,0,0.05,1,0,133,'National Hockey League',14,'Tampa Bay Lightning'),
(8476539,'20162017',75,30,21,51,193,105,1268.32,1567,-21,15.54,38,8,18,202.383,0,0,3.55,6,1,133,'National Hockey League',13,'Florida Panthers'),
(8476539,'20172018',77,27,48,75,268,99,1347.85,1551,36,10.07,40,6,16,189.417,0,0,1.58333,6,2,133,'National Hockey League',54,'Vegas Golden Knights'),
(8476539,'20182019',10,3,7,10,NULL,NULL,NULL,NULL,6,NULL,8,NULL,NULL,NULL,NULL,NULL,NULL,NULL,NULL,NULL,'WC',NULL,'Canada'),
(8476539,'20182019',82,25,34,59,278,98,1488.02,1637,2,8.99,52,5,16,220.6,0,0,1.38333,6,1,133,'National Hockey League',54,'Vegas Golden Knights'),
(8476539,'20192020',66,22,25,47,235,99,1140.65,1337,6,9.4,28,6,12,146.35,0,0,0.8,3,1,133,'National Hockey League',54,'Vegas Golden Knights'),
(8476539,'20202021',55,18,26,44,176,44,958.3,1116,19,10.2,39,3,6,140.517,0,0,0.433333,4,2,133,'National Hockey League',54,'Vegas Golden Knights'),
(8476539,'20212022',76,30,36,66,251,61,1334.83,1606,3,12,36,5,20,161.383,0,0,1.21667,4,0,133,'National Hockey League',54,'Vegas Golden Knights'),
(8476539,'20222023',76,28,29,57,234,76,1302.67,1494,2,11.97,21,9,16,175.133,0,0,0.0833333,4,1,133,'National Hockey League',54,'Vegas Golden Knights'),
(8476539,'20232024',7,3,1,4,23,13,121.533,136,2,13.04,2,1,1,28.9,0,0,0.0333333,1,0,133,'National Hockey League',54,'Vegas Golden Knights'),
(8476871,'20072008',1,0,0,0,NULL,NULL,NULL,NULL,NULL,NULL,2,0,NULL,NULL,0,NULL,NULL,0,NULL,NULL,'ON-Jr.B',NULL,'Kitchener'),
(8476871,'20082009',52,15,33,48,NULL,NULL,NULL,NULL,NULL,NULL,28,6,NULL,NULL,0,NULL,NULL,1,NULL,NULL,'ON-Jr.B',NULL,'Waterloo'),
(8476871,'20092010',51,29,41,70,NULL,NULL,NULL,NULL,NULL,NULL,78,7,NULL,NULL,1,NULL,NULL,6,NULL,NULL,'ON-Jr.B',NULL,'Waterloo'),
(8476871,'20102011',66,15,27,42,NULL,NULL,NULL,NULL,-12,NULL,35,4,NULL,NULL,0,NULL,NULL,0,NULL,141,'OHL',1858,'Barrie'),
(8476871,'20112012',60,37,54,91,NULL,NULL,NULL,NULL,21,NULL,37,10,NULL,NULL,2,NULL,NULL,6,NULL,141,'OHL',1858,'Barrie'),
(8476871,'20112012',6,1,5,6,NULL,NULL,NULL,NULL,1,NULL,6,1,NULL,NULL,0,NULL,NULL,1,NULL,147,'WJC-A',60,'Canada'),
(8476871,'20122013',64,19,28,47,137,NULL,NULL,NULL,17,13.87,14,5,NULL,NULL,0,NULL,NULL,1,NULL,153,'AHL',6836,'Manchester'),
(8476871,'20132014',25,3,4,7,31,35,270.217,388,2,9.68,8,1,1,15.8667,0,0,2.98333,1,0,133,'National Hockey League',26,'Los Angeles Kings'),
(8476871,'20132014',41,17,15,32,126,NULL,NULL,NULL,11,13.5,18,6,NULL,NULL,0,NULL,NULL,2,NULL,153,'AHL',6836,'Manchester'),
(8476871,'20142015',42,12,4,16,68,46,558.267,753,14,17.65,14,1,1,63.6167,0,0,19.0833,3,0,133,'National Hockey League',26,'Los Angeles Kings'),
(8476871,'20152016',79,15,21,36,137,104,1142.38,1625,11,10.95,18,2,4,76.7833,0,0,93.9667,4,2,133,'National Hockey League',26,'Los Angeles Kings'),
(8476871,'20162017',80,24,20,44,187,124,1305.6,1784,5,12.83,13,3,8,192.617,1,2,87.15,5,2,133,'National Hockey League',26,'Los Angeles Kings'),
(8476871,'20172018',82,15,25,40,180,116,1309.35,1858,11,8.33,27,2,5,147.833,0,0,84.1167,4,2,133,'National Hockey League',26,'Los Angeles Kings'),
(8476871,'20182019',17,0,1,1,24,18,229.6,342,-9,0,8,0,0,30.5667,0,0,0.716667,0,0,133,'National Hockey League',26,'Los Angeles Kings'),
(8476871,'20182019',44,9,5,14,81,82,581.683,829,-6,11.11,13,1,2,37.0667,0,0,1.2,0,0,133,'National Hockey League',5,'Pittsburgh Penguins'),
(8476871,'20182019',19,9,3,12,42,28,312.8,454,0,21.43,4,2,3,31.45,0,0,19.5,1,0,133,'National Hockey League',23,'Vancouver Canucks'),
(8476871,'20192020',69,21,24,45,164,96,1139.35,1634,-4,12.8,27,3,10,109.667,2,3,73.1667,3,0,133,'National Hockey League',23,'Vancouver Canucks'),
(8476871,'20202021',51,10,8,18,110,54,870.667,1225,-15,9.1,26,2,3,95.4,0,1,53.3833,2,0,133,'National Hockey League',23,'Vancouver Canucks'),
(8476871,'20212022',68,14,20,34,159,84,1091.73,1521,9,8.8,30,1,3,109.683,0,0,46.0833,2,0,133,'National Hockey League',23,'Vancouver Canucks'),
(8476871,'20222023',14,1,4,5,17,20,188.917,287,-9,5.88,21,0,1,20.8833,0,0,7.55,0,0,133,'National Hockey League',23,'Vancouver Canucks'),
(8476871,'20232024',2,1,0,1,1,4,25.3333,37,1,100,0,0,0,0,0,0,4.3,0,0,133,'National Hockey League',8,'Montréal Canadiens'),
(8476875,'20092010',30,5,6,11,NULL,NULL,NULL,NULL,NULL,NULL,33,NULL,NULL,NULL,NULL,NULL,NULL,NULL,NULL,291,'QAAA',5284,'Lac St-Louis'),
(8476875,'20102011',35,14,24,38,NULL,NULL,NULL,NULL,NULL,NULL,72,NULL,NULL,NULL,NULL,NULL,NULL,NULL,NULL,291,'QAAA',5284,'Lac St-Louis'),
(8476875,'20112012',53,11,16,27,NULL,NULL,NULL,NULL,0,NULL,84,3,NULL,NULL,1,NULL,NULL,3,NULL,NULL,'USHL',NULL,'Dubuque'),
(8476875,'20122013',36,8,17,25,NULL,NULL,NULL,NULL,NULL,NULL,78,6,NULL,NULL,0,NULL,NULL,1,NULL,135,'H-East',2600,'Boston College'),
(8476875,'20132014',38,3,18,21,NULL,NULL,NULL,NULL,NULL,NULL,49,0,NULL,NULL,0,NULL,NULL,0,NULL,135,'H-East',2600,'Boston College'),
(8476875,'20142015',38,3,22,25,NULL,NULL,NULL,NULL,NULL,NULL,26,0,NULL,NULL,0,NULL,NULL,0,NULL,135,'H-East',2600,'Boston College'),
(8476875,'20142015',5,0,2,2,8,NULL,NULL,NULL,1,0,8,0,NULL,NULL,0,NULL,NULL,0,NULL,153,'AHL',5624,'San Antonio'),
(8476875,'20152016',10,2,4,6,12,NULL,NULL,NULL,11,NULL,0,1,NULL,NULL,0,NULL,NULL,0,NULL,147,'WC-A',60,'Canada'),
(8476875,'20152016',3,0,0,0,4,1,52.6,63,1,0,2,0,0,0.05,0,0,0.4,0,0,133,'National Hockey League',13,'Florida Panthers'),
(8476875,'20152016',54,8,12,20,108,NULL,NULL,NULL,14,7.4,30,2,NULL,NULL,0,NULL,NULL,2,NULL,NULL,'AHL',6672,'Portland'),
(8476875,'20162017',10,1,6,7,NULL,NULL,NULL,NULL,8,NULL,10,NULL,NULL,NULL,NULL,NULL,NULL,NULL,NULL,NULL,'WC',NULL,'Canada'),
(8476875,'20162017',81,7,10,17,179,69,1705.28,1952,-5,3.91,36,0,1,41.0833,0,1,210.35,0,0,133,'National Hockey League',13,'Florida Panthers'),
(8476875,'20172018',81,10,17,27,167,53,1728.32,2182,-1,5.99,61,1,4,90.1833,0,1,145.15,2,1,133,'National Hockey League',13,'Florida Panthers'),
(8476875,'20182019',75,8,19,27,129,63,1673.85,2126,-24,6.2,44,0,6,59.9333,0,2,179.717,2,1,133,'National Hockey League',13,'Florida Panthers'),
(8476875,'20192020',59,8,12,20,104,44,1064.1,1268,-1,7.7,14,1,2,12.4,0,0,71.6667,1,0,133,'National Hockey League',13,'Florida Panthers'),
(8476875,'20202021',44,5,11,16,86,41,820.1,1008,9,5.8,28,0,1,42.3667,0,0,4.38333,1,0,133,'National Hockey League',5,'Pittsburgh Penguins'),
(8476875,'20212022',74,11,20,31,140,97,1391.13,1716,12,7.9,33,0,2,52.55,0,0,17.7167,5,0,133,'National Hockey League',5,'Pittsburgh Penguins'),
(8476875,'20222023',48,8,26,34,126,53,1173.68,1136,7,6.35,33,0,9,152.917,0,2,109.967,2,1,133,'National Hockey League',8,'Montréal Canadiens'),
(8476875,'20232024',2,0,1,1,6,2,51.2167,51,-2,0,2,0,1,5.08333,0,0,9.63333,0,0,133,'National Hockey League',8,'Montréal Canadiens'),
(8476919,'20092010',6,2,1,3,NULL,NULL,NULL,NULL,NULL,NULL,0,NULL,NULL,NULL,NULL,NULL,NULL,NULL,NULL,NULL,'Exhib.',NULL,'York Simcoe'),
(8476919,'20102011',47,3,8,11,NULL,NULL,NULL,NULL,-10,NULL,12,0,NULL,NULL,0,NULL,NULL,NULL,NULL,141,'OHL',1876,'London'),
(8476919,'20112012',65,11,23,34,NULL,NULL,NULL,NULL,25,NULL,20,0,NULL,NULL,2,NULL,NULL,NULL,NULL,141,'OHL',1876,'London'),
(8476919,'20122013',68,18,39,57,NULL,NULL,NULL,NULL,6,NULL,12,5,NULL,NULL,1,NULL,NULL,NULL,NULL,141,'OHL',1876,'London'),
(8476919,'20132014',67,40,49,89,NULL,NULL,NULL,NULL,44,NULL,12,7,NULL,NULL,4,NULL,NULL,6,NULL,141,'OHL',1876,'London'),
(8476919,'20142015',43,6,15,21,48,11,526.65,765,3,12.5,6,1,4,33.1833,0,0,6.11667,1,0,133,'National Hockey League',28,'San Jose Sharks'),
(8476919,'20142015',29,8,21,29,55,NULL,NULL,NULL,8,14.5,10,2,NULL,NULL,0,NULL,NULL,1,NULL,153,'AHL',4990,'Worcester'),
(8476919,'20152016',2,1,2,3,5,NULL,NULL,NULL,3,20,0,0,NULL,NULL,0,NULL,NULL,0,NULL,NULL,'AHL',7298,'San Jose'),
(8476919,'20152016',79,7,13,20,96,24,1042.18,1556,-16,7.29,20,1,1,13.6667,1,1,119.933,2,0,133,'National Hockey League',28,'San Jose Sharks'),
(8476919,'20162017',80,11,12,23,90,50,1168.3,1722,0,12.22,6,1,1,21.8833,1,2,143.2,2,0,133,'National Hockey League',28,'San Jose Sharks'),
(8476919,'20172018',82,17,23,40,118,26,1311.98,1863,0,14.41,8,3,7,81.3,2,4,128.067,2,0,133,'National Hockey League',28,'San Jose Sharks'),
(8476919,'20182019',81,9,39,48,116,30,1379.48,1737,-22,7.76,26,0,10,139.467,0,0,137.05,1,0,133,'National Hockey League',9,'Ottawa Senators'),
(8476919,'20192020',71,11,26,37,102,44,1220.48,1743,-6,10.8,20,1,2,66.9,4,5,164.967,2,1,133,'National Hockey League',9,'Ottawa Senators'),
(8476919,'20202021',55,6,13,19,53,23,824.45,1145,-12,11.3,8,0,0,7.25,0,1,110.667,3,0,133,'National Hockey League',9,'Ottawa Senators'),
(8476919,'20212022',70,6,12,18,72,42,869.017,1195,-12,8.3,14,3,5,95.2667,0,0,14.3833,2,0,133,'National Hockey League',9,'Ottawa Senators'),
(8476919,'20222023',20,3,13,16,NULL,NULL,NULL,NULL,-8,NULL,10,NULL,NULL,NULL,NULL,NULL,NULL,NULL,NULL,NULL,'AHL',NULL,'Charlotte Checkers'),
(8476919,'20222023',13,2,1,3,6,11,110.033,157,-1,33.33,2,0,0,1.23333,0,0,3.91667,0,0,133,'National Hockey League',13,'Florida Panthers'),
(8476919,'20222023',23,1,6,7,13,4,281.033,371,-7,7.69,4,0,0,2.85,0,1,39.6167,0,0,133,'National Hockey League',8,'Montréal Canadiens'),
(8476919,'20232024',2,0,0,0,0,0,13.0167,18,0,0,2,0,0,0,0,0,0,0,0,133,'National Hockey League',1,'New Jersey Devils'),
(8476979,'20072008',3,0,0,0,NULL,NULL,NULL,NULL,NULL,NULL,6,NULL,NULL,NULL,NULL,NULL,NULL,NULL,NULL,NULL,'U16 SM',NULL,'Huddinge IK U16'),
(8476979,'20082009',33,2,8,10,NULL,NULL,NULL,NULL,NULL,NULL,22,NULL,NULL,NULL,NULL,NULL,NULL,NULL,NULL,NULL,'Swe-U18',NULL,'Djurgarden U18'),
(8476979,'20092010',24,0,8,8,NULL,NULL,NULL,NULL,NULL,NULL,26,NULL,NULL,NULL,NULL,NULL,NULL,NULL,NULL,315,'Swe-Jr.',3210,'Djurgarden Jr.'),
(8476979,'20092010',27,7,13,20,NULL,NULL,NULL,NULL,NULL,NULL,54,NULL,NULL,NULL,NULL,NULL,NULL,NULL,NULL,NULL,'Swe-U18',NULL,'Djurgarden U18'),
(8476979,'20102011',38,2,21,23,NULL,NULL,NULL,NULL,NULL,NULL,104,NULL,NULL,NULL,NULL,NULL,NULL,NULL,NULL,315,'Swe-Jr.',3210,'Djurgarden Jr.'),
(8476979,'20112012',10,0,1,1,NULL,NULL,NULL,NULL,NULL,NULL,6,NULL,NULL,NULL,NULL,NULL,NULL,NULL,NULL,NULL,'Sweden-Q',NULL,'Djurgarden'),
(8476979,'20112012',21,3,11,14,NULL,NULL,NULL,NULL,NULL,NULL,14,NULL,NULL,NULL,NULL,NULL,NULL,NULL,NULL,315,'Swe-Jr.',3210,'Djurgarden Jr.'),
(8476979,'20122013',55,8,16,24,NULL,NULL,NULL,NULL,NULL,NULL,82,NULL,NULL,NULL,NULL,NULL,NULL,NULL,NULL,NULL,'Sweden-2',NULL,'Djurgarden'),
(8476979,'20132014',50,2,18,20,NULL,NULL,NULL,NULL,NULL,NULL,16,NULL,NULL,NULL,NULL,NULL,NULL,NULL,NULL,NULL,'Sweden',NULL,'Frolunda'),
(8476979,'20132014',8,0,1,1,3,NULL,NULL,NULL,-4,NULL,6,0,NULL,NULL,0,NULL,NULL,0,NULL,147,'WC-A',66,'Sweden'),
(8476979,'20142015',55,4,25,29,NULL,NULL,NULL,NULL,NULL,NULL,22,NULL,NULL,NULL,NULL,NULL,NULL,NULL,NULL,NULL,'Sweden',NULL,'Frolunda'),
(8476979,'20152016',41,0,14,14,58,29,633.433,864,11,0,4,0,1,68.8167,0,0,3.01667,0,0,133,'National Hockey League',16,'Chicago Blackhawks'),
(8476979,'20152016',27,3,8,11,66,NULL,NULL,NULL,1,4.5,38,1,NULL,NULL,1,NULL,NULL,1,NULL,NULL,'AHL',7275,'Rockford'),
(8476979,'20152016',8,0,2,2,16,NULL,NULL,NULL,-1,0,0,0,NULL,NULL,0,NULL,NULL,0,NULL,147,'WC-A',66,'Sweden'),
(8476979,'20162017',68,5,25,30,NULL,NULL,NULL,NULL,-27,NULL,40,NULL,NULL,NULL,NULL,NULL,NULL,NULL,NULL,NULL,'AHL',NULL,'Rockford IceHogs'),
(8476979,'20172018',35,5,11,16,71,30,649.433,869,1,7.04,6,0,4,49.6,0,0,1.01667,0,0,133,'National Hockey League',16,'Chicago Blackhawks'),
(8476979,'20172018',25,3,14,17,NULL,NULL,NULL,NULL,-3,NULL,18,NULL,NULL,NULL,NULL,NULL,NULL,NULL,NULL,NULL,'AHL',NULL,'Rockford IceHogs'),
(8476979,'20172018',6,0,1,1,NULL,NULL,NULL,NULL,3,NULL,2,NULL,NULL,NULL,NULL,NULL,NULL,NULL,NULL,NULL,'WC',NULL,'Sweden'),
(8476979,'20182019',79,17,43,60,160,100,1784.18,2019,-6,10.63,34,4,18,239.633,0,0,9.1,3,2,133,'National Hockey League',16,'Chicago Blackhawks'),
(8476979,'20182019',3,0,1,1,NULL,NULL,NULL,NULL,-2,NULL,0,NULL,NULL,NULL,NULL,NULL,NULL,NULL,NULL,NULL,'EHT',NULL,'Sweden'),
(8476979,'20192020',7,0,3,3,5,5,126.067,161,-1,0,2,0,1,11.7833,0,0,0,0,0,133,'National Hockey League',20,'Calgary Flames'),
(8476979,'20192020',59,6,20,26,98,81,1219.1,1344,-8,6.1,25,2,8,166.017,0,0,11.6167,0,0,133,'National Hockey League',16,'Chicago Blackhawks'),
(8476979,'20202021',5,0,2,2,8,1,66.9167,80,1,0,0,0,1,9.38333,0,0,0,0,0,133,'National Hockey League',8,'Montréal Canadiens'),
(8476979,'20202021',24,1,9,10,25,20,417.75,546,-2,4,0,0,4,58.9,0,0,0.4,0,0,133,'National Hockey League',4,'Philadelphia Flyers'),
(8476979,'20212022',59,3,15,18,79,45,956.867,1189,-4,3.8,14,0,4,113.733,0,0,4.6,0,0,133,'National Hockey League',16,'Chicago Blackhawks'),
(8476979,'20212022',8,0,7,7,NULL,NULL,NULL,NULL,3,NULL,4,NULL,NULL,NULL,NULL,NULL,NULL,NULL,NULL,NULL,'WC',NULL,'Sweden'),
(8476979,'20222023',9,0,4,4,8,1,141.783,175,0,0,2,0,3,16.1,0,0,0.483333,0,0,133,'National Hockey League',10,'Toronto Maple Leafs'),
(8476979,'20222023',61,7,31,38,114,51,1242.32,1424,9,6.14,21,0,11,141.5,0,0,10.9667,2,0,133,'National Hockey League',15,'Washington Capitals'),
(8476979,'20232024',6,2,2,4,10,2,106.783,128,5,20,2,0,1,6.23333,0,0,2.06667,0,0,133,'National Hockey League',3,'New York Rangers'),
(8476981,'20102011',4,0,2,2,NULL,NULL,NULL,NULL,NULL,NULL,0,0,NULL,NULL,0,NULL,NULL,0,NULL,261,'ON-Jr.A',6892,'Burlington'),
(8476981,'20112012',64,12,10,22,NULL,NULL,NULL,NULL,17,NULL,34,0,NULL,NULL,0,NULL,NULL,NULL,NULL,141,'OHL',1876,'London'),
(8476981,'20122013',68,23,26,49,NULL,NULL,NULL,NULL,10,NULL,77,5,NULL,NULL,2,NULL,NULL,4,NULL,141,'OHL',1876,'London'),
(8476981,'20132014',7,1,0,1,6,NULL,NULL,NULL,-2,NULL,0,0,NULL,NULL,0,NULL,NULL,0,NULL,147,'WJC-A',60,'Canada'),
(8476981,'20132014',59,27,25,52,NULL,NULL,NULL,NULL,31,NULL,81,11,NULL,NULL,3,NULL,NULL,1,NULL,141,'OHL',1876,'London'),
(8476981,'20142015',6,0,1,1,10,24,80.7,119,-1,0,2,0,0,0.133333,0,0,0,0,0,133,'National Hockey League',29,'Columbus Blue Jackets'),
(8476981,'20142015',52,7,10,17,79,NULL,NULL,NULL,1,8.9,76,1,NULL,NULL,1,NULL,NULL,1,NULL,153,'AHL',6678,'Springfield'),
(8476981,'20152016',12,1,3,4,11,40,128.383,177,0,9.09,2,0,0,0.25,0,0,0.783333,0,0,133,'National Hockey League',29,'Columbus Blue Jackets'),
(8476981,'20152016',58,18,21,39,140,NULL,NULL,NULL,14,12.9,108,2,NULL,NULL,2,NULL,NULL,3,NULL,NULL,'AHL',7274,'Lake Erie'),
(8476981,'20162017',78,17,12,29,119,147,937.55,1364,12,14.29,89,0,0,6.1,0,0,14.7167,3,0,133,'National Hockey League',29,'Columbus Blue Jackets'),
(8476981,'20172018',1,0,0,0,NULL,NULL,NULL,NULL,-2,NULL,0,NULL,NULL,NULL,NULL,NULL,NULL,NULL,NULL,NULL,'AHL',NULL,'Cleveland Monsters'),
(8476981,'20172018',63,19,11,30,188,109,1136.38,1416,-1,10.11,42,1,4,85.7833,0,0,62,5,2,133,'National Hockey League',29,'Columbus Blue Jackets'),
(8476981,'20182019',82,27,20,47,230,214,1395.93,1814,25,11.74,60,3,7,112.333,2,3,109.833,5,0,133,'National Hockey League',29,'Columbus Blue Jackets'),
(8476981,'20192020',26,1,3,4,63,68,417.533,540,-8,1.6,17,0,0,45.2333,0,0,42.2833,0,0,133,'National Hockey League',29,'Columbus Blue Jackets'),
(8476981,'20202021',52,17,7,24,125,139,853.75,1083,-10,13.6,38,1,2,98.5667,1,1,4.13333,5,0,133,'National Hockey League',8,'Montréal Canadiens'),
(8476981,'20212022',10,1,7,8,NULL,NULL,NULL,NULL,2,NULL,10,NULL,NULL,NULL,NULL,NULL,NULL,NULL,NULL,NULL,'WC',NULL,'Canada'),
(8476981,'20212022',69,19,13,32,151,153,1188.55,1442,-25,12.6,65,2,3,146.317,0,0,2.85,1,0,133,'National Hockey League',8,'Montréal Canadiens'),
(8476981,'20222023',69,21,11,32,164,139,1170.23,1393,-8,12.8,72,4,4,117.75,1,1,87.6833,5,0,133,'National Hockey League',8,'Montréal Canadiens'),
(8476981,'20232024',2,0,1,1,4,3,31.1667,43,0,0,4,0,0,2.3,0,0,0.583333,0,0,133,'National Hockey League',8,'Montréal Canadiens'),
(8477451,'20072008',30,13,11,24,NULL,NULL,NULL,NULL,0,NULL,34,NULL,NULL,NULL,NULL,NULL,NULL,NULL,NULL,NULL,'T1EMBHL',NULL,'Chicago Mission Bantam Minor AAA'),
(8477451,'20082009',31,13,17,30,NULL,NULL,NULL,NULL,0,NULL,62,NULL,NULL,NULL,NULL,NULL,NULL,NULL,NULL,NULL,'T1EBHL',NULL,'Chicago Mission Bantam Major AAA'),
(8477451,'20092010',25,21,30,51,NULL,NULL,NULL,NULL,NULL,NULL,NULL,NULL,NULL,NULL,NULL,NULL,NULL,NULL,NULL,NULL,'Exhib.',NULL,'Chi. Mission'),
(8477451,'20102011',2,0,0,0,NULL,NULL,NULL,NULL,NULL,NULL,4,NULL,NULL,NULL,NULL,NULL,NULL,NULL,NULL,NULL,'U-18',NULL,'USNTDP'),
(8477451,'20112012',35,9,16,25,NULL,NULL,NULL,NULL,NULL,NULL,90,NULL,NULL,NULL,NULL,NULL,NULL,NULL,NULL,NULL,'U-18',NULL,'USNTDP'),
(8477451,'20122013',56,23,37,60,NULL,NULL,NULL,NULL,29,NULL,120,5,NULL,NULL,2,NULL,NULL,NULL,NULL,141,'OHL',2758,'Plymouth'),
(8477451,'20132014',52,26,28,54,NULL,NULL,NULL,NULL,-14,NULL,91,8,NULL,NULL,2,NULL,NULL,1,NULL,141,'OHL',2758,'Plymouth'),
(8477451,'20132014',9,3,4,7,16,NULL,NULL,NULL,-1,18.8,8,1,NULL,NULL,0,NULL,NULL,1,NULL,153,'AHL',7275,'Rockford'),
(8477451,'20132014',5,2,2,4,16,NULL,NULL,NULL,2,NULL,4,1,NULL,NULL,0,NULL,NULL,0,NULL,147,'WJC-A',67,'U.S.A.'),
(8477451,'20142015',5,0,0,0,8,11,41.4333,65,-1,0,2,0,0,0.183333,0,0,0,0,0,133,'National Hockey League',16,'Chicago Blackhawks'),
(8477451,'20142015',69,13,24,37,173,NULL,NULL,NULL,14,7.5,120,3,NULL,NULL,0,NULL,NULL,2,NULL,153,'AHL',7275,'Rockford'),
(8477451,'20152016',3,0,1,1,3,5,27.7167,43,-1,0,0,0,0,0,0,0,0,0,0,133,'National Hockey League',16,'Chicago Blackhawks'),
(8477451,'20152016',61,15,20,35,171,NULL,NULL,NULL,16,8.8,129,2,NULL,NULL,1,NULL,NULL,2,NULL,NULL,'AHL',7275,'Rockford'),
(8477451,'20162017',76,19,12,31,170,121,970.3,1296,13,11.18,70,1,1,39.5333,0,0,6.88333,4,1,133,'National Hockey League',16,'Chicago Blackhawks'),
(8477451,'20172018',57,8,17,25,96,94,729.817,950,5,8.33,58,1,2,49.3833,0,0,0.6,0,0,133,'National Hockey League',16,'Chicago Blackhawks'),
(8477451,'20172018',21,3,3,6,33,19,289.033,420,-4,9.09,14,0,0,2.23333,0,0,23.15,2,0,133,'National Hockey League',18,'Nashville Predators'),
(8477451,'20182019',64,10,10,20,113,69,859.95,1188,7,8.85,44,0,0,21.2833,0,0,34.25,2,0,133,'National Hockey League',18,'Nashville Predators'),
(8477451,'20182019',19,2,4,6,32,38,228.833,288,-6,6.25,30,0,0,0.533333,0,0,0.333333,0,0,133,'National Hockey League',4,'Philadelphia Flyers'),
(8477451,'20192020',69,9,11,20,114,44,845.633,1128,4,7.9,69,1,1,6,0,0,74.55,1,0,133,'National Hockey League',30,'Minnesota Wild'),
(8477451,'20202021',51,7,15,22,74,55,768.633,910,0,9.5,33,0,3,58.4,1,2,68.45,2,0,133,'National Hockey League',30,'Minnesota Wild'),
(8477451,'20212022',82,34,31,65,239,72,1490.8,1637,31,14.2,95,1,8,192.433,0,0,84.3667,7,1,133,'National Hockey League',30,'Minnesota Wild'),
(8477451,'20212022',5,1,0,1,NULL,NULL,NULL,NULL,1,NULL,6,NULL,NULL,NULL,NULL,NULL,NULL,NULL,NULL,NULL,'WC',NULL,'USA'),
(8477451,'20222023',59,15,22,37,149,62,961.583,1112,7,10.07,90,1,4,76.35,2,4,45.9167,6,0,133,'National Hockey League',30,'Minnesota Wild'),
(8477451,'20232024',6,4,3,7,15,6,104.4,119,3,26.67,6,0,0,8.71667,0,0,7,0,0,133,'National Hockey League',30,'Minnesota Wild'),
(8477494,'20102011',38,22,36,58,NULL,NULL,NULL,NULL,NULL,NULL,38,NULL,NULL,NULL,NULL,NULL,NULL,NULL,NULL,291,'QAAA',5284,'Lac St-Louis'),
(8477494,'20112012',33,7,22,29,79,NULL,NULL,NULL,-5,8.86,12,3,NULL,NULL,0,NULL,NULL,2,NULL,15,'QMJHL',2908,'Halifax'),
(8477494,'20112012',21,21,29,50,NULL,NULL,NULL,NULL,NULL,NULL,35,NULL,NULL,NULL,NULL,NULL,NULL,NULL,NULL,291,'QAAA',5284,'Lac St-Louis'),
(8477494,'20122013',49,41,64,105,173,NULL,NULL,NULL,48,23.7,32,7,NULL,NULL,4,NULL,NULL,5,NULL,15,'QMJHL',2908,'Halifax'),
(8477494,'20132014',7,3,6,9,17,NULL,NULL,NULL,5,NULL,24,1,NULL,NULL,0,NULL,NULL,0,NULL,147,'WJC-A',60,'Canada'),
(8477494,'20132014',46,29,79,108,217,NULL,NULL,NULL,50,13.4,43,10,NULL,NULL,3,NULL,NULL,6,NULL,15,'QMJHL',2908,'Halifax'),
(8477494,'20142015',2,1,2,3,9,NULL,NULL,NULL,4,11.1,0,0,NULL,NULL,0,NULL,NULL,1,NULL,153,'AHL',4988,'Syracuse'),
(8477494,'20142015',70,4,28,32,76,55,926.55,1170,3,5.26,34,3,6,133.733,0,0,4.25,0,0,133,'National Hockey League',14,'Tampa Bay Lightning'),
(8477494,'20152016',17,11,2,13,55,NULL,NULL,NULL,-9,20,12,5,NULL,NULL,0,NULL,NULL,0,NULL,NULL,'AHL',4988,'Syracuse'),
(8477494,'20152016',21,4,6,10,25,18,303.3,379,1,16,4,0,2,42.3167,0,0,0.483333,1,0,133,'National Hockey League',14,'Tampa Bay Lightning'),
(8477494,'20162017',73,21,32,53,183,50,1292.58,1538,-13,11.48,16,9,26,225.133,0,0,0.4,6,1,133,'National Hockey League',14,'Tampa Bay Lightning'),
(8477494,'20162017',3,1,0,1,NULL,NULL,NULL,NULL,2,NULL,0,NULL,NULL,NULL,NULL,NULL,NULL,NULL,NULL,NULL,'WCup',NULL,'Team North America'),
(8477494,'20172018',77,13,33,46,164,55,1355.15,1596,-28,7.93,30,4,22,252.15,0,0,8.46667,4,0,133,'National Hockey League',8,'Montréal Canadiens'),
(8477494,'20182019',81,18,35,53,190,55,1371.43,1706,-8,9.47,26,3,16,231.45,0,0,5.2,3,1,133,'National Hockey League',8,'Montréal Canadiens'),
(8477494,'20192020',27,7,8,15,51,25,423.933,543,-6,13.7,14,1,4,64.9,0,0,0.45,1,0,133,'National Hockey League',8,'Montréal Canadiens'),
(8477494,'20202021',44,2,21,23,76,42,707.95,940,-8,2.6,20,0,5,100.617,0,0,0.633333,0,0,133,'National Hockey League',8,'Montréal Canadiens'),
(8477494,'20212022',34,6,14,20,62,27,581.217,750,-9,9.7,23,0,4,80.4667,0,0,10.7,0,0,133,'National Hockey League',8,'Montréal Canadiens'),
(8477494,'20222023',58,2,27,29,69,29,864.667,1028,-18,2.9,18,0,9,117.45,0,0,0.55,0,0,133,'National Hockey League',8,'Montréal Canadiens'),
(8477494,'20232024',6,0,1,1,8,2,80.6,105,2,0,4,0,0,6.68333,0,0,0,0,0,133,'National Hockey League',21,'Colorado Avalanche'),
(8477497,'20092010',47,46,44,90,NULL,NULL,NULL,NULL,NULL,NULL,48,NULL,NULL,NULL,NULL,NULL,NULL,NULL,NULL,NULL,'GTHL',NULL,'Miss. Rebels'),
(8477497,'20102011',65,20,27,47,NULL,NULL,NULL,NULL,24,NULL,32,3,NULL,NULL,0,NULL,NULL,NULL,NULL,141,'OHL',6804,'Ottawa'),
(8477497,'20112012',62,33,45,78,NULL,NULL,NULL,NULL,25,NULL,38,10,NULL,NULL,1,NULL,NULL,NULL,NULL,141,'OHL',6804,'Ottawa'),
(8477497,'20122013',58,31,47,78,NULL,NULL,NULL,NULL,-18,NULL,24,15,NULL,NULL,1,NULL,NULL,NULL,NULL,141,'OHL',6804,'Ottawa'),
(8477497,'20132014',75,22,12,34,140,42,1198.35,1695,-20,15.71,8,3,7,157.367,0,0,18.8,2,1,133,'National Hockey League',20,'Calgary Flames'),
(8477497,'20132014',7,0,2,2,7,NULL,NULL,NULL,3,NULL,2,0,NULL,NULL,0,NULL,NULL,0,NULL,147,'WC-A',60,'Canada'),
(8477497,'20142015',81,31,31,62,191,39,1589.33,2236,8,16.23,12,10,19,229.533,1,2,67.8667,8,3,133,'National Hockey League',20,'Calgary Flames'),
(8477497,'20152016',81,27,36,63,197,38,1552.77,2128,-6,13.71,18,7,20,262.117,0,0,65.0167,5,1,133,'National Hockey League',20,'Calgary Flames'),
(8477497,'20162017',82,27,31,58,199,34,1441.3,1835,-1,13.57,20,8,17,247.983,1,1,40.7833,4,2,133,'National Hockey League',20,'Calgary Flames'),
(8477497,'20172018',74,31,33,64,202,35,1382.47,1577,3,15.35,24,9,19,268.483,0,0,20.5,11,3,133,'National Hockey League',20,'Calgary Flames'),
(8477497,'20182019',78,34,48,82,211,36,1486.27,1805,7,16.11,12,12,23,256.733,0,0,4.75,5,0,133,'National Hockey League',20,'Calgary Flames'),
(8477497,'20192020',70,22,26,48,166,65,1267.12,1559,-16,13.3,25,8,16,200.517,0,0,2.05,5,1,133,'National Hockey League',20,'Calgary Flames'),
(8477497,'20202021',50,10,18,28,98,49,884.533,1114,-6,10.2,10,4,9,158.85,0,0,24.95,5,0,133,'National Hockey League',20,'Calgary Flames'),
(8477497,'20212022',65,8,15,23,111,59,914.167,1256,-15,7.2,24,5,13,147.2,0,0,4.93333,2,0,133,'National Hockey League',20,'Calgary Flames'),
(8477497,'20222023',25,6,11,17,55,10,434.183,525,-5,10.91,16,1,4,78.8333,0,0,41.2667,0,0,133,'National Hockey League',8,'Montréal Canadiens'),
(8477497,'20232024',2,1,1,2,6,0,37.2833,43,2,16.67,4,0,0,6.63333,1,1,3.81667,1,0,133,'National Hockey League',8,'Montréal Canadiens'),
(8477508,'20092010',51,57,58,115,NULL,NULL,NULL,NULL,0,NULL,0,NULL,NULL,NULL,NULL,NULL,NULL,NULL,NULL,NULL,'OMBAHA',NULL,'Pursuit of Excellence Bantm Prep'),
(8477508,'20102011',6,0,1,1,NULL,NULL,NULL,NULL,2,NULL,0,0,NULL,NULL,0,NULL,NULL,NULL,NULL,21,'WHL',7212,'Edmonton'),
(8477508,'20102011',39,22,27,49,NULL,NULL,NULL,NULL,NULL,NULL,67,NULL,NULL,NULL,NULL,NULL,NULL,NULL,NULL,NULL,'High-BC',NULL,'Okanagan H.A.'),
(8477508,'20112012',63,20,11,31,NULL,NULL,NULL,NULL,15,NULL,56,4,NULL,NULL,0,NULL,NULL,NULL,NULL,21,'WHL',7212,'Edmonton'),
(8477508,'20122013',72,38,23,61,NULL,NULL,NULL,NULL,25,NULL,47,14,NULL,NULL,2,NULL,NULL,NULL,NULL,21,'WHL',7212,'Edmonton'),
(8477508,'20132014',7,3,4,7,12,NULL,NULL,NULL,1,NULL,0,2,NULL,NULL,0,NULL,NULL,1,NULL,147,'WJC-A',60,'Canada'),
(8477508,'20132014',58,41,35,76,NULL,NULL,NULL,NULL,41,NULL,30,8,NULL,NULL,2,NULL,NULL,NULL,NULL,21,'WHL',7212,'Edmonton'),
(8477508,'20142015',7,5,4,9,17,NULL,NULL,NULL,8,NULL,0,2,NULL,NULL,0,NULL,NULL,1,NULL,147,'WJC-A',60,'Canada'),
(8477508,'20142015',67,6,9,15,92,167,864.083,1228,1,6.52,14,0,0,8.98333,0,0,33.4667,0,0,133,'National Hockey League',9,'Ottawa Senators'),
(8477508,'20152016',76,6,14,20,78,118,1053.27,1479,-1,7.69,18,1,2,64.9167,1,4,107.55,0,0,133,'National Hockey League',9,'Ottawa Senators'),
(8477508,'20162017',13,3,1,4,NULL,NULL,NULL,NULL,-1,NULL,8,NULL,NULL,NULL,NULL,NULL,NULL,NULL,NULL,NULL,'AHL',NULL,'Binghamton Senators'),
(8477508,'20162017',4,1,2,3,2,9,47.1,65,2,50,0,0,0,1.03333,0,0,1.11667,0,0,133,'National Hockey League',20,'Calgary Flames'),
(8477508,'20162017',33,0,1,1,24,57,290.85,441,-10,0,4,0,0,2.86667,0,0,9.81667,0,0,133,'National Hockey League',9,'Ottawa Senators'),
(8477508,'20172018',65,2,10,12,65,130,640.717,884,-8,3.08,23,0,0,4.96667,0,0,27.9833,1,0,133,'National Hockey League',20,'Calgary Flames'),
(8477508,'20182019',1,0,0,0,0,0,4.8,9,-1,0,0,0,0,0,0,0,0,0,0,133,'National Hockey League',20,'Calgary Flames'),
(8477508,'20182019',57,20,21,41,NULL,NULL,NULL,NULL,-9,NULL,47,NULL,NULL,NULL,NULL,NULL,NULL,NULL,NULL,NULL,'AHL',NULL,'Stockton Heat'),
(8477508,'20192020',38,5,5,10,33,70,449.65,681,-3,15.2,9,0,0,0.816667,0,1,67.5,0,0,133,'National Hockey League',7,'Buffalo Sabres'),
(8477508,'20192020',18,6,8,14,NULL,NULL,NULL,NULL,10,NULL,6,NULL,NULL,NULL,NULL,NULL,NULL,NULL,NULL,NULL,'AHL',NULL,'Rochester Americans'),
(8477508,'20202021',17,2,2,4,20,35,217.017,296,-2,10,6,0,0,1.35,0,0,22.1667,0,0,133,'National Hockey League',6,'Boston Bruins'),
(8477508,'20202021',33,5,4,9,35,64,449.167,624,-4,14.3,0,0,0,2.61667,0,0,81.0333,1,0,133,'National Hockey League',7,'Buffalo Sabres'),
(8477508,'20212022',70,8,8,16,95,186,839.583,1214,-2,8.4,16,0,0,1.03333,0,1,112.533,0,0,133,'National Hockey League',6,'Boston Bruins'),
(8477508,'20222023',4,0,0,0,1,14,37.1167,59,-1,0,7,0,0,0,0,0,2.88333,0,0,133,'National Hockey League',1,'New Jersey Devils'),
(8477508,'20222023',45,3,2,5,54,124,547.45,829,-5,5.56,14,0,0,2.51667,0,0,49.1833,0,0,133,'National Hockey League',23,'Vancouver Canucks'),
(8477508,'20232024',7,0,0,0,4,17,79.6833,118,-1,0,4,0,0,0.65,0,0,6.78333,0,0,133,'National Hockey League',1,'New Jersey Devils'),
(8477541,'20092010',2,0,1,1,NULL,NULL,NULL,NULL,1,NULL,0,NULL,NULL,NULL,NULL,NULL,NULL,NULL,NULL,NULL,'USHL',NULL,'Lincoln Stars'),
(8477541,'20102011',36,4,4,8,NULL,NULL,NULL,NULL,-2,NULL,53,NULL,NULL,NULL,NULL,NULL,NULL,NULL,NULL,NULL,'USHL',NULL,'USNTDP Juniors'),
(8477541,'20112012',60,5,22,27,120,NULL,NULL,NULL,22,4.2,98,2,NULL,NULL,0,NULL,NULL,2,NULL,83,'USHL',3564,'Green Bay'),
(8477541,'20122013',27,2,9,11,NULL,NULL,NULL,NULL,15,NULL,34,1,NULL,NULL,0,NULL,NULL,0,NULL,141,'OHL',1876,'London'),
(8477541,'20122013',19,1,3,4,NULL,NULL,NULL,NULL,NULL,NULL,14,0,NULL,NULL,0,NULL,NULL,0,NULL,221,'WCHA',4734,'U. of Denver'),
(8477541,'20132014',66,5,20,25,NULL,NULL,NULL,NULL,40,NULL,76,0,NULL,NULL,2,NULL,NULL,2,NULL,141,'OHL',1876,'London'),
(8477541,'20142015',36,1,10,11,NULL,NULL,NULL,NULL,22,NULL,36,0,NULL,NULL,0,NULL,NULL,0,NULL,141,'OHL',1876,'London'),
(8477541,'20142015',30,5,14,19,NULL,NULL,NULL,NULL,26,NULL,50,0,NULL,NULL,0,NULL,NULL,1,NULL,141,'OHL',1888,'Oshawa'),
(8477541,'20152016',5,1,2,3,NULL,NULL,NULL,NULL,1,NULL,6,0,NULL,NULL,0,NULL,NULL,NULL,NULL,NULL,'ECHL',7291,'Rapid City'),
(8477541,'20152016',63,3,10,13,68,NULL,NULL,NULL,-12,4.4,58,0,NULL,NULL,0,NULL,NULL,2,NULL,NULL,'AHL',6678,'Springfield'),
(8477541,'20162017',67,2,10,12,NULL,NULL,NULL,NULL,-17,NULL,75,NULL,NULL,NULL,NULL,NULL,NULL,NULL,NULL,NULL,'AHL',NULL,'Tucson Roadrunners'),
(8477541,'20172018',9,0,0,0,7,5,98.8667,141,-2,0,0,0,0,0.916667,0,0,0.05,0,0,133,'National Hockey League',53,'Arizona Coyotes'),
(8477541,'20172018',59,2,17,19,NULL,NULL,NULL,NULL,5,NULL,45,NULL,NULL,NULL,NULL,NULL,NULL,NULL,NULL,NULL,'AHL',NULL,'Tucson Roadrunners'),
(8477541,'20182019',1,0,0,0,0,0,11.3333,17,1,0,0,0,0,0,0,0,0,0,0,133,'National Hockey League',53,'Arizona Coyotes'),
(8477541,'20182019',62,3,21,24,NULL,NULL,NULL,NULL,-2,NULL,49,NULL,NULL,NULL,NULL,NULL,NULL,NULL,NULL,NULL,'AHL',NULL,'Tucson Roadrunners'),
(8477541,'20192020',53,3,16,19,NULL,NULL,NULL,NULL,6,NULL,23,NULL,NULL,NULL,NULL,NULL,NULL,NULL,NULL,NULL,'AHL',NULL,'Binghamton Devils'),
(8477541,'20192020',10,1,3,4,17,20,192.167,252,7,5.9,4,0,0,0.266667,0,0,20.0333,0,0,133,'National Hockey League',1,'New Jersey Devils'),
(8477541,'20202021',3,0,0,0,2,10,49.2,59,0,0,0,0,0,0.55,0,0,0.9,0,0,133,'National Hockey League',30,'Minnesota Wild'),
(8477541,'20212022',59,3,21,24,NULL,NULL,NULL,NULL,-9,NULL,86,NULL,NULL,NULL,NULL,NULL,NULL,NULL,NULL,NULL,'AHL',NULL,'Iowa Wild'),
(8477541,'20212022',2,0,0,0,1,3,27.8,36,2,0,0,0,0,0,0,0,0,0,0,133,'National Hockey League',30,'Minnesota Wild'),
(8477541,'20222023',63,5,21,26,NULL,NULL,NULL,NULL,9,NULL,73,NULL,NULL,NULL,NULL,NULL,NULL,NULL,NULL,NULL,'AHL',NULL,'Iowa Wild'),
(8477541,'20222023',2,0,0,0,1,2,28.9167,36,-1,0,0,0,0,0,0,0,1.83333,0,0,133,'National Hockey League',30,'Minnesota Wild'),
(8477541,'20232024',1,0,0,0,0,1,10.45,13,-1,0,17,0,0,0,0,0,0,0,0,133,'National Hockey League',30,'Minnesota Wild'),
(8477919,'20092010',41,14,11,25,NULL,NULL,NULL,NULL,0,NULL,6,NULL,NULL,NULL,NULL,NULL,NULL,NULL,NULL,NULL,'QMAAA',NULL,'Magog Cantonniers'),
(8477919,'20102011',42,14,25,39,NULL,NULL,NULL,NULL,0,NULL,2,NULL,NULL,NULL,NULL,NULL,NULL,NULL,NULL,NULL,'QMAAA',NULL,'Magog Cantonniers'),
(8477919,'20112012',64,5,15,20,NULL,NULL,NULL,NULL,1,NULL,2,NULL,NULL,NULL,NULL,NULL,NULL,NULL,NULL,NULL,'QMJHL',NULL,'Shawinigan Cataractes'),
(8477919,'20122013',68,13,30,43,NULL,NULL,NULL,NULL,-33,NULL,22,NULL,NULL,NULL,NULL,NULL,NULL,NULL,NULL,NULL,'QMJHL',NULL,'Shawinigan Cataractes'),
(8477919,'20132014',36,19,21,40,106,NULL,NULL,NULL,14,NULL,2,4,NULL,NULL,0,NULL,NULL,3,NULL,15,'QMJHL',2904,'Drummondville'),
(8477919,'20132014',27,13,18,31,83,NULL,NULL,NULL,-13,NULL,0,6,NULL,NULL,0,NULL,NULL,0,NULL,15,'QMJHL',2922,'Shawinigan'),
(8477919,'20142015',14,5,2,7,28,NULL,NULL,NULL,-1,NULL,4,1,NULL,NULL,0,NULL,NULL,1,NULL,51,'ECHL',2190,'Cincinnati'),
(8477919,'20142015',43,4,7,11,62,NULL,NULL,NULL,1,NULL,12,0,NULL,NULL,0,NULL,NULL,0,NULL,153,'AHL',5610,'Milwaukee'),
(8477919,'20152016',75,15,27,42,141,NULL,NULL,NULL,-5,10.6,31,7,NULL,NULL,0,NULL,NULL,3,NULL,NULL,'AHL',5610,'Milwaukee'),
(8477919,'20162017',66,25,23,48,NULL,NULL,NULL,NULL,-1,NULL,14,NULL,NULL,NULL,NULL,NULL,NULL,NULL,NULL,NULL,'AHL',NULL,'Milwaukee Admirals'),
(8477919,'20162017',9,0,1,1,8,1,77.9667,118,1,0,0,0,0,0.416667,0,0,1.13333,0,0,133,'National Hockey League',18,'Nashville Predators'),
(8477919,'20172018',54,22,21,43,NULL,NULL,NULL,NULL,9,NULL,2,NULL,NULL,NULL,NULL,NULL,NULL,NULL,NULL,NULL,'AHL',NULL,'Milwaukee Admirals'),
(8477919,'20172018',20,0,3,3,14,8,183.217,274,0,0,2,0,0,0.166667,0,0,2.28333,0,0,133,'National Hockey League',18,'Nashville Predators'),
(8477919,'20182019',55,3,1,4,43,25,495.783,732,1,6.98,2,0,0,1.25,0,0,0.416667,1,0,133,'National Hockey League',18,'Nashville Predators'),
(8477919,'20192020',42,11,17,28,NULL,NULL,NULL,NULL,0,NULL,6,NULL,NULL,NULL,NULL,NULL,NULL,NULL,NULL,NULL,'AHL',NULL,'Milwaukee Admirals'),
(8477919,'20202021',19,2,8,10,20,9,248.217,375,10,10,2,0,0,2.81667,0,1,33.2667,0,0,133,'National Hockey League',5,'Pittsburgh Penguins'),
(8477919,'20202021',6,1,3,4,NULL,NULL,NULL,NULL,3,NULL,2,NULL,NULL,NULL,NULL,NULL,NULL,NULL,NULL,NULL,'AHL',NULL,'Wilkes-Barre/Scranton Penguins'),
(8477919,'20212022',76,14,30,44,132,48,1239.85,1448,12,10.6,8,1,3,130.45,0,2,122.033,4,1,133,'National Hockey League',30,'Minnesota Wild'),
(8477919,'20222023',82,19,19,38,138,42,1315.52,1582,10,13.77,10,3,4,97,4,5,170.617,3,0,133,'National Hockey League',30,'Minnesota Wild'),
(8477919,'20232024',3,0,0,0,5,1,43.4833,55,1,0,0,0,0,5.41667,0,0,7,0,0,133,'National Hockey League',30,'Minnesota Wild'),
(8477931,'20072008',40,9,7,16,NULL,NULL,NULL,NULL,-11,NULL,28,NULL,NULL,NULL,NULL,NULL,NULL,NULL,NULL,NULL,'Czech U18',NULL,'HC Pardubice U18'),
(8477931,'20082009',22,14,21,35,NULL,NULL,NULL,NULL,19,NULL,34,NULL,NULL,NULL,NULL,NULL,NULL,NULL,NULL,NULL,'Czech U18',NULL,'HC Pardubice U18'),
(8477931,'20092010',5,4,8,12,NULL,NULL,NULL,NULL,6,NULL,0,NULL,NULL,NULL,NULL,NULL,NULL,NULL,NULL,NULL,'Czech U18',NULL,'HC Pardubice U18'),
(8477931,'20102011',51,30,33,63,NULL,NULL,NULL,NULL,33,NULL,64,NULL,NULL,NULL,NULL,NULL,NULL,NULL,NULL,NULL,'Czech U20',NULL,'HC Pardubice U20'),
(8477931,'20112012',6,0,1,1,16,NULL,NULL,NULL,3,NULL,2,0,NULL,NULL,0,NULL,NULL,0,NULL,147,'WJC-A',61,'Czech Republic'),
(8477931,'20112012',27,0,4,4,NULL,NULL,NULL,NULL,3,NULL,2,NULL,NULL,NULL,NULL,NULL,NULL,NULL,NULL,NULL,'CzRep',NULL,'Pardubice'),
(8477931,'20122013',5,4,1,5,NULL,NULL,NULL,NULL,6,NULL,2,NULL,NULL,NULL,NULL,NULL,NULL,NULL,NULL,NULL,'CzRep-2',NULL,'Hr. Kralove'),
(8477931,'20122013',50,5,9,14,NULL,NULL,NULL,NULL,NULL,NULL,18,NULL,NULL,NULL,NULL,NULL,NULL,NULL,NULL,NULL,'CzRep',NULL,'Pardubice'),
(8477931,'20132014',52,19,25,44,NULL,NULL,NULL,NULL,NULL,NULL,36,NULL,NULL,NULL,NULL,NULL,NULL,NULL,NULL,NULL,'CzRep',NULL,'Pardubice'),
(8477931,'20142015',55,11,23,34,111,NULL,NULL,NULL,30,9.9,22,1,NULL,NULL,3,NULL,NULL,0,NULL,153,'AHL',6840,'Grand Rapids'),
(8477931,'20152016',6,0,0,0,2,6,60.8333,92,-2,0,2,0,0,0.416667,0,0,8.75,0,0,133,'National Hockey League',17,'Detroit Red Wings'),
(8477931,'20152016',70,15,15,30,129,NULL,NULL,NULL,13,11.6,42,0,NULL,NULL,2,NULL,NULL,3,NULL,NULL,'AHL',6840,'Grand Rapids'),
(8477931,'20162017',11,1,0,1,19,10,111.367,162,-1,5.26,2,0,0,0.483333,0,0,2.33333,0,0,133,'National Hockey League',17,'Detroit Red Wings'),
(8477931,'20162017',51,15,26,41,NULL,NULL,NULL,NULL,4,NULL,33,NULL,NULL,NULL,NULL,NULL,NULL,NULL,NULL,NULL,'AHL',NULL,'Grand Rapids Griffins'),
(8477931,'20172018',67,7,8,15,92,53,743.167,1004,6,7.61,14,0,0,7.3,1,2,101.5,0,0,133,'National Hockey League',54,'Vegas Golden Knights'),
(8477931,'20182019',68,8,9,17,116,75,848.017,1055,-10,6.9,18,0,0,26.9667,1,1,116.133,1,0,133,'National Hockey League',54,'Vegas Golden Knights'),
(8477931,'20192020',67,8,7,15,93,91,777.583,1074,-2,8.6,20,0,0,4.23333,1,1,86.2167,1,0,133,'National Hockey League',54,'Vegas Golden Knights'),
(8477931,'20202021',38,8,10,18,59,51,494.033,671,7,13.6,10,0,1,2.35,0,0,51.0667,2,0,133,'National Hockey League',54,'Vegas Golden Knights'),
(8477931,'20212022',75,3,14,17,84,85,1000.63,1364,-9,3.6,32,0,0,3.41667,0,2,135.5,1,0,133,'National Hockey League',6,'Boston Bruins'),
(8477931,'20222023',66,7,11,18,69,69,828.467,1233,9,10.14,48,0,0,2.28333,2,2,168.667,1,0,133,'National Hockey League',6,'Boston Bruins'),
(8477931,'20232024',2,0,0,0,1,1,24.3333,34,0,0,0,0,0,0.466667,0,0,5.91667,0,0,133,'National Hockey League',1,'New Jersey Devils'),
(8478133,'20102011',4,0,0,0,NULL,NULL,NULL,NULL,-1,NULL,2,NULL,NULL,NULL,NULL,NULL,NULL,NULL,NULL,NULL,'GTBHL',NULL,'Mississauga Rebels Bantam AAA'),
(8478133,'20112012',77,34,55,89,NULL,NULL,NULL,NULL,NULL,NULL,38,NULL,NULL,NULL,NULL,NULL,NULL,NULL,NULL,NULL,'GTHL',NULL,'Miss. Rebels'),
(8478133,'20112012',5,2,2,4,NULL,NULL,NULL,NULL,NULL,NULL,0,0,NULL,NULL,0,NULL,NULL,0,NULL,NULL,'ON-Jr.A',NULL,'St. Michael\'s'),
(8478133,'20122013',50,12,32,44,NULL,NULL,NULL,NULL,NULL,NULL,45,3,NULL,NULL,0,NULL,NULL,3,NULL,NULL,'ON-Jr.A',NULL,'St. Michael\'s'),
(8478133,'20132014',49,16,47,63,NULL,NULL,NULL,NULL,NULL,NULL,79,2,NULL,NULL,1,NULL,NULL,3,NULL,NULL,'ON-Jr.A',NULL,'St. Michael\'s'),
(8478133,'20142015',41,7,10,17,NULL,NULL,NULL,NULL,NULL,NULL,22,1,NULL,NULL,0,NULL,NULL,1,NULL,NULL,'H-East',NULL,'U. of Notre Dame'),
(8478133,'20152016',37,8,25,33,55,NULL,NULL,NULL,15,NULL,29,4,NULL,NULL,0,NULL,NULL,1,NULL,NULL,'H-East',NULL,'U. of Notre Dame'),
(8478133,'20152016',37,8,25,33,NULL,NULL,NULL,NULL,15,NULL,29,NULL,NULL,NULL,NULL,NULL,NULL,NULL,NULL,NULL,'NCAA',NULL,'Univ. of Notre Dame'),
(8478133,'20162017',40,13,29,42,NULL,NULL,NULL,NULL,11,NULL,47,NULL,NULL,NULL,NULL,NULL,NULL,NULL,NULL,NULL,'NCAA',NULL,'Univ. of Notre Dame'),
(8478133,'20172018',4,0,0,0,NULL,NULL,NULL,NULL,-1,NULL,0,NULL,NULL,NULL,NULL,NULL,NULL,NULL,NULL,NULL,'Spengler Cup',NULL,'Team Canada'),
(8478133,'20172018',40,13,33,46,NULL,NULL,NULL,NULL,9,NULL,18,NULL,NULL,NULL,NULL,NULL,NULL,NULL,NULL,NULL,'NCAA',NULL,'Univ. of Notre Dame'),
(8478133,'20182019',67,13,32,45,NULL,NULL,NULL,NULL,-11,NULL,26,NULL,NULL,NULL,NULL,NULL,NULL,NULL,NULL,NULL,'AHL',NULL,'Laval Rocket'),
(8478133,'20192020',51,14,24,38,NULL,NULL,NULL,NULL,-5,NULL,26,NULL,NULL,NULL,NULL,NULL,NULL,NULL,NULL,NULL,'AHL',NULL,'Laval Rocket'),
(8478133,'20192020',13,2,1,3,14,16,134.583,195,1,14.3,0,0,0,6.36667,0,0,7.35,0,0,133,'National Hockey League',8,'Montréal Canadiens'),
(8478133,'20202021',47,3,10,13,55,79,556.25,832,2,5.5,29,0,0,3.4,1,2,85.65,0,0,133,'National Hockey League',8,'Montréal Canadiens'),
(8478133,'20212022',72,13,16,29,124,88,1122.97,1581,-5,10.5,22,0,0,22.8333,0,1,138.833,0,0,133,'National Hockey League',8,'Montréal Canadiens'),
(8478133,'20222023',54,2,17,19,55,27,782.467,1006,-5,3.64,28,1,1,5.41667,0,2,151.55,0,0,133,'National Hockey League',8,'Montréal Canadiens'),
(8478133,'20232024',2,1,0,1,3,5,27.85,40,0,33.33,2,0,0,0.2,0,0,8.15,0,0,133,'National Hockey League',8,'Montréal Canadiens'),
(8478136,'20102011',4,0,0,0,NULL,NULL,NULL,NULL,NULL,NULL,0,NULL,NULL,NULL,NULL,NULL,NULL,NULL,NULL,NULL,'Minor-ON',NULL,'Huron-Perth MM'),
(8478136,'20112012',2,1,0,1,NULL,NULL,NULL,NULL,NULL,NULL,4,NULL,NULL,NULL,NULL,NULL,NULL,NULL,NULL,NULL,'Minor-ON',NULL,'Huron-Perth Mid.'),
(8478136,'20112012',25,7,16,23,NULL,NULL,NULL,NULL,NULL,NULL,26,NULL,NULL,NULL,NULL,NULL,NULL,NULL,NULL,NULL,'Minor-ON',NULL,'Huron-Perth MM'),
(8478136,'20112012',4,0,3,3,NULL,NULL,NULL,NULL,NULL,NULL,0,NULL,NULL,NULL,NULL,NULL,NULL,NULL,NULL,NULL,'ON-Jr.B',NULL,'Stratford'),
(8478136,'20122013',15,1,3,4,NULL,NULL,NULL,NULL,-16,NULL,18,0,NULL,NULL,0,NULL,NULL,0,NULL,141,'OHL',6804,'Ottawa'),
(8478136,'20122013',14,0,1,1,NULL,NULL,NULL,NULL,3,NULL,7,0,NULL,NULL,0,NULL,NULL,0,NULL,141,'OHL',1886,'Owen Sound'),
(8478136,'20132014',65,2,21,23,NULL,NULL,NULL,NULL,-21,NULL,64,1,NULL,NULL,0,NULL,NULL,1,NULL,141,'OHL',6804,'Ottawa'),
(8478136,'20142015',64,4,23,27,NULL,NULL,NULL,NULL,11,NULL,62,2,NULL,NULL,0,NULL,NULL,0,NULL,141,'OHL',6804,'Ottawa'),
(8478136,'20152016',2,0,1,1,NULL,NULL,NULL,NULL,1,NULL,0,0,NULL,NULL,0,NULL,NULL,0,NULL,NULL,'ECHL',7301,'Manchester'),
(8478136,'20152016',68,7,24,31,130,NULL,NULL,NULL,11,5.4,68,3,NULL,NULL,1,NULL,NULL,2,NULL,NULL,'OHL',6804,'Ottawa'),
(8478136,'20162017',50,1,8,9,NULL,NULL,NULL,NULL,11,NULL,56,NULL,NULL,NULL,NULL,NULL,NULL,NULL,NULL,NULL,'AHL',NULL,'San Jose Barracuda'),
(8478136,'20172018',67,6,22,28,NULL,NULL,NULL,NULL,-1,NULL,80,NULL,NULL,NULL,NULL,NULL,NULL,NULL,NULL,NULL,'AHL',NULL,'San Jose Barracuda'),
(8478136,'20182019',57,5,14,19,NULL,NULL,NULL,NULL,16,NULL,67,NULL,NULL,NULL,NULL,NULL,NULL,NULL,NULL,NULL,'AHL',NULL,'San Jose Barracuda'),
(8478136,'20182019',3,0,1,1,0,1,29.8,41,-1,0,2,0,0,0,0,0,1.18333,0,0,133,'National Hockey League',28,'San Jose Sharks'),
(8478136,'20192020',32,1,5,6,NULL,NULL,NULL,NULL,-13,NULL,52,NULL,NULL,NULL,NULL,NULL,NULL,NULL,NULL,NULL,'AHL',NULL,'San Jose Barracuda'),
(8478136,'20192020',10,0,2,2,9,18,107.667,154,-2,0,9,0,0,0,0,0,7.58333,0,0,133,'National Hockey League',28,'San Jose Sharks'),
(8478136,'20202021',22,3,4,7,NULL,NULL,NULL,NULL,4,NULL,18,NULL,NULL,NULL,NULL,NULL,NULL,NULL,NULL,NULL,'AHL',NULL,'San Jose Barracuda'),
(8478136,'20202021',1,0,0,0,1,2,8.73333,16,-2,0,2,0,0,0,0,0,0.166667,0,0,133,'National Hockey League',28,'San Jose Sharks'),
(8478136,'20212022',21,1,4,5,22,29,376.133,461,7,4.5,13,0,0,0.616667,0,0,31.0667,0,0,133,'National Hockey League',30,'Minnesota Wild'),
(8478136,'20212022',45,3,6,9,51,89,857.033,1124,3,5.9,69,0,1,11.1667,0,1,74.95,0,0,133,'National Hockey League',28,'San Jose Sharks'),
(8478136,'20222023',79,3,12,15,79,115,1504.1,1824,15,3.8,72,0,0,8.1,0,1,161.467,0,0,133,'National Hockey League',30,'Minnesota Wild'),
(8478136,'20232024',3,0,2,2,3,0,57.0667,69,-3,0,2,0,0,0.316667,0,1,8.01667,0,0,133,'National Hockey League',30,'Minnesota Wild'),
(8478399,'20082009',2,1,0,1,NULL,NULL,NULL,NULL,0,NULL,2,NULL,NULL,NULL,NULL,NULL,NULL,NULL,NULL,NULL,'Mini B',NULL,'ZSC III U15'),
(8478399,'20092010',7,0,2,2,NULL,NULL,NULL,NULL,0,NULL,6,NULL,NULL,NULL,NULL,NULL,NULL,NULL,NULL,NULL,'Top Mini',NULL,'ZSC U15'),
(8478399,'20102011',2,0,0,0,NULL,NULL,NULL,NULL,0,NULL,0,NULL,NULL,NULL,NULL,NULL,NULL,NULL,NULL,NULL,'Elite Novizen',NULL,'ZSC U17'),
(8478399,'20112012',7,0,2,2,NULL,NULL,NULL,NULL,NULL,NULL,4,NULL,NULL,NULL,NULL,NULL,NULL,NULL,NULL,NULL,'Swiss-Jr.',NULL,'GCK Zurich Jr.'),
(8478399,'20112012',2,0,0,0,NULL,NULL,NULL,NULL,NULL,NULL,0,NULL,NULL,NULL,NULL,NULL,NULL,NULL,NULL,NULL,'Swiss-Jr.',NULL,'Zurich Jr.'),
(8478399,'20112012',29,3,9,12,NULL,NULL,NULL,NULL,NULL,NULL,103,NULL,NULL,NULL,NULL,NULL,NULL,NULL,NULL,NULL,'Swiss-U17',NULL,'Zurich U17'),
(8478399,'20122013',34,2,12,14,NULL,NULL,NULL,NULL,NULL,NULL,54,NULL,NULL,NULL,NULL,NULL,NULL,NULL,NULL,NULL,'Swiss-Jr.',NULL,'GCK Zurich Jr.'),
(8478399,'20122013',5,1,7,8,NULL,NULL,NULL,NULL,NULL,NULL,20,NULL,NULL,NULL,NULL,NULL,NULL,NULL,NULL,NULL,'Swiss-U17',NULL,'Zurich U17'),
(8478399,'20132014',40,2,6,8,NULL,NULL,NULL,NULL,NULL,NULL,24,NULL,NULL,NULL,NULL,NULL,NULL,NULL,NULL,NULL,'Swiss-2',NULL,'GCK Zurich'),
(8478399,'20132014',6,0,0,0,NULL,NULL,NULL,NULL,NULL,NULL,2,NULL,NULL,NULL,NULL,NULL,NULL,NULL,NULL,293,'Swiss',5876,'Zurich'),
(8478399,'20142015',10,1,7,8,NULL,NULL,NULL,NULL,NULL,NULL,10,NULL,NULL,NULL,NULL,NULL,NULL,NULL,NULL,NULL,'Swiss-2',NULL,'GCK Zurich'),
(8478399,'20142015',41,0,3,3,NULL,NULL,NULL,NULL,NULL,NULL,39,NULL,NULL,NULL,NULL,NULL,NULL,NULL,NULL,293,'Swiss',5876,'Zurich'),
(8478399,'20152016',6,0,1,1,4,NULL,NULL,NULL,-4,0,8,0,NULL,NULL,0,NULL,NULL,0,NULL,NULL,'AHL',6660,'Hershey'),
(8478399,'20152016',5,0,1,1,4,NULL,NULL,NULL,6,NULL,2,0,NULL,NULL,0,NULL,NULL,0,NULL,147,'WJ18-A',6776,'Switzerland'),
(8478399,'20152016',6,0,1,1,NULL,NULL,NULL,NULL,-4,NULL,6,NULL,NULL,NULL,NULL,NULL,NULL,NULL,NULL,NULL,'WJC-20',NULL,'Switzerland U20'),
(8478399,'20152016',40,3,5,8,NULL,NULL,NULL,NULL,16,NULL,28,NULL,NULL,NULL,NULL,NULL,NULL,NULL,NULL,NULL,'NL',NULL,'ZSC'),
(8478399,'20152016',40,3,5,8,NULL,NULL,NULL,NULL,NULL,NULL,28,NULL,NULL,NULL,NULL,NULL,NULL,NULL,NULL,NULL,'Swiss',5876,'Zurich'),
(8478399,'20162017',7,0,0,0,NULL,NULL,NULL,NULL,2,NULL,2,NULL,NULL,NULL,NULL,NULL,NULL,NULL,NULL,NULL,'AHL',NULL,'Hershey Bears'),
(8478399,'20162017',5,1,5,6,NULL,NULL,NULL,NULL,-1,NULL,2,NULL,NULL,NULL,NULL,NULL,NULL,NULL,NULL,NULL,'WJC-20',NULL,'Switzerland U20'),
(8478399,'20162017',28,1,6,7,NULL,NULL,NULL,NULL,1,NULL,16,NULL,NULL,NULL,NULL,NULL,NULL,NULL,NULL,NULL,'NL',NULL,'ZSC'),
(8478399,'20172018',75,6,6,12,NULL,NULL,NULL,NULL,-20,NULL,61,NULL,NULL,NULL,NULL,NULL,NULL,NULL,NULL,NULL,'AHL',NULL,'Hershey Bears'),
(8478399,'20182019',34,2,4,6,NULL,NULL,NULL,NULL,3,NULL,30,NULL,NULL,NULL,NULL,NULL,NULL,NULL,NULL,NULL,'AHL',NULL,'Hershey Bears'),
(8478399,'20182019',26,0,4,4,12,31,367.983,481,6,0,10,0,0,0.216667,0,0,27.3667,0,0,133,'National Hockey League',15,'Washington Capitals'),
(8478399,'20192020',64,2,7,9,49,51,1006.65,1248,11,4.1,43,0,0,0.616667,0,0,203.767,1,0,133,'National Hockey League',15,'Washington Capitals'),
(8478399,'20202021',8,0,0,0,4,14,140.583,178,-6,0,2,0,0,0.483333,0,0,15.65,0,0,133,'National Hockey League',1,'New Jersey Devils'),
(8478399,'20202021',7,0,1,1,NULL,NULL,NULL,NULL,2,NULL,6,NULL,NULL,NULL,NULL,NULL,NULL,NULL,NULL,NULL,'WC',NULL,'Switzerland'),
(8478399,'20202021',7,0,0,0,3,6,93.6667,114,-3,0,2,0,0,0,0,0,15.7167,0,0,133,'National Hockey League',15,'Washington Capitals'),
(8478399,'20212022',70,1,13,14,92,98,1439.08,1690,-5,1.1,42,0,0,1.88333,0,1,167.383,0,0,133,'National Hockey League',1,'New Jersey Devils'),
(8478399,'20212022',8,1,4,5,NULL,NULL,NULL,NULL,8,NULL,4,NULL,NULL,NULL,NULL,NULL,NULL,NULL,NULL,NULL,'WC',NULL,'Switzerland'),
(8478399,'20222023',80,4,17,21,84,101,1612.32,1979,27,4.76,44,1,1,8.3,0,0,178.6,1,0,133,'National Hockey League',1,'New Jersey Devils'),
(8478399,'20232024',8,0,3,3,8,15,158.367,209,0,0,4,0,0,0.533333,0,0,24.3833,0,0,133,'National Hockey League',1,'New Jersey Devils'),
(8478402,'20082009',7,7,7,14,NULL,NULL,NULL,NULL,NULL,NULL,0,NULL,NULL,NULL,NULL,NULL,NULL,NULL,NULL,NULL,'QC Int PW',NULL,'York Simcoe Peewee'),
(8478402,'20112012',17,31,32,63,NULL,NULL,NULL,NULL,NULL,NULL,NULL,NULL,NULL,NULL,NULL,NULL,NULL,NULL,NULL,NULL,'Other',NULL,'PEAC'),
(8478402,'20112012',41,41,65,106,NULL,NULL,NULL,NULL,NULL,NULL,NULL,NULL,NULL,NULL,NULL,NULL,NULL,NULL,NULL,141,'Other',6886,'Tor. Marlboros'),
(8478402,'20122013',7,8,6,14,23,NULL,NULL,NULL,NULL,NULL,2,5,NULL,NULL,0,NULL,NULL,2,NULL,147,'WJ18-A',60,'Canada'),
(8478402,'20122013',63,25,41,66,NULL,NULL,NULL,NULL,-24,NULL,36,2,NULL,NULL,1,NULL,NULL,2,NULL,141,'OHL',1868,'Erie'),
(8478402,'20132014',56,28,71,99,NULL,NULL,NULL,NULL,47,NULL,20,7,NULL,NULL,2,NULL,NULL,4,NULL,141,'OHL',1868,'Erie'),
(8478402,'20142015',7,3,8,11,21,NULL,NULL,NULL,8,NULL,0,1,NULL,NULL,0,NULL,NULL,1,NULL,147,'WJC-A',60,'Canada'),
(8478402,'20142015',47,44,76,120,NULL,NULL,NULL,NULL,60,NULL,48,9,NULL,NULL,2,NULL,NULL,8,NULL,141,'OHL',1868,'Erie'),
(8478402,'20152016',10,1,8,9,15,NULL,NULL,NULL,3,NULL,6,0,NULL,NULL,0,NULL,NULL,1,NULL,147,'WC-A',60,'Canada'),
(8478402,'20152016',45,16,32,48,105,12,849.817,1030,-1,15.24,18,3,14,133.367,0,0,35.15,5,1,133,'National Hockey League',22,'Edmonton Oilers'),
(8478402,'20162017',82,30,70,100,251,34,1732.78,1998,27,11.95,26,3,27,248.883,1,2,65.8167,6,1,133,'National Hockey League',22,'Edmonton Oilers'),
(8478402,'20162017',3,0,3,3,NULL,NULL,NULL,NULL,1,NULL,4,NULL,NULL,NULL,NULL,NULL,NULL,NULL,NULL,NULL,'WCup',NULL,'Team North America'),
(8478402,'20172018',10,5,12,17,NULL,NULL,NULL,NULL,6,NULL,10,NULL,NULL,NULL,NULL,NULL,NULL,NULL,NULL,NULL,'WC',NULL,'Canada'),
(8478402,'20172018',82,41,67,108,274,28,1767.23,1940,20,14.96,26,5,20,243.217,1,4,89.2667,7,2,133,'National Hockey League',22,'Edmonton Oilers'),
(8478402,'20182019',78,41,75,116,240,39,1781.3,1998,3,17.08,20,9,33,266.883,1,2,48.8,9,3,133,'National Hockey League',22,'Edmonton Oilers'),
(8478402,'20192020',64,34,63,97,212,37,1399.4,1353,-6,16,28,11,43,248.783,0,0,6.68333,6,0,133,'National Hockey League',22,'Edmonton Oilers'),
(8478402,'20202021',56,33,72,105,200,61,1240.6,1182,21,16.5,20,9,37,234.717,0,0,5.71667,11,2,133,'National Hockey League',22,'Edmonton Oilers'),
(8478402,'20212022',80,44,79,123,314,75,1765.3,1757,28,14,45,10,44,297.867,0,1,16.1833,9,4,133,'National Hockey League',22,'Edmonton Oilers'),
(8478402,'20222023',82,64,89,153,352,89,1835.62,1913,22,18.18,36,21,71,321.883,4,7,104.25,11,2,133,'National Hockey League',22,'Edmonton Oilers'),
(8478402,'20232024',5,2,6,8,13,10,102.467,109,-3,15.38,6,1,5,21.2667,0,0,6.28333,0,0,133,'National Hockey League',22,'Edmonton Oilers'),
(8478414,'20062007',8,7,1,8,NULL,NULL,NULL,NULL,0,NULL,4,NULL,NULL,NULL,NULL,NULL,NULL,NULL,NULL,NULL,'Mini A',NULL,'Herisau U15'),
(8478414,'20072008',9,13,7,20,NULL,NULL,NULL,NULL,0,NULL,18,NULL,NULL,NULL,NULL,NULL,NULL,NULL,NULL,NULL,'Mini A',NULL,'Herisau U15'),
(8478414,'20082009',15,34,22,56,NULL,NULL,NULL,NULL,0,NULL,26,NULL,NULL,NULL,NULL,NULL,NULL,NULL,NULL,NULL,'Mini A',NULL,'Herisau U15'),
(8478414,'20092010',20,15,9,24,NULL,NULL,NULL,NULL,0,NULL,18,NULL,NULL,NULL,NULL,NULL,NULL,NULL,NULL,NULL,'Top Novizen',NULL,'Herisau U17'),
(8478414,'20102011',23,7,2,9,NULL,NULL,NULL,NULL,0,NULL,8,NULL,NULL,NULL,NULL,NULL,NULL,NULL,NULL,NULL,'Elite Novizen',NULL,'Pikes Oberthurgau U17'),
(8478414,'20112012',1,2,2,4,NULL,NULL,NULL,NULL,NULL,NULL,0,NULL,NULL,NULL,NULL,NULL,NULL,NULL,NULL,NULL,'Swiss-6',NULL,'Pikes II'),
(8478414,'20112012',29,23,23,46,NULL,NULL,NULL,NULL,NULL,NULL,22,NULL,NULL,NULL,NULL,NULL,NULL,NULL,NULL,NULL,'Swiss-U17',NULL,'Pikes U17'),
(8478414,'20122013',39,16,22,38,NULL,NULL,NULL,NULL,NULL,NULL,60,NULL,NULL,NULL,NULL,NULL,NULL,NULL,NULL,NULL,'Swiss-Jr.',NULL,'Rapperswil Jr.'),
(8478414,'20122013',10,11,17,28,NULL,NULL,NULL,NULL,NULL,NULL,2,NULL,NULL,NULL,NULL,NULL,NULL,NULL,NULL,NULL,'Swiss-U17',NULL,'Rapperswil U17'),
(8478414,'20132014',66,17,17,34,187,NULL,NULL,NULL,10,9.1,48,2,NULL,NULL,0,NULL,NULL,3,NULL,15,'QMJHL',2908,'Halifax'),
(8478414,'20142015',61,44,46,90,316,NULL,NULL,NULL,20,13.9,59,23,NULL,NULL,0,NULL,NULL,10,NULL,15,'QMJHL',2908,'Halifax'),
(8478414,'20152016',23,11,25,36,NULL,NULL,NULL,NULL,7,NULL,22,4,NULL,NULL,0,NULL,NULL,2,NULL,NULL,'QMJHL',2908,'Halifax'),
(8478414,'20152016',29,23,28,51,NULL,NULL,NULL,NULL,22,NULL,24,8,NULL,NULL,0,NULL,NULL,5,NULL,NULL,'QMJHL',NULL,'Rouyn-Noranda'),
(8478414,'20152016',5,5,3,8,NULL,NULL,NULL,NULL,1,NULL,6,NULL,NULL,NULL,NULL,NULL,NULL,NULL,NULL,NULL,'M-Cup',NULL,'Rouyn-Noranda Huskies'),
(8478414,'20152016',6,2,3,5,28,NULL,NULL,NULL,-4,7.1,4,1,NULL,NULL,0,NULL,NULL,0,NULL,147,'WJC-A',6776,'Switzerland'),
(8478414,'20152016',6,2,3,5,NULL,NULL,NULL,NULL,-4,NULL,4,NULL,NULL,NULL,NULL,NULL,NULL,NULL,NULL,NULL,'WJC-20',NULL,'Switzerland U20'),
(8478414,'20162017',33,14,9,23,NULL,NULL,NULL,NULL,9,NULL,40,NULL,NULL,NULL,NULL,NULL,NULL,NULL,NULL,NULL,'AHL',NULL,'San Jose Barracuda'),
(8478414,'20162017',34,3,3,6,85,64,424.1,626,1,3.53,10,0,0,6.31667,0,0,13.7833,1,0,133,'National Hockey League',28,'San Jose Sharks'),
(8478414,'20172018',81,21,15,36,210,105,1204.28,1656,2,10,51,3,4,102.683,0,0,18.1667,4,0,133,'National Hockey League',28,'San Jose Sharks'),
(8478414,'20172018',7,2,5,7,NULL,NULL,NULL,NULL,1,NULL,2,NULL,NULL,NULL,NULL,NULL,NULL,NULL,NULL,NULL,'WC',NULL,'Switzerland'),
(8478414,'20182019',78,30,36,66,250,99,1323.87,1730,9,12,55,6,10,140.867,0,1,40.1333,2,2,133,'National Hockey League',28,'San Jose Sharks'),
(8478414,'20192020',70,22,27,49,199,155,1209.8,1531,-22,11.1,42,2,9,147.55,0,0,48.6167,2,0,133,'National Hockey League',28,'San Jose Sharks'),
(8478414,'20202021',54,12,19,31,155,75,867.1,1098,-5,7.7,22,2,10,93.1167,0,0,7.65,0,0,133,'National Hockey League',28,'San Jose Sharks'),
(8478414,'20202021',8,4,2,6,NULL,NULL,NULL,NULL,-1,NULL,6,NULL,NULL,NULL,NULL,NULL,NULL,NULL,NULL,NULL,'WC',NULL,'Switzerland'),
(8478414,'20212022',77,35,41,76,326,162,1475.02,1759,-3,10.7,54,12,18,203.883,0,0,3.33333,8,1,133,'National Hockey League',28,'San Jose Sharks'),
(8478414,'20212022',8,3,5,8,NULL,NULL,NULL,NULL,1,NULL,9,NULL,NULL,NULL,NULL,NULL,NULL,NULL,NULL,NULL,'WC',NULL,'Switzerland'),
(8478414,'20222023',21,9,5,14,72,42,373.617,437,0,12.5,18,4,5,57.9167,0,0,0,1,0,133,'National Hockey League',1,'New Jersey Devils'),
(8478414,'20222023',57,31,21,52,255,112,1138.67,1297,-19,12.16,25,13,18,170.017,0,0,9.45,4,1,133,'National Hockey League',28,'San Jose Sharks'),
(8478414,'20232024',8,1,6,7,15,14,133.867,176,-2,6.67,8,0,3,17.5167,0,0,0.1,0,0,133,'National Hockey League',1,'New Jersey Devils'),
(8478470,'20112012',16,NULL,NULL,NULL,NULL,NULL,NULL,NULL,NULL,NULL,NULL,NULL,NULL,NULL,NULL,NULL,NULL,NULL,NULL,NULL,'Minor-QC',NULL,'Mauricie Est.'),
(8478470,'20112012',1,NULL,NULL,NULL,NULL,NULL,1,NULL,NULL,NULL,NULL,NULL,NULL,NULL,NULL,NULL,NULL,NULL,NULL,NULL,'QAAA',NULL,'Trois-Rivieres'),
(8478470,'20122013',19,NULL,NULL,NULL,NULL,NULL,1110,NULL,NULL,NULL,NULL,NULL,NULL,NULL,NULL,NULL,NULL,NULL,NULL,NULL,'QAAA',NULL,'Trois-Rivieres'),
(8478470,'20132014',14,NULL,NULL,NULL,NULL,NULL,714,NULL,NULL,NULL,NULL,NULL,NULL,NULL,NULL,NULL,NULL,NULL,NULL,15,'QMJHL',7261,'Blainville-Bois.'),
(8478470,'20142015',52,NULL,NULL,NULL,NULL,NULL,3104,NULL,NULL,NULL,NULL,NULL,NULL,NULL,NULL,NULL,NULL,NULL,NULL,15,'QMJHL',7261,'Blainville-Bois.'),
(8478470,'20142015',52,NULL,NULL,NULL,NULL,NULL,3104,NULL,NULL,NULL,NULL,NULL,NULL,NULL,NULL,NULL,NULL,NULL,NULL,NULL,'QMJHL',NULL,'Blainville-Boisbriand Armada'),
(8478470,'20152016',47,NULL,NULL,NULL,NULL,NULL,2711,NULL,NULL,NULL,NULL,NULL,NULL,NULL,NULL,NULL,NULL,NULL,NULL,NULL,'QMJHL',7261,'Blainville-Bois.'),
(8478470,'20152016',47,NULL,NULL,NULL,NULL,NULL,2710,NULL,NULL,NULL,NULL,NULL,NULL,NULL,NULL,NULL,NULL,NULL,NULL,NULL,'QMJHL',NULL,'Blainville-Boisbriand Armada'),
(8478470,'20162017',41,NULL,NULL,NULL,NULL,NULL,2226,NULL,NULL,NULL,NULL,NULL,NULL,NULL,NULL,NULL,NULL,NULL,NULL,NULL,'QMJHL',NULL,'Blainville-Boisbriand Armada'),
(8478470,'20172018',41,NULL,NULL,NULL,NULL,NULL,NULL,NULL,NULL,NULL,NULL,NULL,NULL,NULL,NULL,NULL,NULL,NULL,NULL,NULL,'AHL',NULL,'Springfield Thunderbirds'),
(8478470,'20182019',11,NULL,NULL,NULL,NULL,NULL,591.4,NULL,NULL,NULL,NULL,NULL,NULL,NULL,NULL,NULL,NULL,NULL,NULL,133,'National Hockey League',13,'Florida Panthers'),
(8478470,'20182019',39,NULL,NULL,NULL,NULL,NULL,2187,NULL,NULL,NULL,NULL,NULL,NULL,NULL,NULL,NULL,NULL,NULL,NULL,NULL,'AHL',NULL,'Springfield Thunderbirds'),
(8478470,'20192020',14,NULL,NULL,NULL,NULL,NULL,700.75,NULL,NULL,NULL,NULL,NULL,NULL,NULL,NULL,NULL,NULL,NULL,NULL,133,'National Hockey League',13,'Florida Panthers'),
(8478470,'20192020',11,NULL,NULL,NULL,NULL,NULL,NULL,NULL,NULL,NULL,NULL,NULL,NULL,NULL,NULL,NULL,NULL,NULL,NULL,NULL,'AHL',NULL,'Springfield Thunderbirds'),
(8478470,'20202021',13,NULL,NULL,NULL,NULL,NULL,NULL,NULL,NULL,NULL,NULL,NULL,NULL,NULL,NULL,NULL,NULL,NULL,NULL,NULL,'AHL',NULL,'Syracuse Crunch'),
(8478470,'20212022',38,NULL,NULL,NULL,NULL,NULL,1942.82,NULL,NULL,NULL,NULL,NULL,NULL,NULL,NULL,NULL,NULL,NULL,NULL,133,'National Hockey League',8,'Montréal Canadiens'),
(8478470,'20222023',40,NULL,NULL,NULL,NULL,NULL,2333.85,NULL,NULL,NULL,NULL,NULL,NULL,NULL,NULL,NULL,NULL,NULL,NULL,133,'National Hockey League',8,'Montréal Canadiens'),
(8478470,'20232024',1,NULL,NULL,NULL,NULL,NULL,60,NULL,NULL,NULL,NULL,NULL,NULL,NULL,NULL,NULL,NULL,NULL,NULL,133,'National Hockey League',8,'Montréal Canadiens'),
(8478493,'20112012',6,1,1,2,NULL,NULL,NULL,NULL,1,NULL,0,NULL,NULL,NULL,NULL,NULL,NULL,NULL,NULL,NULL,'U16 SM',NULL,'Färjestad BK U16'),
(8478493,'20112012',8,2,2,4,NULL,NULL,NULL,NULL,-1,NULL,0,NULL,NULL,NULL,NULL,NULL,NULL,NULL,NULL,NULL,'TV-Pucken',NULL,'Värmland 2'),
(8478493,'20122013',26,1,6,7,NULL,NULL,NULL,NULL,NULL,NULL,10,NULL,NULL,NULL,NULL,NULL,NULL,NULL,NULL,NULL,'Swe-U18',NULL,'Farjestad U18'),
(8478493,'20132014',13,2,2,4,NULL,NULL,NULL,NULL,NULL,NULL,4,NULL,NULL,NULL,NULL,NULL,NULL,NULL,NULL,NULL,'Swe-Jr.',NULL,'Farjestad Jr.'),
(8478493,'20132014',33,22,18,40,NULL,NULL,NULL,NULL,NULL,NULL,22,NULL,NULL,NULL,NULL,NULL,NULL,NULL,NULL,NULL,'Swe-U18',NULL,'Farjestad U18'),
(8478493,'20142015',34,4,2,6,NULL,NULL,NULL,NULL,NULL,NULL,4,NULL,NULL,NULL,NULL,NULL,NULL,NULL,NULL,315,'Sweden',3220,'Farjestad'),
(8478493,'20142015',25,21,11,32,NULL,NULL,NULL,NULL,NULL,NULL,20,NULL,NULL,NULL,NULL,NULL,NULL,NULL,NULL,NULL,'Swe-Jr.',NULL,'Farjestad Jr.'),
(8478493,'20152016',41,9,6,15,NULL,NULL,NULL,NULL,NULL,NULL,18,NULL,NULL,NULL,NULL,NULL,NULL,NULL,NULL,NULL,'Sweden',3220,'Farjestad'),
(8478493,'20152016',41,9,6,15,NULL,NULL,NULL,NULL,7,NULL,18,NULL,NULL,NULL,NULL,NULL,NULL,NULL,NULL,NULL,'SHL',NULL,'Färjestad BK'),
(8478493,'20152016',6,1,1,2,25,NULL,NULL,NULL,2,NULL,2,0,NULL,NULL,0,NULL,NULL,1,NULL,147,'WJC-A',66,'Sweden'),
(8478493,'20152016',6,1,1,2,NULL,NULL,NULL,NULL,2,NULL,2,NULL,NULL,NULL,NULL,NULL,NULL,NULL,NULL,NULL,'WJC-20',NULL,'Sweden U20'),
(8478493,'20162017',26,8,8,16,NULL,NULL,NULL,NULL,4,NULL,12,NULL,NULL,NULL,NULL,NULL,NULL,NULL,NULL,NULL,'SHL',NULL,'Färjestad BK'),
(8478493,'20162017',1,1,0,1,NULL,NULL,NULL,NULL,-1,NULL,0,NULL,NULL,NULL,NULL,NULL,NULL,NULL,NULL,NULL,'AHL',NULL,'Iowa Wild'),
(8478493,'20162017',15,3,4,7,15,23,159.183,244,1,20,4,0,0,1.46667,0,0,2.46667,1,0,133,'National Hockey League',30,'Minnesota Wild'),
(8478493,'20162017',6,1,2,3,NULL,NULL,NULL,NULL,-1,NULL,4,NULL,NULL,NULL,NULL,NULL,NULL,NULL,NULL,NULL,'EHT',NULL,'Sweden'),
(8478493,'20162017',7,6,3,9,NULL,NULL,NULL,NULL,8,NULL,4,NULL,NULL,NULL,NULL,NULL,NULL,NULL,NULL,NULL,'WJC-20',NULL,'Sweden U20'),
(8478493,'20172018',8,3,5,8,NULL,NULL,NULL,NULL,-1,NULL,8,NULL,NULL,NULL,NULL,NULL,NULL,NULL,NULL,NULL,'AHL',NULL,'Iowa Wild'),
(8478493,'20172018',75,6,10,16,124,134,958.383,1271,2,4.84,22,0,0,8.33333,0,0,81.4333,0,0,133,'National Hockey League',30,'Minnesota Wild'),
(8478493,'20182019',9,4,5,9,NULL,NULL,NULL,NULL,-3,NULL,8,NULL,NULL,NULL,NULL,NULL,NULL,NULL,NULL,NULL,'AHL',NULL,'Iowa Wild'),
(8478493,'20182019',58,7,7,14,111,117,783.45,1076,-7,6.31,20,0,0,9.51667,0,0,79.4167,2,0,133,'National Hockey League',30,'Minnesota Wild'),
(8478493,'20192020',62,8,21,29,102,93,974.467,1294,7,7.8,22,1,1,4.6,0,1,123.517,4,0,133,'National Hockey League',30,'Minnesota Wild'),
(8478493,'20202021',56,19,11,30,119,105,955.25,1164,16,16,20,0,2,66.7167,0,0,93,2,0,133,'National Hockey League',30,'Minnesota Wild'),
(8478493,'20212022',77,26,23,49,223,138,1430.52,1641,16,11.7,28,12,17,229.083,0,0,165.383,3,2,133,'National Hockey League',30,'Minnesota Wild'),
(8478493,'20222023',78,23,38,61,247,119,1481.58,1659,4,9.31,44,12,23,265.35,2,3,161.133,1,0,133,'National Hockey League',30,'Minnesota Wild'),
(8478493,'20232024',3,3,1,4,8,11,53.2333,60,1,37.5,16,3,3,10.9167,0,0,5.91667,1,0,133,'National Hockey League',30,'Minnesota Wild'),
(8478507,'20062007',5,1,2,3,NULL,NULL,NULL,NULL,NULL,NULL,4,NULL,NULL,NULL,NULL,NULL,NULL,NULL,NULL,NULL,'Brick Invitational',NULL,'Montréal Ice Storm'),
(8478507,'20082009',2,0,0,0,NULL,NULL,NULL,NULL,NULL,NULL,0,NULL,NULL,NULL,NULL,NULL,NULL,NULL,NULL,NULL,'QC Int PW',NULL,'Tampa Bay Lightning PW'),
(8478507,'20112012',6,0,1,1,NULL,NULL,NULL,NULL,NULL,NULL,0,NULL,NULL,NULL,NULL,NULL,NULL,NULL,NULL,NULL,'WSI U15',NULL,'Latvia Selects U15'),
(8478507,'20122013',37,3,31,34,NULL,NULL,NULL,NULL,NULL,NULL,12,NULL,NULL,NULL,NULL,NULL,NULL,NULL,NULL,NULL,'EJHL',NULL,'South Shore'),
(8478507,'20132014',34,6,11,17,NULL,NULL,NULL,NULL,NULL,NULL,16,NULL,NULL,NULL,NULL,NULL,NULL,NULL,NULL,NULL,'USPHL',NULL,'South Shore'),
(8478507,'20132014',12,1,4,5,NULL,NULL,NULL,NULL,NULL,NULL,12,NULL,NULL,NULL,NULL,NULL,NULL,NULL,NULL,NULL,'USPHL',NULL,'South Shore U18'),
(8478507,'20142015',49,4,24,28,NULL,NULL,NULL,NULL,NULL,NULL,42,1,NULL,NULL,0,NULL,NULL,0,NULL,NULL,'USPHL',NULL,'South Shore'),
(8478507,'20152016',56,5,25,30,NULL,NULL,NULL,NULL,5,NULL,43,NULL,NULL,NULL,NULL,NULL,NULL,NULL,NULL,NULL,'USHL',NULL,'Tri-City Storm'),
(8478507,'20152016',5,0,2,2,NULL,NULL,NULL,NULL,NULL,NULL,2,NULL,NULL,NULL,NULL,NULL,NULL,NULL,NULL,NULL,'WJAC-19',NULL,'USA U19'),
(8478507,'20162017',35,2,13,15,NULL,NULL,NULL,NULL,20,NULL,24,NULL,NULL,NULL,NULL,NULL,NULL,NULL,NULL,NULL,'NCAA',NULL,'Harvard Univ.'),
(8478507,'20172018',33,2,14,16,NULL,NULL,NULL,NULL,21,NULL,10,NULL,NULL,NULL,NULL,NULL,NULL,NULL,NULL,NULL,'NCAA',NULL,'Harvard Univ.'),
(8478507,'20182019',33,3,8,11,NULL,NULL,NULL,NULL,-3,NULL,20,NULL,NULL,NULL,NULL,NULL,NULL,NULL,NULL,NULL,'NCAA',NULL,'Harvard Univ.'),
(8478507,'20192020',56,6,20,26,61,72,1133.58,1495,17,9.8,20,1,4,42.0833,0,0,113.567,0,0,133,'National Hockey League',5,'Pittsburgh Penguins'),
(8478507,'20202021',52,3,10,13,56,48,1078.15,1324,5,5.4,8,1,4,73.0833,0,1,97.35,1,0,133,'National Hockey League',5,'Pittsburgh Penguins'),
(8478507,'20212022',81,1,24,25,90,73,1671.58,2089,1,1.1,23,0,2,75.5333,0,2,190.933,0,0,133,'National Hockey League',5,'Pittsburgh Penguins'),
(8478507,'20222023',64,4,14,18,67,44,1348.53,1607,21,5.97,20,0,0,17.0167,0,1,192.283,0,0,133,'National Hockey League',1,'New Jersey Devils'),
(8478507,'20232024',8,0,5,5,5,3,163.567,203,1,0,6,0,0,1.7,0,0,30.4167,0,0,133,'National Hockey League',1,'New Jersey Devils'),
(8478864,'20132014',52,18,16,34,NULL,NULL,NULL,NULL,NULL,NULL,30,NULL,NULL,NULL,NULL,NULL,NULL,NULL,NULL,NULL,'Russia-Jr.',NULL,'Novokuznetsk Jr.'),
(8478864,'20142015',31,4,4,8,NULL,NULL,NULL,NULL,NULL,NULL,6,NULL,NULL,NULL,NULL,NULL,NULL,NULL,NULL,392,'KHL',3036,'Novokuznetsk'),
(8478864,'20142015',3,0,2,2,NULL,NULL,NULL,NULL,NULL,NULL,2,NULL,NULL,NULL,NULL,NULL,NULL,NULL,NULL,NULL,'Russia-Jr.',NULL,'Novokuznetsk Jr.'),
(8478864,'20152016',4,7,3,10,NULL,NULL,NULL,NULL,9,NULL,0,NULL,NULL,NULL,NULL,NULL,NULL,NULL,NULL,NULL,'MHL',NULL,'Kuznetskie Medvedi'),
(8478864,'20152016',53,11,16,27,NULL,NULL,NULL,NULL,-4,NULL,10,NULL,NULL,NULL,NULL,NULL,NULL,NULL,NULL,NULL,'KHL',NULL,'Metallurg Novokuznetsk'),
(8478864,'20152016',53,11,16,27,NULL,NULL,NULL,NULL,NULL,NULL,10,NULL,NULL,NULL,NULL,NULL,NULL,NULL,NULL,NULL,'KHL',3036,'Novokuznetsk'),
(8478864,'20152016',4,7,3,10,NULL,NULL,NULL,NULL,NULL,NULL,0,NULL,NULL,NULL,NULL,NULL,NULL,NULL,NULL,NULL,'Russia-Jr.',NULL,'Novokuznetsk Jr.'),
(8478864,'20152016',7,1,2,3,19,NULL,NULL,NULL,-2,NULL,2,1,NULL,NULL,0,NULL,NULL,0,NULL,147,'WJC-A',64,'Russia'),
(8478864,'20152016',7,1,2,3,NULL,NULL,NULL,NULL,-2,NULL,2,NULL,NULL,NULL,NULL,NULL,NULL,NULL,NULL,NULL,'WJC-20',NULL,'Russia U20'),
(8478864,'20162017',3,3,1,4,NULL,NULL,NULL,NULL,2,NULL,0,NULL,NULL,NULL,NULL,NULL,NULL,NULL,NULL,NULL,'EHT',NULL,'Russia'),
(8478864,'20162017',7,9,3,12,NULL,NULL,NULL,NULL,7,NULL,2,NULL,NULL,NULL,NULL,NULL,NULL,NULL,NULL,NULL,'WJC-20',NULL,'Russia U20'),
(8478864,'20162017',49,20,22,42,NULL,NULL,NULL,NULL,9,NULL,66,NULL,NULL,NULL,NULL,NULL,NULL,NULL,NULL,NULL,'KHL',NULL,'Salavat Yulaev Ufa'),
(8478864,'20172018',46,15,25,40,NULL,NULL,NULL,NULL,22,NULL,14,NULL,NULL,NULL,NULL,NULL,NULL,NULL,NULL,NULL,'KHL',NULL,'CSKA Moskva'),
(8478864,'20172018',8,2,0,2,NULL,NULL,NULL,NULL,2,NULL,2,NULL,NULL,NULL,NULL,NULL,NULL,NULL,NULL,NULL,'EHT',NULL,'Russia'),
(8478864,'20182019',57,30,21,51,NULL,NULL,NULL,NULL,34,NULL,16,NULL,NULL,NULL,NULL,NULL,NULL,NULL,NULL,NULL,'KHL',NULL,'CSKA Moskva'),
(8478864,'20182019',9,4,4,8,NULL,NULL,NULL,NULL,3,NULL,0,NULL,NULL,NULL,NULL,NULL,NULL,NULL,NULL,NULL,'EHT',NULL,'Russia'),
(8478864,'20192020',57,33,29,62,NULL,NULL,NULL,NULL,32,NULL,10,NULL,NULL,NULL,NULL,NULL,NULL,NULL,NULL,NULL,'KHL',NULL,'CSKA Moskva'),
(8478864,'20192020',3,2,0,2,NULL,NULL,NULL,NULL,0,NULL,2,NULL,NULL,NULL,NULL,NULL,NULL,NULL,NULL,NULL,'EHT',NULL,'Russia'),
(8478864,'20202021',55,27,24,51,157,29,1006.37,1052,10,17.2,16,8,13,178.183,0,0,1.4,3,2,133,'National Hockey League',30,'Minnesota Wild'),
(8478864,'20212022',81,47,61,108,289,73,1547.73,1576,27,16.3,34,14,31,267.967,0,0,3.3,5,2,133,'National Hockey League',30,'Minnesota Wild'),
(8478864,'20222023',67,40,35,75,261,66,1414.55,1337,4,15.33,45,17,32,260.3,0,0,1.71667,6,2,133,'National Hockey League',30,'Minnesota Wild'),
(8478864,'20232024',6,2,7,9,22,2,124.25,117,-2,9.09,0,1,4,26.8167,0,0,0.633333,0,0,133,'National Hockey League',30,'Minnesota Wild'),
(8479343,'20092010',5,4,7,11,NULL,NULL,NULL,NULL,NULL,NULL,2,NULL,NULL,NULL,NULL,NULL,NULL,NULL,NULL,NULL,'QC Int PW',NULL,'St. Louis Jr. Blues'),
(8479343,'20102011',4,5,3,8,NULL,NULL,NULL,NULL,NULL,NULL,0,NULL,NULL,NULL,NULL,NULL,NULL,NULL,NULL,NULL,'QC Int PW',NULL,'St. Louis Jr. Blues'),
(8479343,'20122013',60,58,71,129,NULL,NULL,NULL,NULL,0,NULL,22,NULL,NULL,NULL,NULL,NULL,NULL,NULL,NULL,NULL,'Bantam',NULL,'Shattuck St. Mary\'s Bantam T1'),
(8479343,'20132014',51,36,41,77,NULL,NULL,NULL,NULL,NULL,NULL,20,NULL,NULL,NULL,NULL,NULL,NULL,NULL,NULL,NULL,'High-MN',NULL,'Shattuck'),
(8479343,'20142015',8,4,7,11,NULL,NULL,NULL,NULL,NULL,NULL,4,NULL,NULL,NULL,NULL,NULL,NULL,NULL,NULL,NULL,'U-18',NULL,'USNTDP'),
(8479343,'20152016',62,37,70,107,NULL,NULL,NULL,NULL,NULL,NULL,40,NULL,NULL,NULL,NULL,NULL,NULL,NULL,NULL,NULL,'USDP',NULL,'U.S. National U18 Team'),
(8479343,'20152016',7,4,10,14,28,NULL,NULL,NULL,11,14.3,2,0,NULL,NULL,0,NULL,NULL,1,NULL,147,'WJ18-A',67,'U.S.A.'),
(8479343,'20152016',7,4,10,14,NULL,NULL,NULL,NULL,11,NULL,2,NULL,NULL,NULL,NULL,NULL,NULL,NULL,NULL,NULL,'WJC-18',NULL,'USA U18'),
(8479343,'20152016',39,24,46,70,NULL,NULL,NULL,NULL,NULL,NULL,40,NULL,NULL,NULL,NULL,NULL,NULL,NULL,NULL,NULL,'U-18',NULL,'USAHNTDP'),
(8479343,'20152016',23,13,24,37,NULL,NULL,NULL,NULL,16,NULL,14,NULL,NULL,NULL,NULL,NULL,NULL,NULL,NULL,NULL,'USHL',NULL,'USNTDP Juniors'),
(8479343,'20162017',3,0,2,2,0,0,38,51,-3,0,0,0,1,5.15,0,0,0,0,0,133,'National Hockey League',53,'Arizona Coyotes'),
(8479343,'20162017',31,21,24,45,NULL,NULL,NULL,NULL,15,NULL,26,NULL,NULL,NULL,NULL,NULL,NULL,NULL,NULL,NULL,'NCAA',NULL,'Boston Univ.'),
(8479343,'20162017',8,5,2,7,NULL,NULL,NULL,NULL,6,NULL,2,NULL,NULL,NULL,NULL,NULL,NULL,NULL,NULL,NULL,'WC',NULL,'USA'),
(8479343,'20162017',7,3,8,11,NULL,NULL,NULL,NULL,3,NULL,2,NULL,NULL,NULL,NULL,NULL,NULL,NULL,NULL,NULL,'WJC-20',NULL,'USA U20'),
(8479343,'20172018',82,23,42,65,212,7,1483.1,1892,-7,10.85,24,6,20,247.117,0,1,11,3,2,133,'National Hockey League',53,'Arizona Coyotes'),
(8479343,'20182019',82,14,33,47,200,16,1495.28,1905,-21,7,24,1,19,288.917,0,0,11.6833,5,0,133,'National Hockey League',53,'Arizona Coyotes'),
(8479343,'20182019',8,2,2,4,NULL,NULL,NULL,NULL,-3,NULL,0,NULL,NULL,NULL,NULL,NULL,NULL,NULL,NULL,NULL,'WC',NULL,'USA'),
(8479343,'20192020',70,17,27,44,184,20,1140.67,1449,-6,9.2,28,2,15,188.8,0,0,1.38333,2,0,133,'National Hockey League',53,'Arizona Coyotes'),
(8479343,'20202021',56,14,21,35,124,20,932.867,1202,-5,11.3,18,4,10,153.6,0,0,1.06667,3,0,133,'National Hockey League',53,'Arizona Coyotes'),
(8479343,'20212022',67,28,35,63,177,17,1349.28,1693,3,15.8,28,5,11,192.883,1,2,77.2667,2,2,133,'National Hockey League',53,'Arizona Coyotes'),
(8479343,'20222023',82,37,49,86,223,18,1701.52,2067,-2,16.59,49,6,20,263.383,1,1,47.95,4,2,133,'National Hockey League',53,'Arizona Coyotes'),
(8479343,'20232024',6,4,3,7,22,1,124.517,137,-2,18.18,6,2,3,30.55,0,0,0,1,0,133,'National Hockey League',53,'Arizona Coyotes'),
(8479406,'20122013',1,NULL,NULL,NULL,NULL,NULL,60,NULL,NULL,NULL,NULL,NULL,NULL,NULL,NULL,NULL,NULL,NULL,NULL,NULL,'Swe-U18',NULL,'Skelleftea U18'),
(8479406,'20132014',18,NULL,NULL,NULL,NULL,NULL,1082,NULL,NULL,NULL,NULL,NULL,NULL,NULL,NULL,NULL,NULL,NULL,NULL,NULL,'Swe-U18',NULL,'Skelleftea U18'),
(8479406,'20142015',9,NULL,NULL,NULL,NULL,NULL,550,NULL,NULL,NULL,NULL,NULL,NULL,NULL,NULL,NULL,NULL,NULL,NULL,NULL,'J18 Allsvenskan',NULL,'Luleå HF J18'),
(8479406,'20142015',7,NULL,NULL,NULL,NULL,NULL,424,NULL,NULL,NULL,NULL,NULL,NULL,NULL,NULL,NULL,NULL,NULL,NULL,NULL,'J20 Nationell',NULL,'Luleå HF J20'),
(8479406,'20142015',7,NULL,NULL,NULL,NULL,NULL,424,NULL,NULL,NULL,NULL,NULL,NULL,NULL,NULL,NULL,NULL,NULL,NULL,NULL,'Swe-Jr.',NULL,'Lulea Jr.'),
(8479406,'20142015',18,NULL,NULL,NULL,NULL,NULL,1092,NULL,NULL,NULL,NULL,NULL,NULL,NULL,NULL,NULL,NULL,NULL,NULL,NULL,'Swe-U18',NULL,'Lulea U18'),
(8479406,'20142015',5,NULL,NULL,NULL,NULL,NULL,NULL,NULL,NULL,NULL,NULL,NULL,NULL,NULL,NULL,NULL,NULL,NULL,NULL,NULL,'WHC-17',NULL,'Sweden U17'),
(8479406,'20152016',6,NULL,NULL,NULL,NULL,NULL,359,NULL,NULL,NULL,NULL,NULL,NULL,NULL,NULL,NULL,NULL,NULL,NULL,NULL,'Sweden',3256,'Lulea'),
(8479406,'20152016',6,NULL,NULL,NULL,NULL,NULL,359,NULL,NULL,NULL,NULL,NULL,NULL,NULL,NULL,NULL,NULL,NULL,NULL,NULL,'SHL',NULL,'Luleå HF'),
(8479406,'20152016',20,NULL,NULL,NULL,NULL,NULL,1154,NULL,NULL,NULL,NULL,NULL,NULL,NULL,NULL,NULL,NULL,NULL,NULL,NULL,'J20 Nationell',NULL,'Luleå HF J20'),
(8479406,'20152016',20,NULL,NULL,NULL,NULL,NULL,1154,NULL,NULL,NULL,NULL,NULL,NULL,NULL,NULL,NULL,NULL,NULL,NULL,NULL,'Swe-Jr.',NULL,'Lulea Jr.'),
(8479406,'20152016',5,NULL,NULL,NULL,NULL,NULL,289,NULL,NULL,NULL,NULL,NULL,NULL,NULL,NULL,NULL,NULL,NULL,NULL,147,'WJ18-A',66,'Sweden'),
(8479406,'20152016',5,NULL,NULL,NULL,NULL,NULL,NULL,NULL,NULL,NULL,NULL,NULL,NULL,NULL,NULL,NULL,NULL,NULL,NULL,NULL,'WJC-18',NULL,'Sweden U18'),
(8479406,'20162017',15,NULL,NULL,NULL,NULL,NULL,845,NULL,NULL,NULL,NULL,NULL,NULL,NULL,NULL,NULL,NULL,NULL,NULL,NULL,'SHL',NULL,'Luleå HF'),
(8479406,'20162017',6,NULL,NULL,NULL,NULL,NULL,373,NULL,NULL,NULL,NULL,NULL,NULL,NULL,NULL,NULL,NULL,NULL,NULL,NULL,'J20 Nationell',NULL,'Luleå HF J20'),
(8479406,'20162017',1,NULL,NULL,NULL,NULL,NULL,NULL,NULL,NULL,NULL,NULL,NULL,NULL,NULL,NULL,NULL,NULL,NULL,NULL,NULL,'WJC-20',NULL,'Sweden U20'),
(8479406,'20172018',7,NULL,NULL,NULL,NULL,NULL,NULL,NULL,NULL,NULL,NULL,NULL,NULL,NULL,NULL,NULL,NULL,NULL,NULL,NULL,'AHL',NULL,'Belleville Senators'),
(8479406,'20172018',22,NULL,NULL,NULL,NULL,NULL,1189,NULL,NULL,NULL,NULL,NULL,NULL,NULL,NULL,NULL,NULL,NULL,NULL,NULL,'SHL',NULL,'Luleå HF'),
(8479406,'20172018',7,NULL,NULL,NULL,NULL,NULL,421,NULL,NULL,NULL,NULL,NULL,NULL,NULL,NULL,NULL,NULL,NULL,NULL,NULL,'J20 Nationell',NULL,'Luleå HF J20'),
(8479406,'20172018',6,NULL,NULL,NULL,NULL,NULL,NULL,NULL,NULL,NULL,NULL,NULL,NULL,NULL,NULL,NULL,NULL,NULL,NULL,NULL,'WJC-20',NULL,'Sweden U20'),
(8479406,'20182019',31,NULL,NULL,NULL,NULL,NULL,1739,NULL,NULL,NULL,NULL,NULL,NULL,NULL,NULL,NULL,NULL,NULL,NULL,NULL,'AHL',NULL,'Belleville Senators'),
(8479406,'20182019',2,NULL,NULL,NULL,NULL,NULL,NULL,NULL,NULL,NULL,NULL,NULL,NULL,NULL,NULL,NULL,NULL,NULL,NULL,NULL,'ECHL',NULL,'Brampton Beast'),
(8479406,'20192020',24,NULL,NULL,NULL,NULL,NULL,1394,NULL,NULL,NULL,NULL,NULL,NULL,NULL,NULL,NULL,NULL,NULL,NULL,NULL,'AHL',NULL,'Belleville Senators'),
(8479406,'20202021',13,NULL,NULL,NULL,NULL,NULL,775,NULL,NULL,NULL,NULL,NULL,NULL,NULL,NULL,NULL,NULL,NULL,NULL,NULL,'AHL',NULL,'Belleville Senators'),
(8479406,'20202021',9,NULL,NULL,NULL,NULL,NULL,471.567,NULL,NULL,NULL,NULL,NULL,NULL,NULL,NULL,NULL,NULL,NULL,NULL,133,'National Hockey League',9,'Ottawa Senators'),
(8479406,'20202021',19,NULL,NULL,NULL,NULL,NULL,1123,NULL,NULL,NULL,NULL,NULL,NULL,NULL,NULL,NULL,NULL,NULL,NULL,NULL,'HockeyAllsvenskan',NULL,'S\Z\Zdert\Z§lje SK'),
(8479406,'20212022',20,NULL,NULL,NULL,NULL,NULL,1081,NULL,NULL,NULL,NULL,NULL,NULL,NULL,NULL,NULL,NULL,NULL,NULL,NULL,'AHL',NULL,'Belleville Senators'),
(8479406,'20212022',18,NULL,NULL,NULL,NULL,NULL,1047.55,NULL,NULL,NULL,NULL,NULL,NULL,NULL,NULL,NULL,NULL,NULL,NULL,133,'National Hockey League',9,'Ottawa Senators'),
(8479406,'20222023',39,NULL,NULL,NULL,NULL,NULL,2310.93,NULL,NULL,NULL,NULL,NULL,NULL,NULL,NULL,NULL,NULL,NULL,NULL,133,'National Hockey League',30,'Minnesota Wild'),
(8479406,'20232024',2,NULL,NULL,NULL,NULL,NULL,120,NULL,NULL,NULL,NULL,NULL,NULL,NULL,NULL,NULL,NULL,NULL,NULL,133,'National Hockey League',30,'Minnesota Wild'),
(8479407,'20102011',3,0,0,0,NULL,NULL,NULL,NULL,0,NULL,0,NULL,NULL,NULL,NULL,NULL,NULL,NULL,NULL,NULL,'J18 Div.2',NULL,'Trångsunds IF J18 2'),
(8479407,'20112012',3,1,0,1,NULL,NULL,NULL,NULL,0,NULL,0,NULL,NULL,NULL,NULL,NULL,NULL,NULL,NULL,NULL,'J18 Div.1',NULL,'Trångsunds IF J18'),
(8479407,'20122013',8,1,1,2,NULL,NULL,NULL,NULL,1,NULL,0,NULL,NULL,NULL,NULL,NULL,NULL,NULL,NULL,NULL,'TV-Pucken',NULL,'Stockholm Syd'),
(8479407,'20122013',3,0,0,0,NULL,NULL,NULL,NULL,NULL,NULL,0,NULL,NULL,NULL,NULL,NULL,NULL,NULL,NULL,NULL,'Division 2',NULL,'Trångsunds IF'),
(8479407,'20122013',29,9,15,24,NULL,NULL,NULL,NULL,NULL,NULL,8,NULL,NULL,NULL,NULL,NULL,NULL,NULL,NULL,NULL,'J18 Div.1',NULL,'Trångsunds IF J18'),
(8479407,'20122013',2,0,1,1,NULL,NULL,NULL,NULL,NULL,NULL,0,NULL,NULL,NULL,NULL,NULL,NULL,NULL,NULL,NULL,'J20 Div.1',NULL,'Trångsunds IF J20'),
(8479407,'20132014',38,10,24,34,NULL,NULL,NULL,NULL,NULL,NULL,24,NULL,NULL,NULL,NULL,NULL,NULL,NULL,NULL,NULL,'Swe-U18',NULL,'AIK U18'),
(8479407,'20142015',5,0,1,1,NULL,NULL,NULL,NULL,NULL,NULL,2,NULL,NULL,NULL,NULL,NULL,NULL,NULL,NULL,NULL,'Sweden-2',NULL,'AIK'),
(8479407,'20142015',39,17,23,40,NULL,NULL,NULL,NULL,NULL,NULL,20,NULL,NULL,NULL,NULL,NULL,NULL,NULL,NULL,NULL,'Swe-Jr.',NULL,'AIK Jr.'),
(8479407,'20142015',6,2,7,9,NULL,NULL,NULL,NULL,NULL,NULL,8,NULL,NULL,NULL,NULL,NULL,NULL,NULL,NULL,NULL,'Swe-U18',NULL,'AIK U18'),
(8479407,'20152016',48,8,9,17,NULL,NULL,NULL,NULL,1,NULL,6,NULL,NULL,NULL,NULL,NULL,NULL,NULL,NULL,NULL,'HockeyAllsvenskan',NULL,'AIK'),
(8479407,'20152016',2,1,1,2,NULL,NULL,NULL,NULL,1,NULL,2,NULL,NULL,NULL,NULL,NULL,NULL,NULL,NULL,NULL,'J20 Nationell',NULL,'AIK J20'),
(8479407,'20152016',2,1,1,2,NULL,NULL,NULL,NULL,NULL,NULL,2,NULL,NULL,NULL,NULL,NULL,NULL,NULL,NULL,NULL,'Swe-Jr.',NULL,'AIK Jr.'),
(8479407,'20152016',7,2,2,4,18,NULL,NULL,NULL,-2,NULL,2,0,NULL,NULL,0,NULL,NULL,0,NULL,147,'WJ18-A',66,'Sweden'),
(8479407,'20152016',5,3,2,5,NULL,NULL,NULL,NULL,0,NULL,0,NULL,NULL,NULL,NULL,NULL,NULL,NULL,NULL,NULL,'Hlinka Gretzky Cup',NULL,'Sweden U18'),
(8479407,'20162017',46,6,16,22,NULL,NULL,NULL,NULL,-2,NULL,6,NULL,NULL,NULL,NULL,NULL,NULL,NULL,NULL,NULL,'HockeyAllsvenskan',NULL,'AIK'),
(8479407,'20162017',1,0,1,1,NULL,NULL,NULL,NULL,1,NULL,0,NULL,NULL,NULL,NULL,NULL,NULL,NULL,NULL,NULL,'J20 Nationell',NULL,'AIK J20'),
(8479407,'20172018',74,13,22,35,100,44,1128.6,1516,-16,13,18,4,12,151.7,1,2,78.8833,2,0,133,'National Hockey League',1,'New Jersey Devils'),
(8479407,'20182019',51,8,25,33,91,36,773.55,961,-8,8.79,6,1,8,110.533,0,0,8.5,1,0,133,'National Hockey League',1,'New Jersey Devils'),
(8479407,'20182019',3,0,2,2,NULL,NULL,NULL,NULL,-2,NULL,2,NULL,NULL,NULL,NULL,NULL,NULL,NULL,NULL,NULL,'EHT',NULL,'Sweden'),
(8479407,'20192020',60,16,16,32,101,29,838.967,1096,-6,15.8,6,1,6,120.783,0,0,1.9,2,0,133,'National Hockey League',1,'New Jersey Devils'),
(8479407,'20202021',46,7,23,30,101,31,739.5,1019,4,6.9,8,2,8,109.85,0,1,18.9833,1,1,133,'National Hockey League',1,'New Jersey Devils'),
(8479407,'20212022',76,26,47,73,197,26,1324.68,1749,0,13.2,16,3,18,206.783,0,0,3.51667,6,0,133,'National Hockey League',1,'New Jersey Devils'),
(8479407,'20222023',82,32,41,73,212,24,1424.13,1804,14,15.09,6,8,22,228.817,0,0,2.68333,3,1,133,'National Hockey League',1,'New Jersey Devils'),
(8479407,'20232024',8,6,8,14,20,10,153.55,195,2,30,2,3,10,32.3333,0,0,7.58333,1,0,133,'National Hockey League',1,'New Jersey Devils'),
(8479410,'20142015',25,2,6,8,48,NULL,NULL,NULL,0,4.2,18,2,NULL,NULL,0,NULL,NULL,0,NULL,NULL,'Russia-Jr.',NULL,'Irbis Kazan Jr.'),
(8479410,'20152016',5,0,0,0,NULL,NULL,NULL,NULL,0,NULL,8,NULL,NULL,NULL,NULL,NULL,NULL,NULL,NULL,NULL,'WJC-18',NULL,'Russia U18'),
(8479410,'20152016',67,17,40,57,156,NULL,NULL,NULL,15,10.9,56,8,NULL,NULL,0,NULL,NULL,5,NULL,NULL,'OHL',2768,'Windsor'),
(8479410,'20152016',67,17,40,57,NULL,NULL,NULL,NULL,15,NULL,56,NULL,NULL,NULL,NULL,NULL,NULL,NULL,NULL,NULL,'OHL',NULL,'Windsor Spitfires'),
(8479410,'20162017',4,0,0,0,2,10,48.5,68,1,0,0,0,0,1.38333,0,0,0,0,0,133,'National Hockey League',8,'Montréal Canadiens'),
(8479410,'20162017',7,1,0,1,NULL,NULL,NULL,NULL,4,NULL,4,NULL,NULL,NULL,NULL,NULL,NULL,NULL,NULL,NULL,'WJC-20',NULL,'Russia U20'),
(8479410,'20162017',50,10,33,43,NULL,NULL,NULL,NULL,22,NULL,71,NULL,NULL,NULL,NULL,NULL,NULL,NULL,NULL,NULL,'OHL',NULL,'Windsor Spitfires'),
(8479410,'20172018',79,9,31,40,141,90,1213.47,1528,11,6.38,38,3,16,146.15,0,0,1.13333,5,0,133,'National Hockey League',14,'Tampa Bay Lightning'),
(8479410,'20182019',3,0,1,1,NULL,NULL,NULL,NULL,-3,NULL,0,NULL,NULL,NULL,NULL,NULL,NULL,NULL,NULL,NULL,'EHT',NULL,'Russia'),
(8479410,'20182019',75,6,26,32,128,97,1344.25,1603,12,4.69,28,0,6,113.333,0,0,16.5167,0,0,133,'National Hockey League',14,'Tampa Bay Lightning'),
(8479410,'20192020',70,10,24,34,118,106,1425.72,1648,15,8.5,58,5,13,131.25,1,1,81.3,0,0,133,'National Hockey League',14,'Tampa Bay Lightning'),
(8479410,'20202021',56,4,26,30,108,66,1230.33,1502,5,3.7,30,0,8,116.1,0,0,96.65,1,0,133,'National Hockey League',14,'Tampa Bay Lightning'),
(8479410,'20212022',78,7,31,38,149,139,1752.57,2073,6,4.7,59,1,7,118.683,0,1,163.35,1,0,133,'National Hockey League',14,'Tampa Bay Lightning'),
(8479410,'20222023',79,10,54,64,156,128,1881.07,2161,13,6.41,53,3,27,201.4,0,1,178.033,2,0,133,'National Hockey League',14,'Tampa Bay Lightning'),
(8479410,'20232024',7,0,3,3,9,4,162.4,190,-7,0,6,0,2,10.95,0,0,12.0333,0,0,133,'National Hockey League',14,'Tampa Bay Lightning'),
(8479414,'20112012',5,0,0,0,NULL,NULL,NULL,NULL,0,NULL,0,NULL,NULL,NULL,NULL,NULL,NULL,NULL,NULL,NULL,'AHMMPL',NULL,'Cambridge Hawks Minor Midget AAA'),
(8479414,'20122013',30,11,13,24,NULL,NULL,NULL,NULL,0,NULL,8,NULL,NULL,NULL,NULL,NULL,NULL,NULL,NULL,NULL,'AHMMPL',NULL,'Kitchener Jr. Rangers Mn Mgt AAA'),
(8479414,'20132014',48,17,29,46,NULL,NULL,NULL,NULL,NULL,NULL,24,NULL,NULL,NULL,NULL,NULL,NULL,NULL,NULL,NULL,'ON-Jr.B',NULL,'Brantford'),
(8479414,'20132014',21,2,1,3,NULL,NULL,NULL,NULL,-5,NULL,6,0,NULL,NULL,0,NULL,NULL,0,NULL,141,'OHL',1878,'Mississauga'),
(8479414,'20142015',68,17,12,29,NULL,NULL,NULL,NULL,-29,NULL,22,2,NULL,NULL,1,NULL,NULL,2,NULL,141,'OHL',1878,'Mississauga'),
(8479414,'20152016',64,19,40,59,162,NULL,NULL,NULL,-3,11.7,50,5,NULL,NULL,0,NULL,NULL,2,NULL,NULL,'OHL',1878,'Mississauga'),
(8479414,'20162017',58,16,29,45,NULL,NULL,NULL,NULL,13,NULL,43,NULL,NULL,NULL,NULL,NULL,NULL,NULL,NULL,NULL,'OHL',NULL,'Mississauga Steelheads'),
(8479414,'20172018',68,10,8,18,NULL,NULL,NULL,NULL,-23,NULL,45,NULL,NULL,NULL,NULL,NULL,NULL,NULL,NULL,NULL,'AHL',NULL,'Binghamton Devils'),
(8479414,'20182019',58,18,6,24,NULL,NULL,NULL,NULL,9,NULL,63,NULL,NULL,NULL,NULL,NULL,NULL,NULL,NULL,NULL,'AHL',NULL,'Binghamton Devils'),
(8479414,'20182019',7,3,0,3,13,24,88.7667,119,0,23.08,10,0,0,11.35,0,0,0,0,0,133,'National Hockey League',1,'New Jersey Devils'),
(8479414,'20192020',62,16,22,38,NULL,NULL,NULL,NULL,-2,NULL,55,NULL,NULL,NULL,NULL,NULL,NULL,NULL,NULL,NULL,'AHL',NULL,'Binghamton Devils'),
(8479414,'20202021',41,3,7,10,46,136,517.45,795,0,6.5,21,0,0,5.86667,0,0,51.05,0,0,133,'National Hockey League',1,'New Jersey Devils'),
(8479414,'20212022',60,11,5,16,87,194,746.333,1031,-11,12.6,34,3,4,115.883,0,0,15.8167,1,0,133,'National Hockey League',1,'New Jersey Devils'),
(8479414,'20212022',12,1,1,2,10,16,110.833,165,-1,10,31,0,0,0.266667,0,0,0.8,0,0,133,'National Hockey League',55,'Seattle Kraken'),
(8479414,'20222023',43,6,9,15,62,99,534.733,751,7,9.68,31,0,0,41,0,0,52.8167,1,0,133,'National Hockey League',1,'New Jersey Devils'),
(8479414,'20232024',7,0,0,0,12,14,72.2667,106,-4,0,2,0,0,0.533333,0,0,11.3,0,0,133,'National Hockey League',1,'New Jersey Devils'),
(8479415,'20122013',33,40,55,95,NULL,NULL,NULL,NULL,0,NULL,0,NULL,NULL,NULL,NULL,NULL,NULL,NULL,NULL,NULL,'GTBHL',NULL,'Toronto Marlboros Bantam AAA'),
(8479415,'20132014',33,21,36,57,NULL,NULL,NULL,NULL,NULL,NULL,20,NULL,NULL,NULL,NULL,NULL,NULL,NULL,NULL,NULL,'GTHL',6886,'Tor. Marlboros'),
(8479415,'20142015',63,12,17,29,NULL,NULL,NULL,NULL,-23,NULL,33,3,NULL,NULL,0,NULL,NULL,1,NULL,141,'OHL',1878,'Mississauga'),
(8479415,'20152016',7,2,2,4,12,NULL,NULL,NULL,3,16.7,2,0,NULL,NULL,0,NULL,NULL,0,NULL,147,'WJ18-A',60,'Canada'),
(8479415,'20152016',4,1,1,2,NULL,NULL,NULL,NULL,4,NULL,2,NULL,NULL,NULL,NULL,NULL,NULL,NULL,NULL,NULL,'Hlinka Gretzky Cup',NULL,'Canada U18'),
(8479415,'20152016',57,21,40,61,171,NULL,NULL,NULL,10,12.3,71,6,NULL,NULL,4,NULL,NULL,3,NULL,NULL,'OHL',1878,'Mississauga'),
(8479415,'20152016',3,1,5,6,NULL,NULL,NULL,NULL,3,NULL,8,NULL,NULL,NULL,NULL,NULL,NULL,NULL,NULL,NULL,'U18-Dev',NULL,'Team White'),
(8479415,'20162017',7,2,1,3,NULL,NULL,NULL,NULL,-1,NULL,2,NULL,NULL,NULL,NULL,NULL,NULL,NULL,NULL,NULL,'WJC-20',NULL,'Canada U20'),
(8479415,'20162017',57,27,46,73,NULL,NULL,NULL,NULL,28,NULL,49,NULL,NULL,NULL,NULL,NULL,NULL,NULL,NULL,NULL,'OHL',NULL,'Mississauga Steelheads'),
(8479415,'20172018',6,0,1,1,NULL,NULL,NULL,NULL,-6,NULL,2,NULL,NULL,NULL,NULL,NULL,NULL,NULL,NULL,NULL,'AHL',NULL,'Binghamton Devils'),
(8479415,'20172018',7,1,3,4,NULL,NULL,NULL,NULL,5,NULL,2,NULL,NULL,NULL,NULL,NULL,NULL,NULL,NULL,NULL,'WJC-20',NULL,'Canada U20'),
(8479415,'20172018',38,16,28,44,NULL,NULL,NULL,NULL,-1,NULL,34,NULL,NULL,NULL,NULL,NULL,NULL,NULL,NULL,NULL,'OHL',NULL,'Mississauga Steelheads'),
(8479415,'20182019',55,6,27,33,NULL,NULL,NULL,NULL,-1,NULL,43,NULL,NULL,NULL,NULL,NULL,NULL,NULL,NULL,NULL,'AHL',NULL,'Binghamton Devils'),
(8479415,'20182019',21,0,3,3,21,41,256.117,337,-8,0,13,0,0,6.4,0,0,1.83333,0,0,133,'National Hockey League',1,'New Jersey Devils'),
(8479415,'20192020',47,8,15,23,NULL,NULL,NULL,NULL,-5,NULL,59,NULL,NULL,NULL,NULL,NULL,NULL,NULL,NULL,NULL,'AHL',NULL,'Binghamton Devils'),
(8479415,'20192020',12,0,2,2,11,19,122.75,158,4,0,4,0,0,0.2,0,0,1.7,0,0,133,'National Hockey League',1,'New Jersey Devils'),
(8479415,'20202021',52,9,6,15,60,89,718.283,1060,-12,15,42,0,0,6.26667,0,0,81.15,2,0,133,'National Hockey League',1,'New Jersey Devils'),
(8479415,'20212022',77,6,14,20,78,145,1026.1,1609,-13,7.7,52,0,0,14.7667,0,1,156.117,0,0,133,'National Hockey League',1,'New Jersey Devils'),
(8479415,'20222023',80,4,22,26,90,127,980.133,1492,6,4.44,43,0,0,5.76667,0,1,94.3667,1,0,133,'National Hockey League',1,'New Jersey Devils'),
(8479415,'20232024',8,1,1,2,9,14,104.583,158,-1,11.11,2,0,0,0.583333,0,0,13.8333,0,0,133,'National Hockey League',1,'New Jersey Devils'),
(8479520,'20122013',22,4,13,17,NULL,NULL,NULL,NULL,0,NULL,22,NULL,NULL,NULL,NULL,NULL,NULL,NULL,NULL,NULL,'NAPHL 18U',NULL,'Pursuit of Excellence 18U'),
(8479520,'20132014',25,9,16,25,NULL,NULL,NULL,NULL,NULL,NULL,38,NULL,NULL,NULL,NULL,NULL,NULL,NULL,NULL,NULL,'CSSHL',NULL,'PoE Acad. Prep'),
(8479520,'20132014',9,2,6,8,NULL,NULL,NULL,NULL,NULL,NULL,4,NULL,NULL,NULL,NULL,NULL,NULL,NULL,NULL,NULL,'Other',NULL,'PoE Acad. U18'),
(8479520,'20132014',3,0,0,0,NULL,NULL,NULL,NULL,NULL,NULL,0,0,NULL,NULL,0,NULL,NULL,0,NULL,NULL,'BCHL',NULL,'West Kelowna'),
(8479520,'20142015',53,6,19,25,NULL,NULL,NULL,NULL,NULL,NULL,43,1,NULL,NULL,0,NULL,NULL,1,NULL,171,'BCHL',5000,'Merritt'),
(8479520,'20152016',39,10,22,32,NULL,NULL,NULL,NULL,NULL,NULL,97,NULL,NULL,NULL,NULL,NULL,NULL,NULL,NULL,NULL,'USHL',6848,'Chicago'),
(8479520,'20152016',39,10,22,32,NULL,NULL,NULL,NULL,5,NULL,97,NULL,NULL,NULL,NULL,NULL,NULL,NULL,NULL,NULL,'USHL',NULL,'Chicago Steel'),
(8479520,'20152016',18,5,5,10,NULL,NULL,NULL,NULL,NULL,NULL,46,NULL,NULL,NULL,NULL,NULL,NULL,NULL,NULL,NULL,'USHL',NULL,'Tri-City'),
(8479520,'20152016',18,5,5,10,NULL,NULL,NULL,NULL,3,NULL,46,NULL,NULL,NULL,NULL,NULL,NULL,NULL,NULL,NULL,'USHL',NULL,'Tri-City Storm'),
(8479520,'20162017',35,4,8,12,NULL,NULL,NULL,NULL,-9,NULL,45,NULL,NULL,NULL,NULL,NULL,NULL,NULL,NULL,NULL,'NCAA',NULL,'Providence College'),
(8479520,'20172018',40,7,19,26,NULL,NULL,NULL,NULL,12,NULL,64,NULL,NULL,NULL,NULL,NULL,NULL,NULL,NULL,NULL,'NCAA',NULL,'Providence College'),
(8479520,'20182019',42,11,23,34,NULL,NULL,NULL,NULL,15,NULL,53,NULL,NULL,NULL,NULL,NULL,NULL,NULL,NULL,NULL,'NCAA',NULL,'Providence College'),
(8479520,'20192020',63,6,14,20,NULL,NULL,NULL,NULL,4,NULL,71,NULL,NULL,NULL,NULL,NULL,NULL,NULL,NULL,NULL,'AHL',NULL,'Iowa Wild'),
(8479520,'20202021',24,6,3,9,NULL,NULL,NULL,NULL,7,NULL,32,NULL,NULL,NULL,NULL,NULL,NULL,NULL,NULL,NULL,'AHL',NULL,'Iowa Wild'),
(8479520,'20212022',80,6,11,17,91,201,817.45,1156,-2,6.6,122,0,0,2.26667,0,0,47.95,1,0,133,'National Hockey League',30,'Minnesota Wild'),
(8479520,'20222023',51,9,1,10,80,146,548.6,773,6,11.25,42,0,0,2.8,1,1,43.75,3,0,133,'National Hockey League',30,'Minnesota Wild'),
(8479520,'20232024',3,2,0,2,8,4,31.55,43,2,25,7,0,0,0,1,1,5.11667,0,0,133,'National Hockey League',30,'Minnesota Wild'),
(8479543,'20132014',29,11,15,26,NULL,NULL,NULL,NULL,NULL,NULL,10,NULL,NULL,NULL,NULL,NULL,NULL,NULL,NULL,NULL,'GTHL',NULL,'Miss. Senators'),
(8479543,'20142015',61,5,7,12,NULL,NULL,NULL,NULL,-28,NULL,56,0,NULL,NULL,0,NULL,NULL,0,NULL,141,'OHL',2766,'Sudbury'),
(8479543,'20152016',64,10,18,28,129,NULL,NULL,NULL,-44,7.8,98,2,NULL,NULL,1,NULL,NULL,1,NULL,NULL,'OHL',2766,'Sudbury'),
(8479543,'20162017',54,10,9,19,NULL,NULL,NULL,NULL,-21,NULL,88,NULL,NULL,NULL,NULL,NULL,NULL,NULL,NULL,NULL,'OHL',NULL,'Sudbury Wolves'),
(8479543,'20172018',27,8,13,21,NULL,NULL,NULL,NULL,1,NULL,26,NULL,NULL,NULL,NULL,NULL,NULL,NULL,NULL,NULL,'OHL',NULL,'Sarnia Sting'),
(8479543,'20172018',35,15,16,31,NULL,NULL,NULL,NULL,-17,NULL,53,NULL,NULL,NULL,NULL,NULL,NULL,NULL,NULL,NULL,'OHL',NULL,'Sudbury Wolves'),
(8479543,'20182019',55,6,4,10,NULL,NULL,NULL,NULL,-13,NULL,77,NULL,NULL,NULL,NULL,NULL,NULL,NULL,NULL,NULL,'AHL',NULL,'Laval Rocket'),
(8479543,'20182019',3,0,0,0,NULL,NULL,NULL,NULL,-3,NULL,6,NULL,NULL,NULL,NULL,NULL,NULL,NULL,NULL,NULL,'ECHL',NULL,'Maine Mariners'),
(8479543,'20192020',32,2,2,4,NULL,NULL,NULL,NULL,-2,NULL,63,NULL,NULL,NULL,NULL,NULL,NULL,NULL,NULL,NULL,'AHL',NULL,'Laval Rocket'),
(8479543,'20202021',20,2,3,5,NULL,NULL,NULL,NULL,3,NULL,30,NULL,NULL,NULL,NULL,NULL,NULL,NULL,NULL,NULL,'AHL',NULL,'Laval Rocket'),
(8479543,'20212022',8,3,3,6,NULL,NULL,NULL,NULL,7,NULL,16,NULL,NULL,NULL,NULL,NULL,NULL,NULL,NULL,NULL,'AHL',NULL,'Laval Rocket'),
(8479543,'20212022',51,5,6,11,49,156,399.633,596,-7,10.2,81,0,0,5.76667,0,0,0.15,0,0,133,'National Hockey League',8,'Montréal Canadiens'),
(8479543,'20222023',63,7,8,15,70,239,587.317,794,-4,10,77,0,1,2.16667,0,0,30.3,0,0,133,'National Hockey League',8,'Montréal Canadiens'),
(8479984,'20102011',4,0,0,0,NULL,NULL,NULL,NULL,NULL,NULL,2,NULL,NULL,NULL,NULL,NULL,NULL,NULL,NULL,NULL,'QC Int PW',NULL,'Colorado Thunderbirds'),
(8479984,'20132014',33,2,12,14,NULL,NULL,NULL,NULL,0,NULL,19,NULL,NULL,NULL,NULL,NULL,NULL,NULL,NULL,NULL,'T1EHL U16',NULL,'Colorado Thunderbirds  U16'),
(8479984,'20142015',23,4,11,15,NULL,NULL,NULL,NULL,0,NULL,42,NULL,NULL,NULL,NULL,NULL,NULL,NULL,NULL,NULL,'T1EHL U16',NULL,'Colorado Thunderbirds  U16'),
(8479984,'20152016',71,8,28,36,NULL,NULL,NULL,NULL,16,NULL,36,NULL,NULL,NULL,NULL,NULL,NULL,NULL,NULL,NULL,'WHL',NULL,'Kelowna Rockets'),
(8479984,'20162017',71,6,51,57,NULL,NULL,NULL,NULL,39,NULL,41,NULL,NULL,NULL,NULL,NULL,NULL,NULL,NULL,NULL,'WHL',NULL,'Kelowna Rockets'),
(8479984,'20172018',7,0,3,3,NULL,NULL,NULL,NULL,5,NULL,0,NULL,NULL,NULL,NULL,NULL,NULL,NULL,NULL,NULL,'WJC-20',NULL,'Canada U20'),
(8479984,'20172018',60,19,51,70,NULL,NULL,NULL,NULL,31,NULL,46,NULL,NULL,NULL,NULL,NULL,NULL,NULL,NULL,NULL,'WHL',NULL,'Kelowna Rockets'),
(8479984,'20172018',6,1,0,1,NULL,NULL,NULL,NULL,0,NULL,4,NULL,NULL,NULL,NULL,NULL,NULL,NULL,NULL,NULL,'AHL',NULL,'Syracuse Crunch'),
(8479984,'20182019',76,10,21,31,NULL,NULL,NULL,NULL,16,NULL,53,NULL,NULL,NULL,NULL,NULL,NULL,NULL,NULL,NULL,'AHL',NULL,'Syracuse Crunch'),
(8479984,'20192020',62,6,22,28,NULL,NULL,NULL,NULL,-5,NULL,38,NULL,NULL,NULL,NULL,NULL,NULL,NULL,NULL,NULL,'AHL',NULL,'Syracuse Crunch'),
(8479984,'20202021',6,1,3,4,NULL,NULL,NULL,NULL,1,NULL,4,NULL,NULL,NULL,NULL,NULL,NULL,NULL,NULL,NULL,'AHL',NULL,'Syracuse Crunch'),
(8479984,'20202021',35,1,2,3,40,39,451.117,595,9,2.5,29,0,0,0.983333,0,0,16.4333,0,0,133,'National Hockey League',14,'Tampa Bay Lightning'),
(8479984,'20212022',5,0,0,0,NULL,NULL,NULL,NULL,-5,NULL,0,NULL,NULL,NULL,NULL,NULL,NULL,NULL,NULL,NULL,'AHL',NULL,'Syracuse Crunch'),
(8479984,'20212022',56,2,7,9,49,83,735.05,938,6,4.1,29,0,0,1.03333,0,0,11.5,0,0,133,'National Hockey League',14,'Tampa Bay Lightning'),
(8479984,'20222023',24,1,3,4,18,18,386.917,460,3,5.56,35,0,0,0.333333,0,0,39.95,0,0,133,'National Hockey League',18,'Nashville Predators'),
(8479984,'20222023',26,1,2,3,21,40,369.2,451,3,4.76,28,0,0,7.1,0,0,12.95,0,0,133,'National Hockey League',14,'Tampa Bay Lightning'),
(8480002,'20092010',9,15,11,26,NULL,NULL,NULL,NULL,0,NULL,4,NULL,NULL,NULL,NULL,NULL,NULL,NULL,NULL,NULL,'Mini A',NULL,'Visp II U15'),
(8480002,'20102011',11,2,0,2,NULL,NULL,NULL,NULL,0,NULL,2,NULL,NULL,NULL,NULL,NULL,NULL,NULL,NULL,NULL,'U15-Elit',NULL,'Valais-Wallis Future U15'),
(8480002,'20102011',3,4,6,10,NULL,NULL,NULL,NULL,0,NULL,0,NULL,NULL,NULL,NULL,NULL,NULL,NULL,NULL,NULL,'U15-Top',NULL,'Visp U15'),
(8480002,'20112012',27,11,18,29,NULL,NULL,NULL,NULL,0,NULL,4,NULL,NULL,NULL,NULL,NULL,NULL,NULL,NULL,NULL,'U15-Elit',NULL,'Valais-Wallis Future U15'),
(8480002,'20122013',27,43,38,81,NULL,NULL,NULL,NULL,0,NULL,4,NULL,NULL,NULL,NULL,NULL,NULL,NULL,NULL,NULL,'U15-Elit',NULL,'Valais-Wallis Future U15'),
(8480002,'20122013',14,12,11,23,NULL,NULL,NULL,NULL,0,NULL,0,NULL,NULL,NULL,NULL,NULL,NULL,NULL,NULL,NULL,'U17-Top',NULL,'Valais-Wallis Future U17'),
(8480002,'20132014',2,1,2,3,NULL,NULL,NULL,NULL,0,NULL,0,NULL,NULL,NULL,NULL,NULL,NULL,NULL,NULL,NULL,'U17-Elit',NULL,'Bern U17'),
(8480002,'20132014',20,57,40,97,NULL,NULL,NULL,NULL,0,NULL,10,NULL,NULL,NULL,NULL,NULL,NULL,NULL,NULL,NULL,'U15-Elit',NULL,'Valais-Wallis Future U15'),
(8480002,'20132014',22,32,45,77,NULL,NULL,NULL,NULL,0,NULL,4,NULL,NULL,NULL,NULL,NULL,NULL,NULL,NULL,NULL,'U17-Top',NULL,'Valais-Wallis Future U17'),
(8480002,'20142015',22,28,33,61,NULL,NULL,NULL,NULL,0,NULL,2,NULL,NULL,NULL,NULL,NULL,NULL,NULL,NULL,NULL,'U17-Elit',NULL,'Bern U17'),
(8480002,'20142015',11,1,1,2,NULL,NULL,NULL,NULL,0,NULL,2,NULL,NULL,NULL,NULL,NULL,NULL,NULL,NULL,NULL,'U20-Elit',NULL,'Bern U20'),
(8480002,'20142015',5,1,0,1,NULL,NULL,NULL,NULL,4,NULL,0,NULL,NULL,NULL,NULL,NULL,NULL,NULL,NULL,NULL,'WJC-18',NULL,'Switzerland U18'),
(8480002,'20152016',15,1,0,1,NULL,NULL,NULL,NULL,-3,NULL,2,NULL,NULL,NULL,NULL,NULL,NULL,NULL,NULL,NULL,'NL',NULL,'Bern'),
(8480002,'20152016',18,11,17,28,NULL,NULL,NULL,NULL,NULL,NULL,6,NULL,NULL,NULL,NULL,NULL,NULL,NULL,NULL,NULL,'U20-Elit',NULL,'Bern U20'),
(8480002,'20152016',4,3,3,6,NULL,NULL,NULL,NULL,-2,NULL,0,NULL,NULL,NULL,NULL,NULL,NULL,NULL,NULL,NULL,'Hlinka Gretzky Cup',NULL,'Switzerland U18'),
(8480002,'20152016',6,0,2,2,NULL,NULL,NULL,NULL,-2,NULL,0,NULL,NULL,NULL,NULL,NULL,NULL,NULL,NULL,NULL,'WJC-20',NULL,'Switzerland U20'),
(8480002,'20152016',7,1,1,2,NULL,NULL,NULL,NULL,2,NULL,0,NULL,NULL,NULL,NULL,NULL,NULL,NULL,NULL,NULL,'SL',NULL,'Visp'),
(8480002,'20162017',57,38,48,86,NULL,NULL,NULL,NULL,20,NULL,24,NULL,NULL,NULL,NULL,NULL,NULL,NULL,NULL,NULL,'QMJHL',NULL,'Halifax Mooseheads'),
(8480002,'20162017',3,1,1,2,NULL,NULL,NULL,NULL,-4,NULL,2,NULL,NULL,NULL,NULL,NULL,NULL,NULL,NULL,NULL,'Hlinka Gretzky Cup',NULL,'Switzerland U18'),
(8480002,'20162017',5,4,3,7,NULL,NULL,NULL,NULL,-1,NULL,2,NULL,NULL,NULL,NULL,NULL,NULL,NULL,NULL,NULL,'WJC-20',NULL,'Switzerland U20'),
(8480002,'20172018',82,20,32,52,180,56,1337.37,1778,10,11.11,26,1,6,168.083,0,0,42.7167,2,0,133,'National Hockey League',1,'New Jersey Devils'),
(8480002,'20182019',69,17,30,47,160,53,1249.17,1485,0,10.63,24,3,11,200.483,0,0,45.4833,3,3,133,'National Hockey League',1,'New Jersey Devils'),
(8480002,'20182019',8,4,5,9,NULL,NULL,NULL,NULL,3,NULL,4,NULL,NULL,NULL,NULL,NULL,NULL,NULL,NULL,NULL,'WC',NULL,'Switzerland'),
(8480002,'20192020',58,14,22,36,123,48,1047.53,1278,-16,11.4,12,2,10,155.933,1,2,53.35,1,0,133,'National Hockey League',1,'New Jersey Devils'),
(8480002,'20202021',21,6,5,11,44,11,388.867,516,-9,13.6,4,3,4,61.65,1,1,33.45,0,0,133,'National Hockey League',1,'New Jersey Devils'),
(8480002,'20202021',8,2,4,6,NULL,NULL,NULL,NULL,1,NULL,2,NULL,NULL,NULL,NULL,NULL,NULL,NULL,NULL,NULL,'WC',NULL,'Switzerland'),
(8480002,'20212022',70,21,39,60,153,50,1354.08,1830,-1,13.7,17,4,12,197.55,0,2,119.65,2,1,133,'National Hockey League',1,'New Jersey Devils'),
(8480002,'20212022',8,5,3,8,NULL,NULL,NULL,NULL,1,NULL,2,NULL,NULL,NULL,NULL,NULL,NULL,NULL,NULL,NULL,'WC',NULL,'Switzerland'),
(8480002,'20222023',81,31,49,80,256,34,1562.43,2042,33,12.11,10,7,19,240.667,3,4,169.933,9,2,133,'National Hockey League',1,'New Jersey Devils'),
(8480002,'20232024',7,2,0,2,14,5,117.783,159,-2,14.29,4,1,1,22.2667,0,0,9.88333,1,0,133,'National Hockey League',1,'New Jersey Devils'),
(8480018,'20142015',31,34,34,68,NULL,NULL,NULL,NULL,0,NULL,16,NULL,NULL,NULL,NULL,NULL,NULL,NULL,NULL,NULL,'AHMMPL',NULL,'London Jr. Knights Min Mdgt AAA'),
(8480018,'20142015',1,0,1,1,NULL,NULL,NULL,NULL,0,NULL,0,NULL,NULL,NULL,NULL,NULL,NULL,NULL,NULL,NULL,'GOJHL',NULL,'London Nationals'),
(8480018,'20152016',6,1,3,4,NULL,NULL,NULL,NULL,NULL,NULL,2,NULL,NULL,NULL,NULL,NULL,NULL,NULL,NULL,NULL,'WHC-17',NULL,'Canada White U17'),
(8480018,'20152016',63,20,18,38,NULL,NULL,NULL,NULL,-15,NULL,4,NULL,NULL,NULL,NULL,NULL,NULL,NULL,NULL,NULL,'OHL',NULL,'Owen Sound Attack'),
(8480018,'20152016',3,0,2,2,NULL,NULL,NULL,NULL,NULL,NULL,2,NULL,NULL,NULL,NULL,NULL,NULL,NULL,NULL,NULL,'U17-Dev',NULL,'Team White'),
(8480018,'20162017',4,1,2,3,NULL,NULL,NULL,NULL,1,NULL,0,NULL,NULL,NULL,NULL,NULL,NULL,NULL,NULL,NULL,'Hlinka Gretzky Cup',NULL,'Canada U18'),
(8480018,'20162017',65,45,51,96,NULL,NULL,NULL,NULL,51,NULL,10,NULL,NULL,NULL,NULL,NULL,NULL,NULL,NULL,NULL,'OHL',NULL,'Owen Sound Attack'),
(8480018,'20172018',64,42,58,100,NULL,NULL,NULL,NULL,30,NULL,18,NULL,NULL,NULL,NULL,NULL,NULL,NULL,NULL,NULL,'OHL',NULL,'Owen Sound Attack'),
(8480018,'20182019',5,0,3,3,NULL,NULL,NULL,NULL,3,NULL,4,NULL,NULL,NULL,NULL,NULL,NULL,NULL,NULL,NULL,'WJC-20',NULL,'Canada U20'),
(8480018,'20182019',29,12,37,49,NULL,NULL,NULL,NULL,28,NULL,8,NULL,NULL,NULL,NULL,NULL,NULL,NULL,NULL,NULL,'OHL',NULL,'Guelph Storm'),
(8480018,'20182019',30,22,23,45,NULL,NULL,NULL,NULL,12,NULL,4,NULL,NULL,NULL,NULL,NULL,NULL,NULL,NULL,NULL,'OHL',NULL,'Owen Sound Attack'),
(8480018,'20192020',71,13,28,41,138,64,1135.27,1416,-15,9.4,6,6,14,154.183,0,0,21.05,1,0,133,'National Hockey League',8,'Montréal Canadiens'),
(8480018,'20202021',56,15,26,41,110,70,1018.17,1271,-5,13.6,26,5,13,134.3,1,2,41.75,1,0,133,'National Hockey League',8,'Montréal Canadiens'),
(8480018,'20212022',82,21,40,61,186,89,1681.83,1978,-29,11.3,30,8,20,253.433,1,3,123.333,4,0,133,'National Hockey League',8,'Montréal Canadiens'),
(8480018,'20222023',82,26,40,66,162,50,1729.83,1849,-13,16.05,33,7,17,275.333,3,3,135.433,2,0,133,'National Hockey League',8,'Montréal Canadiens'),
(8480018,'20232024',2,0,1,1,4,1,40.6167,48,-3,0,4,0,1,6.7,0,0,2.15,0,0,133,'National Hockey League',8,'Montréal Canadiens'),
(8480051,'20132014',17,NULL,NULL,NULL,NULL,NULL,NULL,NULL,NULL,NULL,NULL,NULL,NULL,NULL,NULL,NULL,NULL,NULL,NULL,NULL,'T1EHL U16',NULL,'Virtua Hockey 16U'),
(8480051,'20142015',11,NULL,NULL,NULL,NULL,NULL,NULL,NULL,NULL,NULL,NULL,NULL,NULL,NULL,NULL,NULL,NULL,NULL,NULL,NULL,'USHS-NJ',NULL,'Bishop Eustace Prep'),
(8480051,'20142015',31,NULL,NULL,NULL,NULL,NULL,NULL,NULL,NULL,NULL,NULL,NULL,NULL,NULL,NULL,NULL,NULL,NULL,NULL,NULL,'18U AAA',NULL,'Philadelphia Revolution 18U AA'),
(8480051,'20152016',21,NULL,NULL,NULL,NULL,NULL,NULL,NULL,NULL,NULL,NULL,NULL,NULL,NULL,NULL,NULL,NULL,NULL,NULL,NULL,'EHL',NULL,'Philadelphia Revolution'),
(8480051,'20162017',30,NULL,NULL,NULL,NULL,NULL,1616,NULL,NULL,NULL,NULL,NULL,NULL,NULL,NULL,NULL,NULL,NULL,NULL,NULL,'USHL',NULL,'Lincoln Stars'),
(8480051,'20162017',1,NULL,NULL,NULL,NULL,NULL,NULL,NULL,NULL,NULL,NULL,NULL,NULL,NULL,NULL,NULL,NULL,NULL,NULL,NULL,'USDP',NULL,'U.S. National U18 Team'),
(8480051,'20172018',34,NULL,NULL,NULL,NULL,NULL,NULL,NULL,NULL,NULL,NULL,NULL,NULL,NULL,NULL,NULL,NULL,NULL,NULL,NULL,'NCAA',NULL,'Northeastern Univ.'),
(8480051,'20182019',36,NULL,NULL,NULL,NULL,NULL,NULL,NULL,NULL,NULL,NULL,NULL,NULL,NULL,NULL,NULL,NULL,NULL,NULL,NULL,'NCAA',NULL,'Northeastern Univ.'),
(8480051,'20182019',5,NULL,NULL,NULL,NULL,NULL,NULL,NULL,NULL,NULL,NULL,NULL,NULL,NULL,NULL,NULL,NULL,NULL,NULL,NULL,'WJC-20',NULL,'USA U20'),
(8480051,'20192020',33,NULL,NULL,NULL,NULL,NULL,1887,NULL,NULL,NULL,NULL,NULL,NULL,NULL,NULL,NULL,NULL,NULL,NULL,NULL,'AHL',NULL,'Laval Rocket'),
(8480051,'20192020',2,NULL,NULL,NULL,NULL,NULL,119.1,NULL,NULL,NULL,NULL,NULL,NULL,NULL,NULL,NULL,NULL,NULL,NULL,133,'National Hockey League',8,'Montréal Canadiens'),
(8480051,'20202021',16,NULL,NULL,NULL,NULL,NULL,914,NULL,NULL,NULL,NULL,NULL,NULL,NULL,NULL,NULL,NULL,NULL,NULL,NULL,'AHL',NULL,'Laval Rocket'),
(8480051,'20202021',4,NULL,NULL,NULL,NULL,NULL,201.9,NULL,NULL,NULL,NULL,NULL,NULL,NULL,NULL,NULL,NULL,NULL,NULL,133,'National Hockey League',8,'Montréal Canadiens'),
(8480051,'20212022',33,NULL,NULL,NULL,NULL,NULL,1915,NULL,NULL,NULL,NULL,NULL,NULL,NULL,NULL,NULL,NULL,NULL,NULL,NULL,'AHL',NULL,'Laval Rocket'),
(8480051,'20212022',12,NULL,NULL,NULL,NULL,NULL,519.217,NULL,NULL,NULL,NULL,NULL,NULL,NULL,NULL,NULL,NULL,NULL,NULL,133,'National Hockey League',8,'Montréal Canadiens'),
(8480051,'20222023',41,NULL,NULL,NULL,NULL,NULL,2409,NULL,NULL,NULL,NULL,NULL,NULL,NULL,NULL,NULL,NULL,NULL,NULL,NULL,'AHL',NULL,'Laval Rocket'),
(8480051,'20222023',3,NULL,NULL,NULL,NULL,NULL,138.583,NULL,NULL,NULL,NULL,NULL,NULL,NULL,NULL,NULL,NULL,NULL,NULL,133,'National Hockey League',8,'Montréal Canadiens'),
(8480192,'20122013',40,2,11,13,NULL,NULL,NULL,NULL,0,NULL,22,NULL,NULL,NULL,NULL,NULL,NULL,NULL,NULL,NULL,'SCTAMM',NULL,'Niagara Falls Rivermen Mn Mdgt'),
(8480192,'20132014',66,5,23,28,NULL,NULL,NULL,NULL,12,NULL,0,NULL,NULL,NULL,NULL,NULL,NULL,NULL,NULL,NULL,'Midget',NULL,'The Hill Academy U16 Prep'),
(8480192,'20142015',52,5,14,19,NULL,NULL,NULL,NULL,0,NULL,20,NULL,NULL,NULL,NULL,NULL,NULL,NULL,NULL,NULL,'CCHL',NULL,'Ottawa Jr. Senators'),
(8480192,'20152016',30,6,20,26,NULL,NULL,NULL,NULL,NULL,NULL,21,NULL,NULL,NULL,NULL,NULL,NULL,NULL,NULL,NULL,'CCHL',NULL,'Hawkesbury Hawks'),
(8480192,'20152016',21,2,8,10,NULL,NULL,NULL,NULL,NULL,NULL,6,NULL,NULL,NULL,NULL,NULL,NULL,NULL,NULL,NULL,'CCHL',NULL,'Ottawa Jr. Senators'),
(8480192,'20162017',36,3,16,19,NULL,NULL,NULL,NULL,7,NULL,30,NULL,NULL,NULL,NULL,NULL,NULL,NULL,NULL,NULL,'NCAA',NULL,'Merrimack College'),
(8480192,'20172018',34,2,15,17,NULL,NULL,NULL,NULL,-2,NULL,14,NULL,NULL,NULL,NULL,NULL,NULL,NULL,NULL,NULL,'NCAA',NULL,'Merrimack College'),
(8480192,'20182019',1,1,1,2,NULL,NULL,NULL,NULL,2,NULL,2,NULL,NULL,NULL,NULL,NULL,NULL,NULL,NULL,NULL,'AHL',NULL,'Manitoba Moose'),
(8480192,'20182019',31,4,14,18,NULL,NULL,NULL,NULL,-10,NULL,14,NULL,NULL,NULL,NULL,NULL,NULL,NULL,NULL,NULL,'NCAA',NULL,'Merrimack College'),
(8480192,'20192020',45,4,8,12,NULL,NULL,NULL,NULL,10,NULL,33,NULL,NULL,NULL,NULL,NULL,NULL,NULL,NULL,NULL,'AHL',NULL,'Manitoba Moose'),
(8480192,'20202021',29,2,12,14,NULL,NULL,NULL,NULL,10,NULL,23,NULL,NULL,NULL,NULL,NULL,NULL,NULL,NULL,NULL,'AHL',NULL,'Manitoba Moose'),
(8480192,'20212022',62,11,19,30,NULL,NULL,NULL,NULL,23,NULL,45,NULL,NULL,NULL,NULL,NULL,NULL,NULL,NULL,NULL,'AHL',NULL,'Manitoba Moose'),
(8480192,'20212022',4,0,0,0,7,0,43.25,59,1,0,2,0,0,0,0,0,1.46667,0,0,133,'National Hockey League',52,'Winnipeg Jets'),
(8480192,'20222023',77,3,12,15,92,93,1341.3,1546,3,3.26,39,0,0,1.9,0,0,153.4,0,0,133,'National Hockey League',8,'Montréal Canadiens'),
(8480192,'20232024',2,0,0,0,0,2,37.7167,42,5,0,0,0,0,0.45,0,0,5.03333,0,0,133,'National Hockey League',8,'Montréal Canadiens'),
(8480860,'20152016',5,0,3,3,NULL,NULL,NULL,NULL,NULL,NULL,4,NULL,NULL,NULL,NULL,NULL,NULL,NULL,NULL,NULL,'OGC-16',NULL,'Team GTHL Blue'),
(8480860,'20152016',56,9,27,36,NULL,NULL,NULL,NULL,NULL,NULL,33,NULL,NULL,NULL,NULL,NULL,NULL,NULL,NULL,NULL,'GTHL U16',NULL,'Toronto Marlboros U16 AAA'),
(8480860,'20162017',5,0,1,1,NULL,NULL,NULL,NULL,NULL,NULL,6,NULL,NULL,NULL,NULL,NULL,NULL,NULL,NULL,NULL,'WHC-17',NULL,'Canada Red U17'),
(8480860,'20162017',57,1,3,4,NULL,NULL,NULL,NULL,-14,NULL,53,NULL,NULL,NULL,NULL,NULL,NULL,NULL,NULL,NULL,'OHL',NULL,'Ottawa 67\'s'),
(8480860,'20172018',5,1,1,2,NULL,NULL,NULL,NULL,NULL,NULL,6,NULL,NULL,NULL,NULL,NULL,NULL,NULL,NULL,NULL,'Hlinka Gretzky Cup',NULL,'Canada U18'),
(8480860,'20172018',58,1,17,18,NULL,NULL,NULL,NULL,-21,NULL,76,NULL,NULL,NULL,NULL,NULL,NULL,NULL,NULL,NULL,'OHL',NULL,'Ottawa 67\'s'),
(8480860,'20182019',68,6,28,34,NULL,NULL,NULL,NULL,50,NULL,87,NULL,NULL,NULL,NULL,NULL,NULL,NULL,NULL,NULL,'OHL',NULL,'Ottawa 67\'s'),
(8480860,'20192020',7,0,1,1,NULL,NULL,NULL,NULL,4,NULL,6,NULL,NULL,NULL,NULL,NULL,NULL,NULL,NULL,NULL,'WJC-20',NULL,'Canada U20'),
(8480860,'20192020',54,6,25,31,NULL,NULL,NULL,NULL,40,NULL,83,NULL,NULL,NULL,NULL,NULL,NULL,NULL,NULL,NULL,'OHL',NULL,'Ottawa 67\'s'),
(8480860,'20202021',27,1,4,5,NULL,NULL,NULL,NULL,-6,NULL,12,NULL,NULL,NULL,NULL,NULL,NULL,NULL,NULL,NULL,'AHL',NULL,'Binghamton Devils'),
(8480860,'20202021',7,0,2,2,5,18,118.417,154,0,0,0,0,0,0.25,0,0,7.36667,0,0,133,'National Hockey League',1,'New Jersey Devils'),
(8480860,'20212022',17,1,3,4,16,28,267.667,362,-6,6.3,10,0,0,1.2,0,0,17.15,0,0,133,'National Hockey League',1,'New Jersey Devils'),
(8480860,'20212022',54,3,13,16,NULL,NULL,NULL,NULL,15,NULL,52,NULL,NULL,NULL,NULL,NULL,NULL,NULL,NULL,NULL,'AHL',NULL,'Utica Comets'),
(8480860,'20222023',42,2,6,8,27,64,588.85,814,4,7.41,35,0,0,1.75,0,0,36.5667,0,0,133,'National Hockey League',1,'New Jersey Devils'),
(8480860,'20222023',3,0,1,1,NULL,NULL,NULL,NULL,2,NULL,2,NULL,NULL,NULL,NULL,NULL,NULL,NULL,NULL,NULL,'AHL',NULL,'Utica Comets'),
(8480860,'20232024',8,0,2,2,8,16,152.717,205,0,0,2,0,0,0.483333,0,0,21.9667,0,0,133,'National Hockey League',1,'New Jersey Devils'),
(8480884,'20132014',27,26,30,56,NULL,NULL,NULL,NULL,NULL,NULL,50,NULL,NULL,NULL,NULL,NULL,NULL,NULL,NULL,NULL,'WBAAA2',NULL,'Brandon Wheat Kings Bantam AAA 2'),
(8480884,'20142015',31,45,31,76,NULL,NULL,NULL,NULL,NULL,NULL,46,NULL,NULL,NULL,NULL,NULL,NULL,NULL,NULL,NULL,'WBAAA',NULL,'Brandon Wheat Kings Bantam AAA'),
(8480884,'20152016',15,8,7,15,NULL,NULL,NULL,NULL,NULL,NULL,42,NULL,NULL,NULL,NULL,NULL,NULL,NULL,NULL,NULL,'MU18HL',NULL,'Brandon Wheat Kings U18 AAA'),
(8480884,'20152016',4,0,0,0,NULL,NULL,NULL,NULL,3,NULL,2,NULL,NULL,NULL,NULL,NULL,NULL,NULL,NULL,NULL,'WHL',NULL,'Lethbridge Hurricanes'),
(8480884,'20162017',6,0,3,3,NULL,NULL,NULL,NULL,NULL,NULL,0,NULL,NULL,NULL,NULL,NULL,NULL,NULL,NULL,NULL,'WHC-17',NULL,'Canada Black U17'),
(8480884,'20162017',63,9,24,33,NULL,NULL,NULL,NULL,6,NULL,52,NULL,NULL,NULL,NULL,NULL,NULL,NULL,NULL,NULL,'WHL',NULL,'Lethbridge Hurricanes'),
(8480884,'20172018',5,2,4,6,NULL,NULL,NULL,NULL,NULL,NULL,4,NULL,NULL,NULL,NULL,NULL,NULL,NULL,NULL,NULL,'Hlinka Gretzky Cup',NULL,'Canada U18'),
(8480884,'20172018',68,11,54,65,NULL,NULL,NULL,NULL,-18,NULL,53,NULL,NULL,NULL,NULL,NULL,NULL,NULL,NULL,NULL,'WHL',NULL,'Lethbridge Hurricanes'),
(8480884,'20182019',67,11,54,65,NULL,NULL,NULL,NULL,2,NULL,52,NULL,NULL,NULL,NULL,NULL,NULL,NULL,NULL,NULL,'WHL',NULL,'Lethbridge Hurricanes'),
(8480884,'20182019',3,0,2,2,NULL,NULL,NULL,NULL,0,NULL,0,NULL,NULL,NULL,NULL,NULL,NULL,NULL,NULL,NULL,'AHL',NULL,'Wilkes-Barre/Scranton Penguins'),
(8480884,'20192020',7,1,8,9,NULL,NULL,NULL,NULL,4,NULL,0,NULL,NULL,NULL,NULL,NULL,NULL,NULL,NULL,NULL,'WJC-20',NULL,'Canada U20'),
(8480884,'20192020',50,10,42,52,NULL,NULL,NULL,NULL,7,NULL,51,NULL,NULL,NULL,NULL,NULL,NULL,NULL,NULL,NULL,'WHL',NULL,'Lethbridge Hurricanes'),
(8480884,'20202021',31,6,16,22,NULL,NULL,NULL,NULL,7,NULL,33,NULL,NULL,NULL,NULL,NULL,NULL,NULL,NULL,NULL,'AHL',NULL,'Iowa Wild'),
(8480884,'20202021',3,0,0,0,4,2,55.55,62,0,0,0,0,0,8.23333,0,0,0,0,0,133,'National Hockey League',30,'Minnesota Wild'),
(8480884,'20212022',43,7,27,34,NULL,NULL,NULL,NULL,-6,NULL,70,NULL,NULL,NULL,NULL,NULL,NULL,NULL,NULL,NULL,'AHL',NULL,'Iowa Wild'),
(8480884,'20212022',15,2,2,4,17,12,206.833,258,-4,11.8,2,0,0,22.8667,0,0,0,0,0,133,'National Hockey League',30,'Minnesota Wild'),
(8480884,'20222023',62,3,26,29,77,19,999.433,1130,-17,3.9,22,0,18,215.6,0,0,4.28333,1,0,133,'National Hockey League',30,'Minnesota Wild'),
(8480884,'20232024',3,0,2,2,5,1,52.35,56,-1,0,0,0,1,15.15,0,0,0,0,0,133,'National Hockey League',30,'Minnesota Wild'),
(8480887,'20142015',10,0,1,1,NULL,NULL,NULL,NULL,NULL,NULL,2,NULL,NULL,NULL,NULL,NULL,NULL,NULL,NULL,NULL,'USPHL 16U',NULL,'Islanders Hockey Club 16U'),
(8480887,'20152016',35,5,16,21,NULL,NULL,NULL,NULL,NULL,NULL,NULL,NULL,NULL,NULL,NULL,NULL,NULL,NULL,NULL,NULL,'USHS-Prep',NULL,'Kimball Union Academy'),
(8480887,'20152016',5,0,0,0,NULL,NULL,NULL,NULL,NULL,NULL,NULL,NULL,NULL,NULL,NULL,NULL,NULL,NULL,NULL,NULL,'USA-S15',NULL,'Team Orange'),
(8480887,'20162017',39,7,19,26,NULL,NULL,NULL,NULL,NULL,NULL,NULL,NULL,NULL,NULL,NULL,NULL,NULL,NULL,NULL,NULL,'USHS-Prep',NULL,'Kimball Union Academy'),
(8480887,'20162017',5,1,1,2,NULL,NULL,NULL,NULL,NULL,NULL,NULL,NULL,NULL,NULL,NULL,NULL,NULL,NULL,NULL,NULL,'USA-S16',NULL,'Team Grey'),
(8480887,'20172018',37,6,29,35,NULL,NULL,NULL,NULL,NULL,NULL,NULL,NULL,NULL,NULL,NULL,NULL,NULL,NULL,NULL,NULL,'USHS-Prep',NULL,'Kimball Union Academy'),
(8480887,'20172018',5,0,0,0,NULL,NULL,NULL,NULL,NULL,NULL,NULL,NULL,NULL,NULL,NULL,NULL,NULL,NULL,NULL,NULL,'USA-S17',NULL,'Team Columbia'),
(8480887,'20172018',5,0,1,1,NULL,NULL,NULL,NULL,1,NULL,0,NULL,NULL,NULL,NULL,NULL,NULL,NULL,NULL,NULL,'USHL',NULL,'Youngstown Phantoms'),
(8480887,'20182019',39,1,12,13,NULL,NULL,NULL,NULL,21,NULL,8,NULL,NULL,NULL,NULL,NULL,NULL,NULL,NULL,NULL,'NCAA',NULL,'Northeastern Univ.'),
(8480887,'20192020',33,3,18,21,NULL,NULL,NULL,NULL,0,NULL,20,NULL,NULL,NULL,NULL,NULL,NULL,NULL,NULL,NULL,'NCAA',NULL,'Northeastern Univ.'),
(8480887,'20192020',5,1,0,1,NULL,NULL,NULL,NULL,4,NULL,2,NULL,NULL,NULL,NULL,NULL,NULL,NULL,NULL,NULL,'WJC-20',NULL,'USA U20'),
(8480887,'20202021',19,6,13,19,NULL,NULL,NULL,NULL,-5,NULL,8,NULL,NULL,NULL,NULL,NULL,NULL,NULL,NULL,NULL,'NCAA',NULL,'Northeastern Univ.'),
(8480887,'20212022',10,1,0,1,9,10,162.8,190,3,11.1,8,0,0,4.5,0,0,2.63333,0,0,133,'National Hockey League',8,'Montréal Canadiens'),
(8480887,'20212022',39,5,15,20,NULL,NULL,NULL,NULL,11,NULL,14,NULL,NULL,NULL,NULL,NULL,NULL,NULL,NULL,NULL,'NCAA',NULL,'Northeastern Univ.'),
(8480887,'20222023',65,4,13,17,70,53,1212.4,1378,-3,5.71,26,0,1,4.1,0,0,80.65,0,0,133,'National Hockey League',8,'Montréal Canadiens'),
(8480887,'20232024',2,0,0,0,3,4,36.9667,39,-1,0,2,0,0,0.133333,0,0,1.71667,0,0,133,'National Hockey League',8,'Montréal Canadiens'),
(8480980,'20132014',32,35,31,66,NULL,NULL,NULL,NULL,NULL,NULL,48,NULL,NULL,NULL,NULL,NULL,NULL,NULL,NULL,NULL,'WBAAA',NULL,'Parkland Rangers Bantam AAA'),
(8480980,'20142015',43,15,22,37,NULL,NULL,NULL,NULL,NULL,NULL,60,NULL,NULL,NULL,NULL,NULL,NULL,NULL,NULL,NULL,'MMHL',NULL,'Parkland Rangers Midget AAA'),
(8480980,'20152016',72,11,7,18,NULL,NULL,NULL,NULL,-1,NULL,24,NULL,NULL,NULL,NULL,NULL,NULL,NULL,NULL,NULL,'WHL',NULL,'Everett Silvertips'),
(8480980,'20162017',71,14,16,30,NULL,NULL,NULL,NULL,-3,NULL,37,NULL,NULL,NULL,NULL,NULL,NULL,NULL,NULL,NULL,'WHL',NULL,'Everett Silvertips'),
(8480980,'20172018',68,38,30,68,NULL,NULL,NULL,NULL,23,NULL,47,NULL,NULL,NULL,NULL,NULL,NULL,NULL,NULL,NULL,'WHL',NULL,'Everett Silvertips'),
(8480980,'20182019',59,36,45,81,NULL,NULL,NULL,NULL,27,NULL,60,NULL,NULL,NULL,NULL,NULL,NULL,NULL,NULL,NULL,'WHL',NULL,'Everett Silvertips'),
(8480980,'20192020',52,6,13,19,NULL,NULL,NULL,NULL,10,NULL,22,NULL,NULL,NULL,NULL,NULL,NULL,NULL,NULL,NULL,'AHL',NULL,'Iowa Wild'),
(8480980,'20202021',32,12,11,23,NULL,NULL,NULL,NULL,6,NULL,13,NULL,NULL,NULL,NULL,NULL,NULL,NULL,NULL,NULL,'AHL',NULL,'Iowa Wild'),
(8480980,'20212022',19,8,9,17,NULL,NULL,NULL,NULL,9,NULL,17,NULL,NULL,NULL,NULL,NULL,NULL,NULL,NULL,NULL,'AHL',NULL,'Iowa Wild'),
(8480980,'20212022',35,2,4,6,44,48,346.367,478,-4,4.5,25,0,1,1.46667,0,0,25.75,1,0,133,'National Hockey League',30,'Minnesota Wild'),
(8480980,'20222023',81,6,12,18,87,124,887.917,1196,-5,6.9,50,0,0,5.83333,3,4,131.967,0,0,133,'National Hockey League',30,'Minnesota Wild'),
(8480980,'20232024',3,1,1,2,2,4,37.7,50,1,50,2,0,0,0,1,1,7.26667,0,0,133,'National Hockey League',30,'Minnesota Wild'),
(8481058,'20112012',3,2,1,3,NULL,NULL,NULL,NULL,NULL,NULL,2,NULL,NULL,NULL,NULL,NULL,NULL,NULL,NULL,NULL,'QC Int PW',NULL,'Finland Selects U13'),
(8481058,'20132014',32,15,21,36,NULL,NULL,NULL,NULL,NULL,NULL,6,NULL,NULL,NULL,NULL,NULL,NULL,NULL,NULL,NULL,'Jr. C SM-sarja',NULL,'Blues U16 Akatemia'),
(8481058,'20142015',23,22,28,50,NULL,NULL,NULL,NULL,NULL,NULL,10,NULL,NULL,NULL,NULL,NULL,NULL,NULL,NULL,NULL,'Jr. C SM-sarja',NULL,'Blues U16'),
(8481058,'20142015',2,0,0,0,NULL,NULL,NULL,NULL,NULL,NULL,0,NULL,NULL,NULL,NULL,NULL,NULL,NULL,NULL,NULL,'Jr. B SM-sarja',NULL,'Blues U18'),
(8481058,'20142015',6,1,2,3,NULL,NULL,NULL,NULL,NULL,NULL,0,NULL,NULL,NULL,NULL,NULL,NULL,NULL,NULL,NULL,'Jr. B SM-sarja',NULL,'Jokerit U18'),
(8481058,'20152016',27,11,22,33,NULL,NULL,NULL,NULL,NULL,NULL,10,NULL,NULL,NULL,NULL,NULL,NULL,NULL,NULL,NULL,'U18 SM-sarja',NULL,'Jokerit U18'),
(8481058,'20152016',1,0,0,0,NULL,NULL,NULL,NULL,-1,NULL,0,NULL,NULL,NULL,NULL,NULL,NULL,NULL,NULL,NULL,'U20 SM-sarja',NULL,'Jokerit U20'),
(8481058,'20162017',3,0,0,0,NULL,NULL,NULL,NULL,-2,NULL,2,NULL,NULL,NULL,NULL,NULL,NULL,NULL,NULL,NULL,'Mestis',NULL,'Espoo United'),
(8481058,'20162017',7,4,5,9,NULL,NULL,NULL,NULL,6,NULL,0,NULL,NULL,NULL,NULL,NULL,NULL,NULL,NULL,NULL,'WJC-18',NULL,'Finland U18'),
(8481058,'20162017',37,15,16,31,NULL,NULL,NULL,NULL,3,NULL,14,NULL,NULL,NULL,NULL,NULL,NULL,NULL,NULL,NULL,'U20 SM-sarja',NULL,'Kiekko-Espoo U20'),
(8481058,'20172018',3,2,1,3,NULL,NULL,NULL,NULL,NULL,NULL,0,NULL,NULL,NULL,NULL,NULL,NULL,NULL,NULL,NULL,'Suomen Cup',NULL,'Espoo United'),
(8481058,'20182019',7,3,3,6,NULL,NULL,NULL,NULL,5,NULL,0,NULL,NULL,NULL,NULL,NULL,NULL,NULL,NULL,NULL,'WJC-20',NULL,'Finland U20'),
(8481058,'20182019',53,13,14,27,NULL,NULL,NULL,NULL,10,NULL,8,NULL,NULL,NULL,NULL,NULL,NULL,NULL,NULL,NULL,'Liiga',NULL,'Pelicans'),
(8481058,'20192020',53,12,10,22,NULL,NULL,NULL,NULL,-20,NULL,14,NULL,NULL,NULL,NULL,NULL,NULL,NULL,NULL,NULL,'Liiga',NULL,'Pelicans'),
(8481058,'20202021',29,9,8,17,NULL,NULL,NULL,NULL,0,NULL,6,NULL,NULL,NULL,NULL,NULL,NULL,NULL,NULL,NULL,'AHL',NULL,'Laval Rocket'),
(8481058,'20202021',1,0,0,0,1,0,11.3833,14,0,0,0,0,0,1.3,0,0,0,0,0,133,'National Hockey League',8,'Montréal Canadiens'),
(8481058,'20202021',21,5,2,7,NULL,NULL,NULL,NULL,-1,NULL,8,NULL,NULL,NULL,NULL,NULL,NULL,NULL,NULL,NULL,'Liiga',NULL,'Pelicans'),
(8481058,'20212022',52,14,22,36,NULL,NULL,NULL,NULL,-16,NULL,12,NULL,NULL,NULL,NULL,NULL,NULL,NULL,NULL,NULL,'AHL',NULL,'Laval Rocket'),
(8481058,'20212022',14,2,3,5,16,5,161.917,231,2,12.5,2,0,0,17.6167,0,0,0,0,0,133,'National Hockey League',8,'Montréal Canadiens'),
(8481058,'20222023',39,11,21,32,NULL,NULL,NULL,NULL,-2,NULL,16,NULL,NULL,NULL,NULL,NULL,NULL,NULL,NULL,NULL,'AHL',NULL,'Laval Rocket'),
(8481058,'20222023',37,6,10,16,43,14,497.533,623,-11,13.95,0,1,1,41.1833,0,0,6.61667,1,0,133,'National Hockey League',8,'Montréal Canadiens'),
(8481058,'20232024',2,1,0,1,1,0,25.3333,38,0,100,2,0,0,0.733333,0,0,6.56667,0,0,133,'National Hockey League',8,'Montréal Canadiens'),
(8481093,'20102011',2,1,0,1,NULL,NULL,NULL,NULL,NULL,NULL,0,NULL,NULL,NULL,NULL,NULL,NULL,NULL,NULL,NULL,'QC Int PW',NULL,'Chicoutimi Jr Saguenéens'),
(8481093,'20112012',2,1,0,1,NULL,NULL,NULL,NULL,NULL,NULL,2,NULL,NULL,NULL,NULL,NULL,NULL,NULL,NULL,NULL,'QC Int PW',NULL,'Chicoutimi Jr Saguenéens'),
(8481093,'20132014',28,19,21,40,NULL,NULL,NULL,NULL,NULL,NULL,2,NULL,NULL,NULL,NULL,NULL,NULL,NULL,NULL,NULL,'QBAA',NULL,'Saguenay Espoirs Bantam AAA R'),
(8481093,'20142015',4,0,0,0,NULL,NULL,NULL,NULL,0,NULL,0,NULL,NULL,NULL,NULL,NULL,NULL,NULL,NULL,NULL,'QMAAA',NULL,'Jonquière Élites'),
(8481093,'20152016',45,18,34,52,NULL,NULL,NULL,NULL,20,NULL,4,NULL,NULL,NULL,NULL,NULL,NULL,NULL,NULL,NULL,'QM18AAA',NULL,'Jonquière Élites'),
(8481093,'20152016',3,0,0,0,NULL,NULL,NULL,NULL,0,NULL,0,NULL,NULL,NULL,NULL,NULL,NULL,NULL,NULL,NULL,'QMJHL',NULL,'Rouyn-Noranda Huskies'),
(8481093,'20162017',50,10,13,23,NULL,NULL,NULL,NULL,8,NULL,6,NULL,NULL,NULL,NULL,NULL,NULL,NULL,NULL,NULL,'QMJHL',NULL,'Rouyn-Noranda Huskies'),
(8481093,'20172018',67,26,50,76,NULL,NULL,NULL,NULL,34,NULL,38,NULL,NULL,NULL,NULL,NULL,NULL,NULL,NULL,NULL,'QMJHL',NULL,'Rouyn-Noranda Huskies'),
(8481093,'20182019',66,40,45,85,NULL,NULL,NULL,NULL,43,NULL,24,NULL,NULL,NULL,NULL,NULL,NULL,NULL,NULL,NULL,'QMJHL',NULL,'Rouyn-Noranda Huskies'),
(8481093,'20192020',62,34,44,78,NULL,NULL,NULL,NULL,37,NULL,16,NULL,NULL,NULL,NULL,NULL,NULL,NULL,NULL,NULL,'QMJHL',NULL,'Chicoutimi Saguen\Z©ens'),
(8481093,'20192020',62,34,44,78,NULL,NULL,NULL,NULL,37,NULL,16,NULL,NULL,NULL,NULL,NULL,NULL,NULL,NULL,NULL,'QMJHL',NULL,'Chicoutimi Saguenéens'),
(8481093,'20202021',36,9,11,20,NULL,NULL,NULL,NULL,10,NULL,2,NULL,NULL,NULL,NULL,NULL,NULL,NULL,NULL,NULL,'AHL',NULL,'Laval Rocket'),
(8481093,'20212022',69,21,35,56,NULL,NULL,NULL,NULL,29,NULL,20,NULL,NULL,NULL,NULL,NULL,NULL,NULL,NULL,NULL,'AHL',NULL,'Laval Rocket'),
(8481093,'20212022',4,1,0,1,6,12,52.35,79,-2,16.7,0,0,0,7.46667,0,0,0.933333,0,0,133,'National Hockey League',8,'Montréal Canadiens'),
(8481093,'20222023',40,16,15,31,NULL,NULL,NULL,NULL,2,NULL,20,NULL,NULL,NULL,NULL,NULL,NULL,NULL,NULL,NULL,'AHL',NULL,'Laval Rocket'),
(8481093,'20222023',34,14,6,20,58,57,585.8,686,7,24.14,10,4,4,63.65,1,1,50.05,1,0,133,'National Hockey League',8,'Montréal Canadiens'),
(8481093,'20232024',6,0,2,2,7,9,85.35,110,-2,0,2,0,0,0.183333,0,1,17.6,0,0,133,'National Hockey League',8,'Montréal Canadiens'),
(8481523,'20102011',6,1,1,2,NULL,NULL,NULL,NULL,NULL,NULL,6,NULL,NULL,NULL,NULL,NULL,NULL,NULL,NULL,NULL,'Brick Invitational',NULL,'Team Brick Alberta'),
(8481523,'20132014',33,9,18,27,NULL,NULL,NULL,NULL,NULL,NULL,24,NULL,NULL,NULL,NULL,NULL,NULL,NULL,NULL,NULL,'AMBHL',NULL,'Fort Saskatchewan Rang. Bntm AAA'),
(8481523,'20142015',33,29,71,100,NULL,NULL,NULL,NULL,NULL,NULL,26,NULL,NULL,NULL,NULL,NULL,NULL,NULL,NULL,NULL,'AMBHL',NULL,'Fort Saskatchewan Rang. Bntm AAA'),
(8481523,'20152016',34,14,21,35,NULL,NULL,NULL,NULL,NULL,NULL,12,NULL,NULL,NULL,NULL,NULL,NULL,NULL,NULL,NULL,'AEHL U18',NULL,'Fort Saskatchewan Ranger U18 AAA'),
(8481523,'20162017',22,6,20,26,NULL,NULL,NULL,NULL,NULL,NULL,6,NULL,NULL,NULL,NULL,NULL,NULL,NULL,NULL,NULL,'AEHL U18',NULL,'Fort Saskatchewan Ranger U18 AAA'),
(8481523,'20162017',19,6,4,10,NULL,NULL,NULL,NULL,3,NULL,4,NULL,NULL,NULL,NULL,NULL,NULL,NULL,NULL,NULL,'WHL',NULL,'Saskatoon Blades'),
(8481523,'20172018',5,1,6,7,NULL,NULL,NULL,NULL,NULL,NULL,2,NULL,NULL,NULL,NULL,NULL,NULL,NULL,NULL,NULL,'WHC-17',NULL,'Canada Black U17'),
(8481523,'20172018',52,7,39,46,NULL,NULL,NULL,NULL,-10,NULL,12,NULL,NULL,NULL,NULL,NULL,NULL,NULL,NULL,NULL,'WHL',NULL,'Saskatoon Blades'),
(8481523,'20182019',5,2,5,7,NULL,NULL,NULL,NULL,NULL,NULL,0,NULL,NULL,NULL,NULL,NULL,NULL,NULL,NULL,NULL,'Hlinka Gretzky Cup',NULL,'Canada U18'),
(8481523,'20182019',62,25,48,73,NULL,NULL,NULL,NULL,15,NULL,40,NULL,NULL,NULL,NULL,NULL,NULL,NULL,NULL,NULL,'WHL',NULL,'Saskatoon Blades'),
(8481523,'20192020',64,8,15,23,101,33,913,1103,-1,7.9,24,0,3,100.417,0,0,2.26667,2,0,133,'National Hockey League',16,'Chicago Blackhawks'),
(8481523,'20192020',3,0,0,0,NULL,NULL,NULL,NULL,-1,NULL,0,NULL,NULL,NULL,NULL,NULL,NULL,NULL,NULL,NULL,'AHL',NULL,'Rockford IceHogs'),
(8481523,'20202021',18,2,8,10,26,7,334.283,364,-3,7.7,4,1,1,59.9833,0,0,21.8167,0,0,133,'National Hockey League',16,'Chicago Blackhawks'),
(8481523,'20212022',70,9,17,26,116,49,1263.1,1526,-18,7.8,43,2,6,134.183,0,1,77.7,0,0,133,'National Hockey League',16,'Chicago Blackhawks'),
(8481523,'20222023',58,14,24,38,107,53,1072.75,1150,-2,13.08,43,6,16,198.1,0,2,19.8333,2,1,133,'National Hockey League',8,'Montréal Canadiens'),
(8481523,'20232024',2,0,2,2,3,3,26.0333,27,2,0,0,0,0,6.85,0,0,0.25,0,0,133,'National Hockey League',8,'Montréal Canadiens'),
(8481533,'20102011',6,8,5,13,NULL,NULL,NULL,NULL,NULL,NULL,2,NULL,NULL,NULL,NULL,NULL,NULL,NULL,NULL,NULL,'Brick Invitational',NULL,'Connecticut Yankees'),
(8481533,'20132014',4,2,4,6,NULL,NULL,NULL,NULL,NULL,NULL,0,NULL,NULL,NULL,NULL,NULL,NULL,NULL,NULL,NULL,'QC Int PW',NULL,'New York Jr. Rangers'),
(8481533,'20162017',28,18,24,42,NULL,NULL,NULL,NULL,NULL,NULL,NULL,NULL,NULL,NULL,NULL,NULL,NULL,NULL,NULL,NULL,'USHS-Prep',NULL,'Avon Old Farms School'),
(8481533,'20162017',3,2,0,2,NULL,NULL,NULL,NULL,NULL,NULL,NULL,NULL,NULL,NULL,NULL,NULL,NULL,NULL,NULL,NULL,'USA-S15',NULL,'Team Black'),
(8481533,'20172018',56,20,39,59,NULL,NULL,NULL,NULL,NULL,NULL,42,NULL,NULL,NULL,NULL,NULL,NULL,NULL,NULL,NULL,'USDP',NULL,'U.S. National U17 Team'),
(8481533,'20172018',6,2,4,6,NULL,NULL,NULL,NULL,NULL,NULL,4,NULL,NULL,NULL,NULL,NULL,NULL,NULL,NULL,NULL,'WHC-17',NULL,'USA U17'),
(8481533,'20172018',31,11,21,32,NULL,NULL,NULL,NULL,7,NULL,32,NULL,NULL,NULL,NULL,NULL,NULL,NULL,NULL,NULL,'USHL',NULL,'USNTDP Juniors'),
(8481533,'20182019',60,26,61,87,NULL,NULL,NULL,NULL,NULL,NULL,94,NULL,NULL,NULL,NULL,NULL,NULL,NULL,NULL,NULL,'USDP',NULL,'U.S. National U18 Team'),
(8481533,'20182019',5,0,9,9,NULL,NULL,NULL,NULL,8,NULL,2,NULL,NULL,NULL,NULL,NULL,NULL,NULL,NULL,NULL,'WJC-18',NULL,'USA U18'),
(8481533,'20182019',27,14,26,40,NULL,NULL,NULL,NULL,18,NULL,34,NULL,NULL,NULL,NULL,NULL,NULL,NULL,NULL,NULL,'USHL',NULL,'USNTDP Juniors'),
(8481533,'20192020',33,11,25,36,NULL,NULL,NULL,NULL,8,NULL,43,NULL,NULL,NULL,NULL,NULL,NULL,NULL,NULL,NULL,'NCAA',NULL,'Boston Univ.'),
(8481533,'20192020',5,0,9,9,NULL,NULL,NULL,NULL,6,NULL,4,NULL,NULL,NULL,NULL,NULL,NULL,NULL,NULL,NULL,'WJC-20',NULL,'USA U20'),
(8481533,'20202021',24,3,10,13,53,7,369.533,465,6,5.7,12,0,0,51.8,0,0,0.416667,0,0,133,'National Hockey League',24,'Anaheim Ducks'),
(8481533,'20202021',17,10,11,21,NULL,NULL,NULL,NULL,7,NULL,12,NULL,NULL,NULL,NULL,NULL,NULL,NULL,NULL,NULL,'AHL',NULL,'San Diego Gulls'),
(8481533,'20202021',7,7,11,18,NULL,NULL,NULL,NULL,9,NULL,0,NULL,NULL,NULL,NULL,NULL,NULL,NULL,NULL,NULL,'WJC-20',NULL,'USA U20'),
(8481533,'20212022',75,23,38,61,181,56,1343.03,1580,-21,12.7,50,9,17,197.083,0,0,1.1,5,1,133,'National Hockey League',24,'Anaheim Ducks'),
(8481533,'20222023',81,23,42,65,184,46,1525,1744,-24,12.5,88,4,17,228.767,0,0,1.45,3,2,133,'National Hockey League',24,'Anaheim Ducks'),
(8481533,'20232024',3,0,1,1,5,1,52.8333,62,1,0,4,0,0,9.21667,0,0,0.116667,0,0,133,'National Hockey League',24,'Anaheim Ducks'),
(8481540,'20102011',6,9,9,18,NULL,NULL,NULL,NULL,NULL,NULL,4,NULL,NULL,NULL,NULL,NULL,NULL,NULL,NULL,NULL,'Brick Invitational',NULL,'Chicago Jr. Blackhawks'),
(8481540,'20142015',19,18,9,27,NULL,NULL,NULL,NULL,NULL,NULL,4,NULL,NULL,NULL,NULL,NULL,NULL,NULL,NULL,NULL,'HPMBHL',NULL,'Team Illinois Bantam Minor AAA'),
(8481540,'20152016',23,25,33,58,NULL,NULL,NULL,NULL,NULL,NULL,6,NULL,NULL,NULL,NULL,NULL,NULL,NULL,NULL,NULL,'USHS-WI',NULL,'Stevens Point Area High'),
(8481540,'20152016',37,23,31,54,NULL,NULL,NULL,NULL,NULL,NULL,NULL,NULL,NULL,NULL,NULL,NULL,NULL,NULL,NULL,NULL,'14U AAA',NULL,'Team Wisconsin 14U AAA'),
(8481540,'20162017',22,50,29,79,NULL,NULL,NULL,NULL,NULL,NULL,17,NULL,NULL,NULL,NULL,NULL,NULL,NULL,NULL,NULL,'USHS-WI',NULL,'Stevens Point Area High'),
(8481540,'20162017',3,2,2,4,NULL,NULL,NULL,NULL,NULL,NULL,NULL,NULL,NULL,NULL,NULL,NULL,NULL,NULL,NULL,NULL,'USA-S15',NULL,'Team Royal'),
(8481540,'20162017',14,4,2,6,NULL,NULL,NULL,NULL,NULL,NULL,2,NULL,NULL,NULL,NULL,NULL,NULL,NULL,NULL,NULL,'UMHSEHL',NULL,'Team Wisconsin'),
(8481540,'20172018',40,44,19,63,NULL,NULL,NULL,NULL,NULL,NULL,2,NULL,NULL,NULL,NULL,NULL,NULL,NULL,NULL,NULL,'USDP',NULL,'U.S. National U17 Team'),
(8481540,'20172018',19,10,7,17,NULL,NULL,NULL,NULL,NULL,NULL,8,NULL,NULL,NULL,NULL,NULL,NULL,NULL,NULL,NULL,'USDP',NULL,'U.S. National U18 Team'),
(8481540,'20172018',6,8,5,13,NULL,NULL,NULL,NULL,NULL,NULL,0,NULL,NULL,NULL,NULL,NULL,NULL,NULL,NULL,NULL,'WHC-17',NULL,'USA U17'),
(8481540,'20172018',7,4,2,6,NULL,NULL,NULL,NULL,2,NULL,0,NULL,NULL,NULL,NULL,NULL,NULL,NULL,NULL,NULL,'WJC-18',NULL,'USA U18'),
(8481540,'20172018',32,23,10,33,NULL,NULL,NULL,NULL,10,NULL,10,NULL,NULL,NULL,NULL,NULL,NULL,NULL,NULL,NULL,'USHL',NULL,'USNTDP Juniors'),
(8481540,'20182019',64,72,28,100,NULL,NULL,NULL,NULL,NULL,NULL,39,NULL,NULL,NULL,NULL,NULL,NULL,NULL,NULL,NULL,'USDP',NULL,'U.S. National U18 Team'),
(8481540,'20182019',7,14,4,18,NULL,NULL,NULL,NULL,12,NULL,4,NULL,NULL,NULL,NULL,NULL,NULL,NULL,NULL,NULL,'WJC-18',NULL,'USA U18'),
(8481540,'20182019',28,29,12,41,NULL,NULL,NULL,NULL,19,NULL,23,NULL,NULL,NULL,NULL,NULL,NULL,NULL,NULL,NULL,'USHL',NULL,'USNTDP Juniors'),
(8481540,'20192020',36,19,17,36,NULL,NULL,NULL,NULL,-3,NULL,6,NULL,NULL,NULL,NULL,NULL,NULL,NULL,NULL,NULL,'NCAA',NULL,'Univ. of Wisconsin'),
(8481540,'20192020',5,1,1,2,NULL,NULL,NULL,NULL,-2,NULL,0,NULL,NULL,NULL,NULL,NULL,NULL,NULL,NULL,NULL,'WJC-20',NULL,'USA U20'),
(8481540,'20202021',2,3,1,4,NULL,NULL,NULL,NULL,1,NULL,0,NULL,NULL,NULL,NULL,NULL,NULL,NULL,NULL,NULL,'AHL',NULL,'Laval Rocket'),
(8481540,'20202021',10,4,1,5,30,3,139.6,191,-1,13.3,2,0,0,15.9667,0,0,0,2,2,133,'National Hockey League',8,'Montréal Canadiens'),
(8481540,'20202021',31,30,22,52,NULL,NULL,NULL,NULL,9,NULL,4,NULL,NULL,NULL,NULL,NULL,NULL,NULL,NULL,NULL,'NCAA',NULL,'Univ. of Wisconsin'),
(8481540,'20202021',7,2,3,5,NULL,NULL,NULL,NULL,-1,NULL,2,NULL,NULL,NULL,NULL,NULL,NULL,NULL,NULL,NULL,'WJC-20',NULL,'USA U20'),
(8481540,'20212022',6,2,3,5,NULL,NULL,NULL,NULL,-6,NULL,0,NULL,NULL,NULL,NULL,NULL,NULL,NULL,NULL,NULL,'AHL',NULL,'Laval Rocket'),
(8481540,'20212022',67,23,20,43,188,18,1117.58,1380,-24,12.2,10,5,13,191.15,0,0,0.783333,3,2,133,'National Hockey League',8,'Montréal Canadiens'),
(8481540,'20222023',46,26,10,36,158,18,830.283,914,-10,16.46,2,7,10,150.167,0,0,0.4,3,0,133,'National Hockey League',8,'Montréal Canadiens'),
(8481540,'20232024',2,2,0,2,6,2,35.7167,41,0,33.33,0,1,1,6.61667,0,0,0,0,0,133,'National Hockey League',8,'Montréal Canadiens'),
(8481557,'20102011',6,3,2,5,NULL,NULL,NULL,NULL,NULL,NULL,2,NULL,NULL,NULL,NULL,NULL,NULL,NULL,NULL,NULL,'Brick Invitational',NULL,'Boston Jr. Bruins'),
(8481557,'20132014',4,4,1,5,NULL,NULL,NULL,NULL,NULL,NULL,4,NULL,NULL,NULL,NULL,NULL,NULL,NULL,NULL,NULL,'QC Int PW',NULL,'Long Island Stars'),
(8481557,'20152016',2,0,0,0,NULL,NULL,NULL,NULL,NULL,NULL,0,NULL,NULL,NULL,NULL,NULL,NULL,NULL,NULL,NULL,'WSI U15',NULL,'Northeast Elite U15'),
(8481557,'20162017',13,15,10,25,NULL,NULL,NULL,NULL,NULL,NULL,2,NULL,NULL,NULL,NULL,NULL,NULL,NULL,NULL,NULL,'MHSL U16',NULL,'Cape Cod Whalers 16U AAA'),
(8481557,'20162017',29,13,13,26,NULL,NULL,NULL,NULL,NULL,NULL,NULL,NULL,NULL,NULL,NULL,NULL,NULL,NULL,NULL,NULL,'USHS-Prep',NULL,'Dexter Southfield School'),
(8481557,'20162017',3,0,0,0,NULL,NULL,NULL,NULL,NULL,NULL,0,NULL,NULL,NULL,NULL,NULL,NULL,NULL,NULL,NULL,'USA-S15',NULL,'Team Columbia'),
(8481557,'20172018',61,29,47,76,NULL,NULL,NULL,NULL,24,NULL,30,NULL,NULL,NULL,NULL,NULL,NULL,NULL,NULL,NULL,'USDP',NULL,'U.S. National U17 Team'),
(8481557,'20172018',1,0,0,0,NULL,NULL,NULL,NULL,1,NULL,0,NULL,NULL,NULL,NULL,NULL,NULL,NULL,NULL,NULL,'USDP',NULL,'U.S. National U18 Team'),
(8481557,'20172018',6,3,6,9,NULL,NULL,NULL,NULL,NULL,NULL,2,NULL,NULL,NULL,NULL,NULL,NULL,NULL,NULL,NULL,'WHC-17',NULL,'USA U17'),
(8481557,'20172018',34,12,23,35,NULL,NULL,NULL,NULL,9,NULL,14,NULL,NULL,NULL,NULL,NULL,NULL,NULL,NULL,NULL,'USHL',NULL,'USNTDP Juniors'),
(8481557,'20182019',64,33,48,81,NULL,NULL,NULL,NULL,27,NULL,28,NULL,NULL,NULL,NULL,NULL,NULL,NULL,NULL,NULL,'USDP',NULL,'U.S. National U18 Team'),
(8481557,'20182019',7,3,9,12,NULL,NULL,NULL,NULL,6,NULL,0,NULL,NULL,NULL,NULL,NULL,NULL,NULL,NULL,NULL,'WJC-18',NULL,'USA U18'),
(8481557,'20182019',28,17,26,43,NULL,NULL,NULL,NULL,14,NULL,16,NULL,NULL,NULL,NULL,NULL,NULL,NULL,NULL,NULL,'USHL',NULL,'USNTDP Juniors'),
(8481557,'20192020',34,9,17,26,NULL,NULL,NULL,NULL,16,NULL,8,NULL,NULL,NULL,NULL,NULL,NULL,NULL,NULL,NULL,'NCAA',NULL,'Boston College'),
(8481557,'20202021',22,11,20,31,NULL,NULL,NULL,NULL,15,NULL,4,NULL,NULL,NULL,NULL,NULL,NULL,NULL,NULL,NULL,'NCAA',NULL,'Boston College'),
(8481557,'20202021',14,6,12,18,NULL,NULL,NULL,NULL,5,NULL,2,NULL,NULL,NULL,NULL,NULL,NULL,NULL,NULL,NULL,'AHL',NULL,'Iowa Wild'),
(8481557,'20202021',7,5,2,7,NULL,NULL,NULL,NULL,3,NULL,2,NULL,NULL,NULL,NULL,NULL,NULL,NULL,NULL,NULL,'WJC-20',NULL,'USA U20'),
(8481557,'20212022',10,4,6,10,NULL,NULL,NULL,NULL,0,NULL,6,NULL,NULL,NULL,NULL,NULL,NULL,NULL,NULL,NULL,'AHL',NULL,'Iowa Wild'),
(8481557,'20212022',47,15,24,39,113,23,723.033,784,17,13.3,10,3,10,110.283,0,0,0.466667,2,0,133,'National Hockey League',30,'Minnesota Wild'),
(8481557,'20212022',5,1,2,3,NULL,NULL,NULL,NULL,0,NULL,2,NULL,NULL,NULL,NULL,NULL,NULL,NULL,NULL,NULL,'WC',NULL,'USA'),
(8481557,'20222023',81,31,32,63,255,65,1498.48,1508,1,12.16,39,8,26,307.233,0,0,11.5833,5,1,133,'National Hockey League',30,'Minnesota Wild'),
(8481557,'20232024',2,1,1,2,6,0,34.3,34,1,16.67,2,0,0,5.95,0,0,0,0,0,133,'National Hockey League',30,'Minnesota Wild'),
(8481559,'20102011',6,4,7,11,NULL,NULL,NULL,NULL,NULL,NULL,6,NULL,NULL,NULL,NULL,NULL,NULL,NULL,NULL,NULL,'Brick Invitational',NULL,'Toronto Bulldogs'),
(8481559,'20162017',33,23,50,73,NULL,NULL,NULL,NULL,NULL,NULL,4,NULL,NULL,NULL,NULL,NULL,NULL,NULL,NULL,NULL,'GTHL U16',NULL,'Toronto Marlboros U16 AAA'),
(8481559,'20172018',24,13,35,48,NULL,NULL,NULL,NULL,NULL,NULL,10,NULL,NULL,NULL,NULL,NULL,NULL,NULL,NULL,NULL,'USDP',NULL,'U.S. National U17 Team'),
(8481559,'20172018',36,27,41,68,NULL,NULL,NULL,NULL,NULL,NULL,6,NULL,NULL,NULL,NULL,NULL,NULL,NULL,NULL,NULL,'USDP',NULL,'U.S. National U18 Team'),
(8481559,'20172018',6,5,10,15,NULL,NULL,NULL,NULL,NULL,NULL,2,NULL,NULL,NULL,NULL,NULL,NULL,NULL,NULL,NULL,'WHC-17',NULL,'USA U17'),
(8481559,'20172018',7,5,7,12,NULL,NULL,NULL,NULL,3,NULL,2,NULL,NULL,NULL,NULL,NULL,NULL,NULL,NULL,NULL,'WJC-18',NULL,'USA U18'),
(8481559,'20172018',27,21,33,54,NULL,NULL,NULL,NULL,26,NULL,10,NULL,NULL,NULL,NULL,NULL,NULL,NULL,NULL,NULL,'USHL',NULL,'USNTDP Juniors'),
(8481559,'20182019',50,34,78,112,NULL,NULL,NULL,NULL,NULL,NULL,28,NULL,NULL,NULL,NULL,NULL,NULL,NULL,NULL,NULL,'USDP',NULL,'U.S. National U18 Team'),
(8481559,'20182019',7,0,3,3,NULL,NULL,NULL,NULL,2,NULL,0,NULL,NULL,NULL,NULL,NULL,NULL,NULL,NULL,NULL,'WC',NULL,'USA'),
(8481559,'20182019',7,9,11,20,NULL,NULL,NULL,NULL,10,NULL,8,NULL,NULL,NULL,NULL,NULL,NULL,NULL,NULL,NULL,'WJC-18',NULL,'USA U18'),
(8481559,'20182019',4,0,4,4,NULL,NULL,NULL,NULL,2,NULL,0,NULL,NULL,NULL,NULL,NULL,NULL,NULL,NULL,NULL,'WJC-20',NULL,'USA U20'),
(8481559,'20182019',24,12,36,48,NULL,NULL,NULL,NULL,17,NULL,4,NULL,NULL,NULL,NULL,NULL,NULL,NULL,NULL,NULL,'USHL',NULL,'USNTDP Juniors'),
(8481559,'20192020',61,7,14,21,123,12,967.783,1104,-26,5.7,10,4,9,193.7,0,0,1.1,2,1,133,'National Hockey League',1,'New Jersey Devils'),
(8481559,'20202021',56,11,20,31,142,15,1067.53,1265,-3,7.7,16,1,7,165.683,0,0,2.71667,1,0,133,'National Hockey League',1,'New Jersey Devils'),
(8481559,'20212022',49,26,30,56,165,6,958.733,1088,-16,15.8,0,6,14,141.033,0,0,3.53333,2,2,133,'National Hockey League',1,'New Jersey Devils'),
(8481559,'20222023',78,43,56,99,336,12,1557.35,1740,10,12.8,6,9,31,246.4,0,0,4.98333,6,1,133,'National Hockey League',1,'New Jersey Devils'),
(8481559,'20232024',8,5,13,18,31,2,174.417,200,0,16.13,4,3,10,32.7833,0,0,0.616667,1,1,133,'National Hockey League',1,'New Jersey Devils'),
(8481618,'20142015',28,33,15,48,NULL,NULL,NULL,NULL,NULL,NULL,36,NULL,NULL,NULL,NULL,NULL,NULL,NULL,NULL,NULL,'NLBAAAHL',NULL,'St. John\'s Hitmen'),
(8481618,'20152016',7,5,5,10,NULL,NULL,NULL,NULL,NULL,NULL,6,NULL,NULL,NULL,NULL,NULL,NULL,NULL,NULL,NULL,'WSI U15',NULL,'Pro Hockey Selects U15'),
(8481618,'20152016',2,0,2,2,NULL,NULL,NULL,NULL,NULL,NULL,2,NULL,NULL,NULL,NULL,NULL,NULL,NULL,NULL,NULL,'CISAA',NULL,'St. Andrew\'s College'),
(8481618,'20162017',1,0,1,1,NULL,NULL,NULL,NULL,NULL,NULL,10,NULL,NULL,NULL,NULL,NULL,NULL,NULL,NULL,NULL,'OJHL',NULL,'Aurora Tigers'),
(8481618,'20162017',2,1,0,1,NULL,NULL,NULL,NULL,NULL,NULL,0,NULL,NULL,NULL,NULL,NULL,NULL,NULL,NULL,NULL,'CISAA',NULL,'St. Andrew\'s College'),
(8481618,'20162017',5,5,2,7,NULL,NULL,NULL,NULL,NULL,NULL,0,NULL,NULL,NULL,NULL,NULL,NULL,NULL,NULL,NULL,'QGC-16',NULL,'Team Newfoundland'),
(8481618,'20162017',33,43,31,74,NULL,NULL,NULL,NULL,NULL,NULL,14,NULL,NULL,NULL,NULL,NULL,NULL,NULL,NULL,NULL,'ETAHL U16',NULL,'York Simcoe Express U16 AAA'),
(8481618,'20172018',5,1,3,4,NULL,NULL,NULL,NULL,NULL,NULL,4,NULL,NULL,NULL,NULL,NULL,NULL,NULL,NULL,NULL,'WHC-17',NULL,'Canada Black U17'),
(8481618,'20172018',3,0,4,4,NULL,NULL,NULL,NULL,NULL,NULL,2,NULL,NULL,NULL,NULL,NULL,NULL,NULL,NULL,NULL,'U17-Dev',NULL,'Team Black'),
(8481618,'20172018',45,22,44,66,NULL,NULL,NULL,NULL,0,NULL,10,NULL,NULL,NULL,NULL,NULL,NULL,NULL,NULL,NULL,'BCHL',NULL,'Victoria Grizzlies'),
(8481618,'20182019',7,5,5,10,NULL,NULL,NULL,NULL,6,NULL,0,NULL,NULL,NULL,NULL,NULL,NULL,NULL,NULL,NULL,'WJC-18',NULL,'Canada U18'),
(8481618,'20182019',6,0,4,4,NULL,NULL,NULL,NULL,NULL,NULL,0,NULL,NULL,NULL,NULL,NULL,NULL,NULL,NULL,NULL,'WJAC-19',NULL,'Canada West U19'),
(8481618,'20182019',53,38,64,102,NULL,NULL,NULL,NULL,NULL,NULL,21,NULL,NULL,NULL,NULL,NULL,NULL,NULL,NULL,NULL,'BCHL',NULL,'Victoria Grizzlies'),
(8481618,'20192020',34,19,23,42,NULL,NULL,NULL,NULL,28,NULL,8,NULL,NULL,NULL,NULL,NULL,NULL,NULL,NULL,NULL,'NCAA',NULL,'Boston College'),
(8481618,'20202021',12,7,9,16,NULL,NULL,NULL,NULL,-1,NULL,8,NULL,NULL,NULL,NULL,NULL,NULL,NULL,NULL,NULL,'NCAA',NULL,'Boston College'),
(8481618,'20202021',6,3,3,6,NULL,NULL,NULL,NULL,8,NULL,2,NULL,NULL,NULL,NULL,NULL,NULL,NULL,NULL,NULL,'WJC-20',NULL,'Canada U20'),
(8481618,'20202021',6,0,3,3,8,3,82.0667,109,5,0,2,0,0,6.01667,0,0,0.966667,0,0,133,'National Hockey League',21,'Colorado Avalanche'),
(8481618,'20202021',8,5,4,9,NULL,NULL,NULL,NULL,-2,NULL,4,NULL,NULL,NULL,NULL,NULL,NULL,NULL,NULL,NULL,'AHL',NULL,'Colorado Eagles'),
(8481618,'20212022',71,13,20,33,113,40,963.067,1262,11,11.5,12,3,6,97.6833,0,0,6.05,5,0,133,'National Hockey League',21,'Colorado Avalanche'),
(8481618,'20212022',10,4,7,11,NULL,NULL,NULL,NULL,-1,NULL,2,NULL,NULL,NULL,NULL,NULL,NULL,NULL,NULL,NULL,'AHL',NULL,'Colorado Eagles'),
(8481618,'20222023',82,14,16,30,116,60,1144.15,1503,0,12.07,22,1,2,112.533,0,0,3.01667,3,0,133,'National Hockey League',21,'Colorado Avalanche'),
(8481618,'20232024',2,2,0,2,4,3,31.5333,39,1,50,2,0,0,3.18333,0,0,0,0,0,133,'National Hockey League',8,'Montréal Canadiens'),
(8482079,'20112012',2,0,1,1,NULL,NULL,NULL,NULL,NULL,NULL,0,NULL,NULL,NULL,NULL,NULL,NULL,NULL,NULL,NULL,'U15-Top',NULL,'Rheintal U15'),
(8482079,'20122013',7,7,5,12,NULL,NULL,NULL,NULL,NULL,NULL,2,NULL,NULL,NULL,NULL,NULL,NULL,NULL,NULL,NULL,'U15-Top',NULL,'Rheintal II U15'),
(8482079,'20122013',4,4,1,5,NULL,NULL,NULL,NULL,NULL,NULL,0,NULL,NULL,NULL,NULL,NULL,NULL,NULL,NULL,NULL,'U15-Elit',NULL,'Rheintal U15'),
(8482079,'20132014',21,7,10,17,NULL,NULL,NULL,NULL,NULL,NULL,8,NULL,NULL,NULL,NULL,NULL,NULL,NULL,NULL,NULL,'U15-Elit',NULL,'Rheintal U15'),
(8482079,'20142015',26,18,21,39,NULL,NULL,NULL,NULL,NULL,NULL,8,NULL,NULL,NULL,NULL,NULL,NULL,NULL,NULL,NULL,'U15-Elit',NULL,'GC/Küsnacht U15'),
(8482079,'20142015',9,4,6,10,NULL,NULL,NULL,NULL,NULL,NULL,0,NULL,NULL,NULL,NULL,NULL,NULL,NULL,NULL,NULL,'U17-Top',NULL,'GC/Küsnacht U17'),
(8482079,'20152016',15,28,24,52,NULL,NULL,NULL,NULL,NULL,NULL,8,NULL,NULL,NULL,NULL,NULL,NULL,NULL,NULL,NULL,'U15-Elit',NULL,'GC/Küsnacht U15'),
(8482079,'20152016',18,15,25,40,NULL,NULL,NULL,NULL,NULL,NULL,12,NULL,NULL,NULL,NULL,NULL,NULL,NULL,NULL,NULL,'U17-Top',NULL,'GC/Küsnacht U17'),
(8482079,'20152016',2,1,0,1,NULL,NULL,NULL,NULL,NULL,NULL,0,NULL,NULL,NULL,NULL,NULL,NULL,NULL,NULL,NULL,'U17-Elit',NULL,'ZSC U17'),
(8482079,'20162017',5,6,2,8,NULL,NULL,NULL,NULL,4,NULL,4,NULL,NULL,NULL,NULL,NULL,NULL,NULL,NULL,NULL,'WJC-18 D1B',NULL,'Austria U18'),
(8482079,'20162017',9,3,4,7,NULL,NULL,NULL,NULL,NULL,NULL,6,NULL,NULL,NULL,NULL,NULL,NULL,NULL,NULL,NULL,'U20-Elit',NULL,'GC/Küsnacht U20'),
(8482079,'20162017',29,28,23,51,NULL,NULL,NULL,NULL,NULL,NULL,12,NULL,NULL,NULL,NULL,NULL,NULL,NULL,NULL,NULL,'U17-Elit',NULL,'ZSC U17'),
(8482079,'20172018',5,4,3,7,NULL,NULL,NULL,NULL,2,NULL,4,NULL,NULL,NULL,NULL,NULL,NULL,NULL,NULL,NULL,'WJC-18 D1B',NULL,'Austria U18'),
(8482079,'20172018',5,3,2,5,NULL,NULL,NULL,NULL,3,NULL,8,NULL,NULL,NULL,NULL,NULL,NULL,NULL,NULL,NULL,'WJC-20 D1A',NULL,'Austria U20'),
(8482079,'20172018',18,4,3,7,NULL,NULL,NULL,NULL,-10,NULL,6,NULL,NULL,NULL,NULL,NULL,NULL,NULL,NULL,NULL,'SL',NULL,'GC/Küsnacht'),
(8482079,'20172018',34,22,29,51,NULL,NULL,NULL,NULL,NULL,NULL,30,NULL,NULL,NULL,NULL,NULL,NULL,NULL,NULL,NULL,'U20-Elit',NULL,'GC/Küsnacht U20'),
(8482079,'20182019',53,29,36,65,NULL,NULL,NULL,NULL,51,NULL,32,NULL,NULL,NULL,NULL,NULL,NULL,NULL,NULL,NULL,'OHL',NULL,'Ottawa 67\'s'),
(8482079,'20192020',56,39,81,120,NULL,NULL,NULL,NULL,69,NULL,40,NULL,NULL,NULL,NULL,NULL,NULL,NULL,NULL,NULL,'OHL',NULL,'Ottawa 67\'s'),
(8482079,'20202021',4,0,0,0,NULL,NULL,NULL,NULL,-6,NULL,2,NULL,NULL,NULL,NULL,NULL,NULL,NULL,NULL,NULL,'WJC-20',NULL,'Austria U20'),
(8482079,'20202021',1,0,1,1,NULL,NULL,NULL,NULL,0,NULL,0,NULL,NULL,NULL,NULL,NULL,NULL,NULL,NULL,NULL,'NL',NULL,'ZSC'),
(8482079,'20212022',3,0,1,1,NULL,NULL,NULL,NULL,3,NULL,2,NULL,NULL,NULL,NULL,NULL,NULL,NULL,NULL,NULL,'OGQ',NULL,'Austria'),
(8482079,'20212022',63,18,35,53,NULL,NULL,NULL,NULL,11,NULL,46,NULL,NULL,NULL,NULL,NULL,NULL,NULL,NULL,NULL,'AHL',NULL,'Iowa Wild'),
(8482079,'20212022',2,0,0,0,5,1,31.1667,43,-1,0,4,0,0,6.36667,0,0,0.283333,0,0,133,'National Hockey League',30,'Minnesota Wild'),
(8482079,'20222023',53,16,35,51,NULL,NULL,NULL,NULL,5,NULL,46,NULL,NULL,NULL,NULL,NULL,NULL,NULL,NULL,NULL,'AHL',NULL,'Iowa Wild'),
(8482079,'20222023',19,0,1,1,13,6,237.95,286,-7,0,8,0,0,23.5833,0,0,3.45,0,0,133,'National Hockey League',30,'Minnesota Wild'),
(8482079,'20232024',3,1,0,1,9,2,38.8,46,-1,11.11,0,0,0,7.41667,0,0,1.36667,0,0,133,'National Hockey League',30,'Minnesota Wild'),
(8482087,'20152016',35,3,21,24,NULL,NULL,NULL,NULL,NULL,NULL,18,NULL,NULL,NULL,NULL,NULL,NULL,NULL,NULL,NULL,'AEHL U15',NULL,'Sherwood Park Flyers U15 AAA'),
(8482087,'20162017',30,17,23,40,NULL,NULL,NULL,NULL,NULL,NULL,42,NULL,NULL,NULL,NULL,NULL,NULL,NULL,NULL,NULL,'CSSHL U15',NULL,'OHA Edmonton U15 Prep'),
(8482087,'20162017',4,0,0,0,NULL,NULL,NULL,NULL,NULL,NULL,0,NULL,NULL,NULL,NULL,NULL,NULL,NULL,NULL,NULL,'CSSHL U18',NULL,'OHA Edmonton U18 Prep'),
(8482087,'20172018',35,14,25,39,NULL,NULL,NULL,NULL,NULL,NULL,22,NULL,NULL,NULL,NULL,NULL,NULL,NULL,NULL,NULL,'CSSHL U18',NULL,'OHA Edmonton U18 Prep'),
(8482087,'20172018',8,0,1,1,NULL,NULL,NULL,NULL,0,NULL,4,NULL,NULL,NULL,NULL,NULL,NULL,NULL,NULL,NULL,'WHL',NULL,'Prince Albert Raiders'),
(8482087,'20182019',6,0,3,3,NULL,NULL,NULL,NULL,NULL,NULL,12,NULL,NULL,NULL,NULL,NULL,NULL,NULL,NULL,NULL,'WHC-17',NULL,'Canada Red U17'),
(8482087,'20182019',65,3,14,17,NULL,NULL,NULL,NULL,17,NULL,40,NULL,NULL,NULL,NULL,NULL,NULL,NULL,NULL,NULL,'WHL',NULL,'Prince Albert Raiders'),
(8482087,'20192020',5,0,1,1,NULL,NULL,NULL,NULL,6,NULL,12,NULL,NULL,NULL,NULL,NULL,NULL,NULL,NULL,NULL,'Hlinka Gretzky Cup',NULL,'Canada U18'),
(8482087,'20192020',64,11,29,40,NULL,NULL,NULL,NULL,23,NULL,56,NULL,NULL,NULL,NULL,NULL,NULL,NULL,NULL,NULL,'WHL',NULL,'Prince Albert Raiders'),
(8482087,'20202021',7,2,1,3,NULL,NULL,NULL,NULL,8,NULL,4,NULL,NULL,NULL,NULL,NULL,NULL,NULL,NULL,NULL,'WJC-20',NULL,'Canada U20'),
(8482087,'20202021',3,0,0,0,NULL,NULL,NULL,NULL,0,NULL,0,NULL,NULL,NULL,NULL,NULL,NULL,NULL,NULL,NULL,'AHL',NULL,'Laval Rocket'),
(8482087,'20202021',2,1,1,2,NULL,NULL,NULL,NULL,2,NULL,0,NULL,NULL,NULL,NULL,NULL,NULL,NULL,NULL,NULL,'WHL',NULL,'Prince Albert Raiders'),
(8482087,'20212022',25,5,20,25,NULL,NULL,NULL,NULL,22,NULL,29,NULL,NULL,NULL,NULL,NULL,NULL,NULL,NULL,NULL,'WHL',NULL,'Edmonton Oil Kings'),
(8482087,'20212022',17,2,13,15,NULL,NULL,NULL,NULL,0,NULL,28,NULL,NULL,NULL,NULL,NULL,NULL,NULL,NULL,NULL,'WHL',NULL,'Prince Albert Raiders'),
(8482087,'20222023',44,4,14,18,48,84,902.7,1053,-19,8.33,27,0,0,25.4333,0,0,93.4333,0,0,133,'National Hockey League',8,'Montréal Canadiens'),
(8482087,'20232024',3,0,1,1,7,5,46.7667,61,4,0,4,0,0,0.55,0,0,9.35,0,0,133,'National Hockey League',8,'Montréal Canadiens'),
(8482110,'20142015',5,2,2,4,NULL,NULL,NULL,NULL,NULL,NULL,2,NULL,NULL,NULL,NULL,NULL,NULL,NULL,NULL,NULL,'ACC-U14',NULL,'Team Newfoundland U14 (ACC)'),
(8482110,'20142015',28,20,23,43,NULL,NULL,NULL,NULL,NULL,NULL,30,NULL,NULL,NULL,NULL,NULL,NULL,NULL,NULL,NULL,'NLBAAAHL',NULL,'Tri Pen Ice'),
(8482110,'20152016',5,2,3,5,NULL,NULL,NULL,NULL,NULL,NULL,0,NULL,NULL,NULL,NULL,NULL,NULL,NULL,NULL,NULL,'ACC-U15',NULL,'Team Newfoundland U15 (ACC)'),
(8482110,'20152016',24,42,26,68,NULL,NULL,NULL,NULL,NULL,NULL,41,NULL,NULL,NULL,NULL,NULL,NULL,NULL,NULL,NULL,'NLAAAHL U15',NULL,'Tri Pen Ice U15 AAA'),
(8482110,'20162017',4,0,0,0,NULL,NULL,NULL,NULL,NULL,NULL,0,NULL,NULL,NULL,NULL,NULL,NULL,NULL,NULL,NULL,'PSHF U16',NULL,'Bishop\'s College School Prep U16'),
(8482110,'20162017',11,6,6,12,NULL,NULL,NULL,NULL,NULL,NULL,0,NULL,NULL,NULL,NULL,NULL,NULL,NULL,NULL,NULL,'PSHF U18',NULL,'Bishop\'s College School Varsity'),
(8482110,'20162017',5,4,9,13,NULL,NULL,NULL,NULL,NULL,NULL,0,NULL,NULL,NULL,NULL,NULL,NULL,NULL,NULL,NULL,'QGC-16',NULL,'Team Newfoundland'),
(8482110,'20172018',5,2,0,2,NULL,NULL,NULL,NULL,NULL,NULL,0,NULL,NULL,NULL,NULL,NULL,NULL,NULL,NULL,NULL,'WHC-17',NULL,'Canada Black U17'),
(8482110,'20172018',61,11,15,26,NULL,NULL,NULL,NULL,8,NULL,25,NULL,NULL,NULL,NULL,NULL,NULL,NULL,NULL,NULL,'QMJHL',NULL,'Drummondville Voltigeurs'),
(8482110,'20172018',3,1,0,1,NULL,NULL,NULL,NULL,NULL,NULL,0,NULL,NULL,NULL,NULL,NULL,NULL,NULL,NULL,NULL,'U17-Dev',NULL,'Team Blue'),
(8482110,'20182019',68,30,34,64,NULL,NULL,NULL,NULL,31,NULL,50,NULL,NULL,NULL,NULL,NULL,NULL,NULL,NULL,NULL,'QMJHL',NULL,'Drummondville Voltigeurs'),
(8482110,'20192020',7,0,0,0,NULL,NULL,NULL,NULL,-1,NULL,0,NULL,NULL,NULL,NULL,NULL,NULL,NULL,NULL,NULL,'WJC-20',NULL,'Canada U20'),
(8482110,'20192020',16,6,12,18,NULL,NULL,NULL,NULL,2,NULL,4,NULL,NULL,NULL,NULL,NULL,NULL,NULL,NULL,NULL,'QMJHL',NULL,'Chicoutimi Saguenéens'),
(8482110,'20192020',26,18,24,42,NULL,NULL,NULL,NULL,3,NULL,21,NULL,NULL,NULL,NULL,NULL,NULL,NULL,NULL,NULL,'QMJHL',NULL,'Drummondville Voltigeurs'),
(8482110,'20202021',7,2,4,6,NULL,NULL,NULL,NULL,7,NULL,2,NULL,NULL,NULL,NULL,NULL,NULL,NULL,NULL,NULL,'WJC-20',NULL,'Canada U20'),
(8482110,'20202021',23,19,17,36,NULL,NULL,NULL,NULL,15,NULL,6,NULL,NULL,NULL,NULL,NULL,NULL,NULL,NULL,NULL,'QMJHL',NULL,'Chicoutimi Saguenéens'),
(8482110,'20212022',10,0,5,5,NULL,NULL,NULL,NULL,5,NULL,0,NULL,NULL,NULL,NULL,NULL,NULL,NULL,NULL,NULL,'WC',NULL,'Canada'),
(8482110,'20212022',82,17,25,42,154,26,1356.38,1766,-25,11,28,2,5,154.533,1,2,24.65,2,0,133,'National Hockey League',1,'New Jersey Devils'),
(8482110,'20222023',82,27,29,56,161,36,1357.95,1741,22,16.77,14,2,10,108.1,1,2,106.65,6,1,133,'National Hockey League',1,'New Jersey Devils'),
(8482110,'20232024',8,0,0,0,6,1,134.217,173,1,0,2,0,0,12.3667,0,0,14.55,0,0,133,'National Hockey League',1,'New Jersey Devils'),
(8482111,'20122013',2,0,0,0,NULL,NULL,NULL,NULL,NULL,NULL,0,NULL,NULL,NULL,NULL,NULL,NULL,NULL,NULL,NULL,'QC Int PW',NULL,'Halifax Jr. Mooseheads'),
(8482111,'20132014',2,0,0,0,NULL,NULL,NULL,NULL,NULL,NULL,0,NULL,NULL,NULL,NULL,NULL,NULL,NULL,NULL,NULL,'QC Int PW',NULL,'Halifax Jr. Mooseheads'),
(8482111,'20142015',27,1,7,8,NULL,NULL,NULL,NULL,NULL,NULL,8,NULL,NULL,NULL,NULL,NULL,NULL,NULL,NULL,NULL,'NSU15MHL',NULL,'Halifax ACCEL Physio U15'),
(8482111,'20142015',5,0,2,2,NULL,NULL,NULL,NULL,NULL,NULL,4,NULL,NULL,NULL,NULL,NULL,NULL,NULL,NULL,NULL,'ACC-U14',NULL,'Team Nova Scotia U14 (ACC)'),
(8482111,'20152016',31,8,10,18,NULL,NULL,NULL,NULL,NULL,NULL,26,NULL,NULL,NULL,NULL,NULL,NULL,NULL,NULL,NULL,'NSU15MHL',NULL,'Halifax ACCEL Physio U15'),
(8482111,'20152016',5,1,1,2,NULL,NULL,NULL,NULL,NULL,NULL,2,NULL,NULL,NULL,NULL,NULL,NULL,NULL,NULL,NULL,'ACC-U15',NULL,'Team Nova Scotia U15 (ACC)'),
(8482111,'20162017',38,6,19,25,NULL,NULL,NULL,NULL,NULL,NULL,2,NULL,NULL,NULL,NULL,NULL,NULL,NULL,NULL,NULL,'NSU18MHL',NULL,'Halifax McDonald\'s U18'),
(8482111,'20162017',5,0,2,2,NULL,NULL,NULL,NULL,NULL,NULL,0,NULL,NULL,NULL,NULL,NULL,NULL,NULL,NULL,NULL,'QGC-16',NULL,'Team Nova Scotia'),
(8482111,'20172018',6,0,1,1,NULL,NULL,NULL,NULL,NULL,NULL,2,NULL,NULL,NULL,NULL,NULL,NULL,NULL,NULL,NULL,'WHC-17',NULL,'Canada Red U17'),
(8482111,'20172018',51,2,19,21,NULL,NULL,NULL,NULL,18,NULL,8,NULL,NULL,NULL,NULL,NULL,NULL,NULL,NULL,NULL,'QMJHL',NULL,'Halifax Mooseheads'),
(8482111,'20172018',3,0,0,0,NULL,NULL,NULL,NULL,NULL,NULL,3,NULL,NULL,NULL,NULL,NULL,NULL,NULL,NULL,NULL,'U17-Dev',NULL,'Team Green'),
(8482111,'20182019',5,0,5,5,NULL,NULL,NULL,NULL,NULL,NULL,0,NULL,NULL,NULL,NULL,NULL,NULL,NULL,NULL,NULL,'Hlinka Gretzky Cup',NULL,'Canada U18'),
(8482111,'20182019',68,9,32,41,NULL,NULL,NULL,NULL,42,NULL,34,NULL,NULL,NULL,NULL,NULL,NULL,NULL,NULL,NULL,'QMJHL',NULL,'Halifax Mooseheads'),
(8482111,'20192020',34,4,15,19,NULL,NULL,NULL,NULL,-19,NULL,6,NULL,NULL,NULL,NULL,NULL,NULL,NULL,NULL,NULL,'QMJHL',NULL,'Halifax Mooseheads'),
(8482111,'20202021',7,0,2,2,NULL,NULL,NULL,NULL,5,NULL,0,NULL,NULL,NULL,NULL,NULL,NULL,NULL,NULL,NULL,'WJC-20',NULL,'Canada U20'),
(8482111,'20202021',7,1,3,4,NULL,NULL,NULL,NULL,2,NULL,4,NULL,NULL,NULL,NULL,NULL,NULL,NULL,NULL,NULL,'AHL',NULL,'Colorado Eagles'),
(8482111,'20202021',33,8,23,31,NULL,NULL,NULL,NULL,0,NULL,40,NULL,NULL,NULL,NULL,NULL,NULL,NULL,NULL,NULL,'QMJHL',NULL,'Halifax Mooseheads'),
(8482111,'20212022',2,0,0,0,0,1,25.1667,40,-1,0,0,0,0,0,0,0,1.65,0,0,133,'National Hockey League',21,'Colorado Avalanche'),
(8482111,'20212022',43,5,15,20,NULL,NULL,NULL,NULL,10,NULL,8,NULL,NULL,NULL,NULL,NULL,NULL,NULL,NULL,NULL,'AHL',NULL,'Colorado Eagles'),
(8482111,'20212022',5,1,1,2,13,4,95.0833,119,-2,7.7,0,0,0,6.25,0,0,4.51667,0,0,133,'National Hockey League',8,'Montréal Canadiens'),
(8482111,'20222023',25,7,9,16,NULL,NULL,NULL,NULL,-3,NULL,6,NULL,NULL,NULL,NULL,NULL,NULL,NULL,NULL,NULL,'AHL',NULL,'Laval Rocket'),
(8482111,'20222023',39,4,11,15,40,49,635.833,760,-2,10,20,1,2,37.5667,1,1,20.35,1,0,133,'National Hockey League',8,'Montréal Canadiens'),
(8482117,'20152016',28,13,7,20,NULL,NULL,NULL,NULL,NULL,NULL,4,NULL,NULL,NULL,NULL,NULL,NULL,NULL,NULL,NULL,'Sch\Z\Zler-BL',NULL,'Starbulls Rosenheim U16'),
(8482117,'20162017',36,35,37,72,NULL,NULL,NULL,NULL,NULL,NULL,10,NULL,NULL,NULL,NULL,NULL,NULL,NULL,NULL,NULL,'Sch\Z\Zler-BL',NULL,'Starbulls Rosenheim U16'),
(8482117,'20172018',23,47,39,86,NULL,NULL,NULL,NULL,51,NULL,6,NULL,NULL,NULL,NULL,NULL,NULL,NULL,NULL,NULL,'Sch\Z\Zler-BL',NULL,'Starbulls Rosenheim U16'),
(8482117,'20172018',18,13,16,29,NULL,NULL,NULL,NULL,NULL,NULL,4,NULL,NULL,NULL,NULL,NULL,NULL,NULL,NULL,NULL,'DNL',NULL,'Starbulls Rosenheim U19'),
(8482117,'20182019',4,3,3,6,NULL,NULL,NULL,NULL,NULL,NULL,0,NULL,NULL,NULL,NULL,NULL,NULL,NULL,NULL,NULL,'Germany U17',NULL,'Eisb\Z§ren Juniors Berlin U17'),
(8482117,'20182019',32,11,31,42,NULL,NULL,NULL,NULL,NULL,NULL,4,NULL,NULL,NULL,NULL,NULL,NULL,NULL,NULL,NULL,'DNL U20',NULL,'Eisb\Z§ren Juniors Berlin U20'),
(8482117,'20182019',4,3,3,6,NULL,NULL,NULL,NULL,NULL,NULL,0,NULL,NULL,NULL,NULL,NULL,NULL,NULL,NULL,NULL,'Germany U17',NULL,'Eisbären Juniors Berlin U17'),
(8482117,'20182019',32,11,31,42,NULL,NULL,NULL,NULL,NULL,NULL,4,NULL,NULL,NULL,NULL,NULL,NULL,NULL,NULL,NULL,'DNL U20',NULL,'Eisbären Juniors Berlin U20'),
(8482117,'20182019',5,3,2,5,NULL,NULL,NULL,NULL,4,NULL,0,NULL,NULL,NULL,NULL,NULL,NULL,NULL,NULL,NULL,'WJC-18 D1A',NULL,'Germany U18'),
(8482117,'20192020',42,12,12,24,NULL,NULL,NULL,NULL,-2,NULL,0,NULL,NULL,NULL,NULL,NULL,NULL,NULL,NULL,NULL,'DEL',NULL,'Eisb\Z§ren Berlin'),
(8482117,'20192020',42,12,12,24,NULL,NULL,NULL,NULL,-2,NULL,0,NULL,NULL,NULL,NULL,NULL,NULL,NULL,NULL,NULL,'DEL',NULL,'Eisbären Berlin'),
(8482117,'20192020',7,3,2,5,NULL,NULL,NULL,NULL,0,NULL,0,NULL,NULL,NULL,NULL,NULL,NULL,NULL,NULL,NULL,'WJC-20',NULL,'Germany U20'),
(8482117,'20202021',38,10,17,27,NULL,NULL,NULL,NULL,10,NULL,6,NULL,NULL,NULL,NULL,NULL,NULL,NULL,NULL,NULL,'DEL',NULL,'Eisb\Z§ren Berlin'),
(8482117,'20202021',38,10,17,27,NULL,NULL,NULL,NULL,10,NULL,6,NULL,NULL,NULL,NULL,NULL,NULL,NULL,NULL,NULL,'DEL',NULL,'Eisbären Berlin'),
(8482117,'20202021',9,2,4,6,NULL,NULL,NULL,NULL,5,NULL,0,NULL,NULL,NULL,NULL,NULL,NULL,NULL,NULL,NULL,'WC',NULL,'Germany'),
(8482117,'20212022',11,0,1,1,15,0,145.15,191,-8,0,0,0,0,16.7,0,0,0,0,0,133,'National Hockey League',16,'Chicago Blackhawks'),
(8482117,'20212022',4,2,3,5,NULL,NULL,NULL,NULL,0,NULL,0,NULL,NULL,NULL,NULL,NULL,NULL,NULL,NULL,NULL,'WC',NULL,'Germany'),
(8482117,'20212022',56,21,36,57,NULL,NULL,NULL,NULL,-5,NULL,6,NULL,NULL,NULL,NULL,NULL,NULL,NULL,NULL,NULL,'AHL',NULL,'Rockford IceHogs'),
(8482117,'20222023',23,7,8,15,42,7,376.433,424,-8,16.67,6,0,3,52.7333,0,0,0.05,0,0,133,'National Hockey League',16,'Chicago Blackhawks'),
(8482117,'20222023',55,20,31,51,NULL,NULL,NULL,NULL,-10,NULL,12,NULL,NULL,NULL,NULL,NULL,NULL,NULL,NULL,NULL,'AHL',NULL,'Rockford IceHogs'),
(8482117,'20232024',7,0,0,0,18,1,102.783,121,-7,0,2,0,0,17.5,0,0,1.58333,0,0,133,'National Hockey League',16,'Chicago Blackhawks'),
(8482122,'20162017',14,1,2,3,NULL,NULL,NULL,NULL,NULL,NULL,NULL,NULL,NULL,NULL,NULL,NULL,NULL,NULL,NULL,NULL,'MNBEL 14U',NULL,'MN Blackhawks 14U AAA'),
(8482122,'20172018',4,0,6,6,NULL,NULL,NULL,NULL,NULL,NULL,0,NULL,NULL,NULL,NULL,NULL,NULL,NULL,NULL,NULL,'NAPHL 15U',NULL,'Minnesota Blades 15U AAA'),
(8482122,'20172018',14,5,11,16,NULL,NULL,NULL,NULL,NULL,NULL,NULL,NULL,NULL,NULL,NULL,NULL,NULL,NULL,NULL,NULL,'MNBEL 14U',NULL,'MN Kings 15U AAA'),
(8482122,'20172018',3,0,1,1,NULL,NULL,NULL,NULL,NULL,NULL,NULL,NULL,NULL,NULL,NULL,NULL,NULL,NULL,NULL,NULL,'USA-S15',NULL,'Team Royal'),
(8482122,'20182019',56,3,12,15,NULL,NULL,NULL,NULL,NULL,NULL,14,NULL,NULL,NULL,NULL,NULL,NULL,NULL,NULL,NULL,'USDP',NULL,'U.S. National U17 Team'),
(8482122,'20182019',1,0,0,0,NULL,NULL,NULL,NULL,NULL,NULL,2,NULL,NULL,NULL,NULL,NULL,NULL,NULL,NULL,NULL,'USDP',NULL,'U.S. National U18 Team'),
(8482122,'20182019',5,0,2,2,NULL,NULL,NULL,NULL,NULL,NULL,4,NULL,NULL,NULL,NULL,NULL,NULL,NULL,NULL,NULL,'WHC-17',NULL,'USA U17'),
(8482122,'20182019',35,3,7,10,NULL,NULL,NULL,NULL,-11,NULL,8,NULL,NULL,NULL,NULL,NULL,NULL,NULL,NULL,NULL,'USHL',NULL,'USNTDP Juniors'),
(8482122,'20192020',46,3,9,12,NULL,NULL,NULL,NULL,NULL,NULL,16,NULL,NULL,NULL,NULL,NULL,NULL,NULL,NULL,NULL,'USDP',NULL,'U.S. National U18 Team'),
(8482122,'20192020',19,1,8,9,NULL,NULL,NULL,NULL,10,NULL,8,NULL,NULL,NULL,NULL,NULL,NULL,NULL,NULL,NULL,'USHL',NULL,'USNTDP Juniors'),
(8482122,'20202021',27,1,11,12,NULL,NULL,NULL,NULL,17,NULL,14,NULL,NULL,NULL,NULL,NULL,NULL,NULL,NULL,NULL,'NCAA',NULL,'Univ. of Minnesota'),
(8482122,'20202021',7,0,5,5,NULL,NULL,NULL,NULL,8,NULL,0,NULL,NULL,NULL,NULL,NULL,NULL,NULL,NULL,NULL,'WJC-20',NULL,'USA U20'),
(8482122,'20212022',32,2,12,14,NULL,NULL,NULL,NULL,8,NULL,12,NULL,NULL,NULL,NULL,NULL,NULL,NULL,NULL,NULL,'NCAA',NULL,'Univ. of Minnesota'),
(8482122,'20212022',4,0,1,1,NULL,NULL,NULL,NULL,2,NULL,2,NULL,NULL,NULL,NULL,NULL,NULL,NULL,NULL,NULL,'OG',NULL,'USA'),
(8482122,'20212022',5,1,1,2,NULL,NULL,NULL,NULL,10,NULL,0,NULL,NULL,NULL,NULL,NULL,NULL,NULL,NULL,NULL,'WJC-20',NULL,'USA U20'),
(8482122,'20222023',2,0,0,0,1,0,40.1333,45,2,0,0,0,0,0,0,0,4.28333,0,0,133,'National Hockey League',30,'Minnesota Wild'),
(8482122,'20222023',38,4,23,27,NULL,NULL,NULL,NULL,29,NULL,12,NULL,NULL,NULL,NULL,NULL,NULL,NULL,NULL,NULL,'NCAA',NULL,'Univ. of Minnesota'),
(8482122,'20232024',3,1,1,2,3,3,69.3,73,4,33.33,2,0,0,0.716667,0,0,8.78333,1,0,133,'National Hockey League',30,'Minnesota Wild'),
(8482125,'20142015',4,1,1,2,NULL,NULL,NULL,NULL,NULL,NULL,0,NULL,NULL,NULL,NULL,NULL,NULL,NULL,NULL,NULL,'U16 Div.1',NULL,'Nacka/FoC Farsta U16'),
(8482125,'20142015',9,9,6,15,NULL,NULL,NULL,NULL,NULL,NULL,4,NULL,NULL,NULL,NULL,NULL,NULL,NULL,NULL,NULL,'WSI U13',NULL,'Sweden Selects U13'),
(8482125,'20152016',10,5,8,13,NULL,NULL,NULL,NULL,NULL,NULL,4,NULL,NULL,NULL,NULL,NULL,NULL,NULL,NULL,NULL,'U16 Div.1',NULL,'Nacka HK U16'),
(8482125,'20152016',8,7,11,18,NULL,NULL,NULL,NULL,NULL,NULL,0,NULL,NULL,NULL,NULL,NULL,NULL,NULL,NULL,NULL,'WSI U14',NULL,'Sweden Selects U14'),
(8482125,'20162017',13,12,10,22,NULL,NULL,NULL,NULL,9,NULL,0,NULL,NULL,NULL,NULL,NULL,NULL,NULL,NULL,NULL,'J18 Nationell',NULL,'Nacka HK J18'),
(8482125,'20162017',4,6,2,8,NULL,NULL,NULL,NULL,NULL,NULL,4,NULL,NULL,NULL,NULL,NULL,NULL,NULL,NULL,NULL,'U16 SM',NULL,'Nacka HK U16'),
(8482125,'20162017',6,11,4,15,NULL,NULL,NULL,NULL,NULL,NULL,2,NULL,NULL,NULL,NULL,NULL,NULL,NULL,NULL,NULL,'WSI U15',NULL,'Sweden Selects U15'),
(8482125,'20172018',13,18,11,29,NULL,NULL,NULL,NULL,22,NULL,4,NULL,NULL,NULL,NULL,NULL,NULL,NULL,NULL,NULL,'J18 Nationell',NULL,'Djurgårdens IF J18'),
(8482125,'20172018',11,4,4,8,NULL,NULL,NULL,NULL,6,NULL,2,NULL,NULL,NULL,NULL,NULL,NULL,NULL,NULL,NULL,'J20 Nationell',NULL,'Djurgårdens IF J20'),
(8482125,'20172018',5,14,4,18,NULL,NULL,NULL,NULL,NULL,NULL,0,NULL,NULL,NULL,NULL,NULL,NULL,NULL,NULL,NULL,'U16 SM',NULL,'Djurgårdens IF U16'),
(8482125,'20172018',6,6,4,10,NULL,NULL,NULL,NULL,NULL,NULL,0,NULL,NULL,NULL,NULL,NULL,NULL,NULL,NULL,NULL,'TV-Pucken',NULL,'Stockholm Syd'),
(8482125,'20182019',3,0,0,0,NULL,NULL,NULL,NULL,0,NULL,0,NULL,NULL,NULL,NULL,NULL,NULL,NULL,NULL,NULL,'SHL',NULL,'Djurgårdens IF'),
(8482125,'20182019',38,30,17,47,NULL,NULL,NULL,NULL,19,NULL,12,NULL,NULL,NULL,NULL,NULL,NULL,NULL,NULL,NULL,'J20 Nationell',NULL,'Djurgårdens IF J20'),
(8482125,'20182019',6,4,4,8,NULL,NULL,NULL,NULL,NULL,NULL,4,NULL,NULL,NULL,NULL,NULL,NULL,NULL,NULL,NULL,'WHC-17',NULL,'Sweden U17'),
(8482125,'20182019',5,2,5,7,NULL,NULL,NULL,NULL,NULL,NULL,0,NULL,NULL,NULL,NULL,NULL,NULL,NULL,NULL,NULL,'Hlinka Gretzky Cup',NULL,'Sweden U18'),
(8482125,'20192020',35,9,7,16,NULL,NULL,NULL,NULL,-1,NULL,12,NULL,NULL,NULL,NULL,NULL,NULL,NULL,NULL,NULL,'SHL',NULL,'Djurgårdens IF'),
(8482125,'20192020',3,7,2,9,NULL,NULL,NULL,NULL,6,NULL,2,NULL,NULL,NULL,NULL,NULL,NULL,NULL,NULL,NULL,'J20 Nationell',NULL,'Djurgårdens IF J20'),
(8482125,'20192020',7,3,2,5,NULL,NULL,NULL,NULL,0,NULL,2,NULL,NULL,NULL,NULL,NULL,NULL,NULL,NULL,NULL,'WJC-20',NULL,'Sweden U20'),
(8482125,'20202021',10,1,2,3,NULL,NULL,NULL,NULL,-5,NULL,0,NULL,NULL,NULL,NULL,NULL,NULL,NULL,NULL,NULL,'AHL',NULL,'Binghamton Devils'),
(8482125,'20202021',40,7,11,18,NULL,NULL,NULL,NULL,-7,NULL,4,NULL,NULL,NULL,NULL,NULL,NULL,NULL,NULL,NULL,'SHL',NULL,'Djurgårdens IF'),
(8482125,'20202021',5,1,2,3,NULL,NULL,NULL,NULL,0,NULL,6,NULL,NULL,NULL,NULL,NULL,NULL,NULL,NULL,NULL,'WJC-20',NULL,'Sweden U20'),
(8482125,'20212022',9,0,2,2,12,5,110.433,156,-5,0,2,0,1,20.1,0,0,0.0333333,0,0,133,'National Hockey League',1,'New Jersey Devils'),
(8482125,'20212022',52,26,25,51,NULL,NULL,NULL,NULL,-3,NULL,10,NULL,NULL,NULL,NULL,NULL,NULL,NULL,NULL,NULL,'AHL',NULL,'Utica Comets'),
(8482125,'20222023',19,3,1,4,21,6,195.15,249,-6,14.29,8,2,2,31.55,0,0,0,0,0,133,'National Hockey League',1,'New Jersey Devils'),
(8482125,'20222023',14,6,5,11,NULL,NULL,NULL,NULL,-5,NULL,4,NULL,NULL,NULL,NULL,NULL,NULL,NULL,NULL,NULL,'AHL',NULL,'Utica Comets'),
(8482125,'20232024',8,2,1,3,13,2,82.3833,116,-4,15.38,0,0,0,11.1,0,0,0,0,0,133,'National Hockey League',1,'New Jersey Devils'),
(8482684,'20122013',6,2,0,2,NULL,NULL,NULL,NULL,NULL,NULL,2,NULL,NULL,NULL,NULL,NULL,NULL,NULL,NULL,NULL,'Brick Invitational',NULL,'Toronto Bulldogs'),
(8482684,'20182019',71,22,61,83,NULL,NULL,NULL,NULL,NULL,NULL,NULL,NULL,NULL,NULL,NULL,NULL,NULL,NULL,NULL,NULL,'15U AAA',NULL,'Little Caesars 15U AAA'),
(8482684,'20182019',4,0,3,3,NULL,NULL,NULL,NULL,NULL,NULL,NULL,NULL,NULL,NULL,NULL,NULL,NULL,NULL,NULL,NULL,'USA-S15',NULL,'Team Kelly'),
(8482684,'20192020',48,7,21,28,NULL,NULL,NULL,NULL,NULL,NULL,10,NULL,NULL,NULL,NULL,NULL,NULL,NULL,NULL,NULL,'USDP',NULL,'U.S. National U17 Team'),
(8482684,'20192020',6,1,3,4,NULL,NULL,NULL,NULL,NULL,NULL,0,NULL,NULL,NULL,NULL,NULL,NULL,NULL,NULL,NULL,'WHC-17',NULL,'USA U17'),
(8482684,'20192020',28,4,9,13,NULL,NULL,NULL,NULL,-14,NULL,6,NULL,NULL,NULL,NULL,NULL,NULL,NULL,NULL,NULL,'USHL',NULL,'USNTDP Juniors'),
(8482684,'20202021',38,6,28,34,NULL,NULL,NULL,NULL,11,NULL,14,NULL,NULL,NULL,NULL,NULL,NULL,NULL,NULL,NULL,'USDP',NULL,'U.S. National U18 Team'),
(8482684,'20202021',18,4,11,15,NULL,NULL,NULL,NULL,5,NULL,8,NULL,NULL,NULL,NULL,NULL,NULL,NULL,NULL,NULL,'USHL',NULL,'USNTDP Juniors'),
(8482684,'20212022',41,17,22,39,NULL,NULL,NULL,NULL,26,NULL,10,NULL,NULL,NULL,NULL,NULL,NULL,NULL,NULL,NULL,'NCAA',NULL,'Univ. of Michigan'),
(8482684,'20212022',10,1,3,4,NULL,NULL,NULL,NULL,0,NULL,0,NULL,NULL,NULL,NULL,NULL,NULL,NULL,NULL,NULL,'WC',NULL,'USA'),
(8482684,'20212022',5,1,5,6,NULL,NULL,NULL,NULL,7,NULL,0,NULL,NULL,NULL,NULL,NULL,NULL,NULL,NULL,NULL,'WJC-20',NULL,'USA U20'),
(8482684,'20222023',2,1,1,2,2,1,32.4667,40,0,50,0,0,0,0.183333,0,0,0,1,1,133,'National Hockey League',1,'New Jersey Devils'),
(8482684,'20222023',39,10,38,48,NULL,NULL,NULL,NULL,24,NULL,26,NULL,NULL,NULL,NULL,NULL,NULL,NULL,NULL,NULL,'NCAA',NULL,'Univ. of Michigan'),
(8482684,'20222023',7,4,1,5,NULL,NULL,NULL,NULL,3,NULL,2,NULL,NULL,NULL,NULL,NULL,NULL,NULL,NULL,NULL,'WJC-20',NULL,'USA U20'),
(8482684,'20232024',8,1,5,6,14,1,157.2,187,0,7.14,2,1,4,30.6833,0,0,0.1,0,0,133,'National Hockey League',1,'New Jersey Devils'),
(8482730,'20122013',6,0,0,0,NULL,NULL,NULL,NULL,NULL,NULL,2,NULL,NULL,NULL,NULL,NULL,NULL,NULL,NULL,NULL,'Brick Invitational',NULL,'Toronto Pro Hockey'),
(8482730,'20142015',1,1,0,1,NULL,NULL,NULL,NULL,NULL,NULL,0,NULL,NULL,NULL,NULL,NULL,NULL,NULL,NULL,NULL,'HEO U14 AA',NULL,'Nepean Raiders U14 AA'),
(8482730,'20152016',9,1,6,7,NULL,NULL,NULL,NULL,NULL,NULL,10,NULL,NULL,NULL,NULL,NULL,NULL,NULL,NULL,NULL,'WSI U13',NULL,'East Coast Selects Q U13'),
(8482730,'20152016',3,0,0,0,NULL,NULL,NULL,NULL,NULL,NULL,6,NULL,NULL,NULL,NULL,NULL,NULL,NULL,NULL,NULL,'HEO U14',NULL,'Ottawa Myers Automotive U14 AAA'),
(8482730,'20162017',6,3,3,6,NULL,NULL,NULL,NULL,NULL,NULL,2,NULL,NULL,NULL,NULL,NULL,NULL,NULL,NULL,NULL,'WSI U14',NULL,'East Coast Selects Q U14'),
(8482730,'20172018',6,1,3,4,NULL,NULL,NULL,NULL,NULL,NULL,0,NULL,NULL,NULL,NULL,NULL,NULL,NULL,NULL,NULL,'WSI U15',NULL,'East Coast Selects Q U15'),
(8482730,'20182019',33,19,35,54,NULL,NULL,NULL,NULL,NULL,NULL,22,NULL,NULL,NULL,NULL,NULL,NULL,NULL,NULL,NULL,'GTHL U16',NULL,'Don Mills Flyers U16 AAA'),
(8482730,'20182019',4,3,5,8,NULL,NULL,NULL,NULL,NULL,NULL,6,NULL,NULL,NULL,NULL,NULL,NULL,NULL,NULL,NULL,'OGC-16',NULL,'Team GTHL Red'),
(8482730,'20182019',6,2,6,8,NULL,NULL,NULL,NULL,NULL,NULL,10,NULL,NULL,NULL,NULL,NULL,NULL,NULL,NULL,NULL,'CWG',NULL,'Team Ontario'),
(8482730,'20192020',57,6,32,38,NULL,NULL,NULL,NULL,-6,NULL,38,NULL,NULL,NULL,NULL,NULL,NULL,NULL,NULL,NULL,'OHL',NULL,'Barrie Colts'),
(8482730,'20192020',5,1,5,6,NULL,NULL,NULL,NULL,NULL,NULL,2,NULL,NULL,NULL,NULL,NULL,NULL,NULL,NULL,NULL,'WHC-17',NULL,'Canada Black U17'),
(8482730,'20202021',7,2,5,7,NULL,NULL,NULL,NULL,12,NULL,0,NULL,NULL,NULL,NULL,NULL,NULL,NULL,NULL,NULL,'WJC-18',NULL,'Canada U18'),
(8482730,'20202021',26,5,10,15,NULL,NULL,NULL,NULL,6,NULL,41,NULL,NULL,NULL,NULL,NULL,NULL,NULL,NULL,NULL,'Slovakia',NULL,'HC Nove Zamky'),
(8482730,'20212022',55,11,48,59,NULL,NULL,NULL,NULL,11,NULL,29,NULL,NULL,NULL,NULL,NULL,NULL,NULL,NULL,NULL,'OHL',NULL,'Barrie Colts'),
(8482730,'20222023',31,23,38,61,NULL,NULL,NULL,NULL,40,NULL,28,NULL,NULL,NULL,NULL,NULL,NULL,NULL,NULL,NULL,'OHL',NULL,'Barrie Colts'),
(8482730,'20222023',7,2,6,8,NULL,NULL,NULL,NULL,5,NULL,6,NULL,NULL,NULL,NULL,NULL,NULL,NULL,NULL,NULL,'WJC-20',NULL,'Canada U20'),
(8482730,'20222023',9,0,2,2,11,3,122.783,151,-1,0,6,0,1,5.58333,0,0,3.91667,0,0,133,'National Hockey League',26,'Los Angeles Kings'),
(8482730,'20222023',5,1,1,2,NULL,NULL,NULL,NULL,-3,NULL,2,NULL,NULL,NULL,NULL,NULL,NULL,NULL,NULL,NULL,'AHL',NULL,'Ontario Reign'),
(8482745,'20162017',27,27,20,47,NULL,NULL,NULL,NULL,NULL,NULL,32,NULL,NULL,NULL,NULL,NULL,NULL,NULL,NULL,NULL,'HEO U14',NULL,'Ottawa Valley Titans U14 AAA'),
(8482745,'20162017',5,3,1,4,NULL,NULL,NULL,NULL,NULL,NULL,6,NULL,NULL,NULL,NULL,NULL,NULL,NULL,NULL,NULL,'HEO U15',NULL,'Ottawa Valley Titans U15 AAA'),
(8482745,'20172018',30,49,34,83,NULL,NULL,NULL,NULL,NULL,NULL,40,NULL,NULL,NULL,NULL,NULL,NULL,NULL,NULL,NULL,'HEO U15',NULL,'Ottawa Valley Titans U15 AAA'),
(8482745,'20172018',4,2,3,5,NULL,NULL,NULL,NULL,NULL,NULL,2,NULL,NULL,NULL,NULL,NULL,NULL,NULL,NULL,NULL,'HEO U18',NULL,'Pembroke Lumber Kings U18 AAA'),
(8482745,'20182019',5,3,4,7,NULL,NULL,NULL,NULL,NULL,NULL,6,NULL,NULL,NULL,NULL,NULL,NULL,NULL,NULL,NULL,'CCHL',NULL,'Pembroke Lumber Kings'),
(8482745,'20182019',4,5,3,8,NULL,NULL,NULL,NULL,NULL,NULL,4,NULL,NULL,NULL,NULL,NULL,NULL,NULL,NULL,NULL,'TCQ-O',NULL,'Pembroke Lumber Kings U18 AAA'),
(8482745,'20182019',4,1,0,1,NULL,NULL,NULL,NULL,NULL,NULL,6,NULL,NULL,NULL,NULL,NULL,NULL,NULL,NULL,NULL,'OGC-16',NULL,'Team HEO'),
(8482745,'20182019',6,2,2,4,NULL,NULL,NULL,NULL,NULL,NULL,16,NULL,NULL,NULL,NULL,NULL,NULL,NULL,NULL,NULL,'CWG',NULL,'Team Ontario'),
(8482745,'20192020',6,2,1,3,NULL,NULL,NULL,NULL,NULL,NULL,8,NULL,NULL,NULL,NULL,NULL,NULL,NULL,NULL,NULL,'WHC-17',NULL,'Canada White U17'),
(8482745,'20192020',57,29,13,42,NULL,NULL,NULL,NULL,-4,NULL,31,NULL,NULL,NULL,NULL,NULL,NULL,NULL,NULL,NULL,'OHL',NULL,'Peterborough Petes'),
(8482745,'20202021',7,5,6,11,NULL,NULL,NULL,NULL,10,NULL,10,NULL,NULL,NULL,NULL,NULL,NULL,NULL,NULL,NULL,'WJC-18',NULL,'Canada U18'),
(8482745,'20202021',13,9,2,11,NULL,NULL,NULL,NULL,4,NULL,6,NULL,NULL,NULL,NULL,NULL,NULL,NULL,NULL,NULL,'SL',NULL,'Olten'),
(8482745,'20212022',9,2,1,3,12,8,117.717,159,3,16.7,2,0,1,17.8667,0,0,3.13333,1,0,133,'National Hockey League',24,'Anaheim Ducks'),
(8482745,'20212022',5,0,1,1,NULL,NULL,NULL,NULL,1,NULL,2,NULL,NULL,NULL,NULL,NULL,NULL,NULL,NULL,NULL,'OG',NULL,'Canada'),
(8482745,'20212022',7,8,9,17,NULL,NULL,NULL,NULL,13,NULL,2,NULL,NULL,NULL,NULL,NULL,NULL,NULL,NULL,NULL,'WJC-20',NULL,'Canada U20'),
(8482745,'20212022',24,14,26,40,NULL,NULL,NULL,NULL,27,NULL,20,NULL,NULL,NULL,NULL,NULL,NULL,NULL,NULL,NULL,'OHL',NULL,'Hamilton Bulldogs'),
(8482745,'20212022',5,6,1,7,NULL,NULL,NULL,NULL,3,NULL,11,NULL,NULL,NULL,NULL,NULL,NULL,NULL,NULL,NULL,'OHL',NULL,'Peterborough Petes'),
(8482745,'20212022',3,1,1,2,NULL,NULL,NULL,NULL,1,NULL,4,NULL,NULL,NULL,NULL,NULL,NULL,NULL,NULL,NULL,'AHL',NULL,'San Diego Gulls'),
(8482745,'20222023',80,17,26,43,161,55,1229.95,1506,-19,10.56,44,7,14,202.05,0,0,3.11667,1,0,133,'National Hockey League',24,'Anaheim Ducks'),
(8482745,'20232024',6,2,3,5,14,3,108.567,136,2,14.29,10,0,0,16.05,0,0,0.4,0,0,133,'National Hockey League',24,'Anaheim Ducks'),
(8482803,'20142015',7,1,4,5,NULL,NULL,NULL,NULL,NULL,NULL,2,NULL,NULL,NULL,NULL,NULL,NULL,NULL,NULL,NULL,'WSI U12',NULL,'Western Canada Selects U12'),
(8482803,'20162017',36,3,10,13,NULL,NULL,NULL,NULL,NULL,NULL,2,NULL,NULL,NULL,NULL,NULL,NULL,NULL,NULL,NULL,'AEHL U15',NULL,'Fort Saskatchewan Ranger U15 AAA'),
(8482803,'20172018',30,10,22,32,NULL,NULL,NULL,NULL,NULL,NULL,16,NULL,NULL,NULL,NULL,NULL,NULL,NULL,NULL,NULL,'CSSHL U15',NULL,'OHA Edmonton U15 Prep'),
(8482803,'20172018',5,2,1,3,NULL,NULL,NULL,NULL,NULL,NULL,12,NULL,NULL,NULL,NULL,NULL,NULL,NULL,NULL,NULL,'WSI U15',NULL,'Upstate Kings U15'),
(8482803,'20182019',1,0,0,0,NULL,NULL,NULL,NULL,0,NULL,0,NULL,NULL,NULL,NULL,NULL,NULL,NULL,NULL,NULL,'WHL',NULL,'Everett Silvertips'),
(8482803,'20182019',35,8,19,27,NULL,NULL,NULL,NULL,NULL,NULL,22,NULL,NULL,NULL,NULL,NULL,NULL,NULL,NULL,NULL,'CSSHL U18',NULL,'OHA Edmonton U18 Prep'),
(8482803,'20182019',6,1,1,2,NULL,NULL,NULL,NULL,NULL,NULL,4,NULL,NULL,NULL,NULL,NULL,NULL,NULL,NULL,NULL,'CWG',NULL,'Team Alberta'),
(8482803,'20192020',5,0,2,2,NULL,NULL,NULL,NULL,NULL,NULL,2,NULL,NULL,NULL,NULL,NULL,NULL,NULL,NULL,NULL,'WHC-17',NULL,'Canada Red U17'),
(8482803,'20192020',58,2,10,12,NULL,NULL,NULL,NULL,20,NULL,8,NULL,NULL,NULL,NULL,NULL,NULL,NULL,NULL,NULL,'WHL',NULL,'Everett Silvertips'),
(8482803,'20202021',7,1,7,8,NULL,NULL,NULL,NULL,8,NULL,2,NULL,NULL,NULL,NULL,NULL,NULL,NULL,NULL,NULL,'WJC-18',NULL,'Canada U18'),
(8482803,'20202021',11,2,11,13,NULL,NULL,NULL,NULL,5,NULL,2,NULL,NULL,NULL,NULL,NULL,NULL,NULL,NULL,NULL,'WHL',NULL,'Everett Silvertips'),
(8482803,'20212022',7,2,9,11,NULL,NULL,NULL,NULL,14,NULL,2,NULL,NULL,NULL,NULL,NULL,NULL,NULL,NULL,NULL,'WJC-20',NULL,'Canada U20'),
(8482803,'20212022',55,14,64,78,NULL,NULL,NULL,NULL,45,NULL,23,NULL,NULL,NULL,NULL,NULL,NULL,NULL,NULL,NULL,'WHL',NULL,'Everett Silvertips'),
(8482803,'20222023',7,0,6,6,NULL,NULL,NULL,NULL,0,NULL,4,NULL,NULL,NULL,NULL,NULL,NULL,NULL,NULL,NULL,'WJC-20',NULL,'Canada U20'),
(8482803,'20222023',23,10,18,28,NULL,NULL,NULL,NULL,-5,NULL,12,NULL,NULL,NULL,NULL,NULL,NULL,NULL,NULL,NULL,'WHL',NULL,'Everett Silvertips'),
(8482803,'20222023',32,22,30,52,NULL,NULL,NULL,NULL,35,NULL,28,NULL,NULL,NULL,NULL,NULL,NULL,NULL,NULL,NULL,'WHL',NULL,'Kamloops Blazers'),
(8482964,'20172018',46,4,18,22,NULL,NULL,NULL,NULL,NULL,NULL,110,NULL,NULL,NULL,NULL,NULL,NULL,NULL,NULL,NULL,'GOJHL',NULL,'St. Catharines Falcons'),
(8482964,'20182019',59,2,1,3,NULL,NULL,NULL,NULL,-28,NULL,39,NULL,NULL,NULL,NULL,NULL,NULL,NULL,NULL,NULL,'OHL',NULL,'Kitchener Rangers'),
(8482964,'20192020',51,6,11,17,NULL,NULL,NULL,NULL,26,NULL,88,NULL,NULL,NULL,NULL,NULL,NULL,NULL,NULL,NULL,'OHL',NULL,'Kitchener Rangers'),
(8482964,'20212022',33,6,11,17,NULL,NULL,NULL,NULL,37,NULL,84,NULL,NULL,NULL,NULL,NULL,NULL,NULL,NULL,NULL,'OHL',NULL,'Hamilton Bulldogs'),
(8482964,'20212022',18,6,11,17,NULL,NULL,NULL,NULL,7,NULL,54,NULL,NULL,NULL,NULL,NULL,NULL,NULL,NULL,NULL,'OHL',NULL,'Kitchener Rangers'),
(8482964,'20222023',51,5,8,13,75,159,778.8,945,-9,6.67,101,2,3,39.5,0,0,13.3833,0,0,133,'National Hockey League',8,'Montréal Canadiens'),
(8482964,'20232024',2,0,1,1,3,6,28.0167,30,1,0,19,0,0,2.9,0,0,0,0,0,133,'National Hockey League',8,'Montréal Canadiens'),
(8483460,'20152016',6,0,0,0,NULL,NULL,NULL,NULL,NULL,NULL,4,NULL,NULL,NULL,NULL,NULL,NULL,NULL,NULL,NULL,'QC Int PW',NULL,'Czech Knights'),
(8483460,'20172018',37,10,15,25,NULL,NULL,NULL,NULL,32,NULL,16,NULL,NULL,NULL,NULL,NULL,NULL,NULL,NULL,NULL,'Czechia U16',NULL,'HC Plzen U16'),
(8483460,'20172018',8,0,6,6,NULL,NULL,NULL,NULL,NULL,NULL,4,NULL,NULL,NULL,NULL,NULL,NULL,NULL,NULL,NULL,'ODM',NULL,'Plzensky kraj U15'),
(8483460,'20182019',37,19,21,40,NULL,NULL,NULL,NULL,26,NULL,54,NULL,NULL,NULL,NULL,NULL,NULL,NULL,NULL,NULL,'Czechia U16',NULL,'HC Plzen U16'),
(8483460,'20192020',4,0,0,0,NULL,NULL,NULL,NULL,1,NULL,2,NULL,NULL,NULL,NULL,NULL,NULL,NULL,NULL,NULL,'Czechia',NULL,'HC Plzen'),
(8483460,'20192020',1,0,2,2,NULL,NULL,NULL,NULL,NULL,NULL,0,NULL,NULL,NULL,NULL,NULL,NULL,NULL,NULL,NULL,'Czechia U20 3',NULL,'HC Plzen B U20'),
(8483460,'20192020',5,1,6,7,NULL,NULL,NULL,NULL,4,NULL,4,NULL,NULL,NULL,NULL,NULL,NULL,NULL,NULL,NULL,'Czechia U17',NULL,'HC Plzen U17'),
(8483460,'20192020',24,6,11,17,NULL,NULL,NULL,NULL,6,NULL,10,NULL,NULL,NULL,NULL,NULL,NULL,NULL,NULL,NULL,'DHL Cup',NULL,'HC Plzen U20'),
(8483460,'20202021',1,0,0,0,NULL,NULL,NULL,NULL,-1,NULL,2,NULL,NULL,NULL,NULL,NULL,NULL,NULL,NULL,NULL,'EHT',NULL,'Czechia'),
(8483460,'20202021',4,0,0,0,NULL,NULL,NULL,NULL,-1,NULL,8,NULL,NULL,NULL,NULL,NULL,NULL,NULL,NULL,NULL,'WJC-18',NULL,'Czechia U18'),
(8483460,'20202021',5,1,1,2,NULL,NULL,NULL,NULL,-1,NULL,2,NULL,NULL,NULL,NULL,NULL,NULL,NULL,NULL,NULL,'WJC-20',NULL,'Czechia U20'),
(8483460,'20202021',34,3,6,9,NULL,NULL,NULL,NULL,13,NULL,34,NULL,NULL,NULL,NULL,NULL,NULL,NULL,NULL,NULL,'Czechia',NULL,'HC Plzen'),
(8483460,'20212022',8,2,2,4,NULL,NULL,NULL,NULL,5,NULL,2,NULL,NULL,NULL,NULL,NULL,NULL,NULL,NULL,NULL,'EHT',NULL,'Czechia'),
(8483460,'20212022',7,0,4,4,NULL,NULL,NULL,NULL,-5,NULL,2,NULL,NULL,NULL,NULL,NULL,NULL,NULL,NULL,NULL,'WJC-20',NULL,'Czechia U20'),
(8483460,'20212022',29,5,6,11,NULL,NULL,NULL,NULL,0,NULL,49,NULL,NULL,NULL,NULL,NULL,NULL,NULL,NULL,NULL,'Czechia',NULL,'HC Plzen'),
(8483460,'20222023',55,6,32,38,NULL,NULL,NULL,NULL,-11,NULL,36,NULL,NULL,NULL,NULL,NULL,NULL,NULL,NULL,NULL,'AHL',NULL,'Cleveland Monsters'),
(8483460,'20222023',4,0,0,0,5,9,72.2667,99,-4,0,2,0,0,2.61667,0,0,2.4,0,0,133,'National Hockey League',29,'Columbus Blue Jackets'),
(8483460,'20222023',2,0,0,0,NULL,NULL,NULL,NULL,-1,NULL,0,NULL,NULL,NULL,NULL,NULL,NULL,NULL,NULL,NULL,'EHT',NULL,'Czechia'),
(8483460,'20222023',7,3,4,7,NULL,NULL,NULL,NULL,10,NULL,2,NULL,NULL,NULL,NULL,NULL,NULL,NULL,NULL,NULL,'WJC-20',NULL,'Czechia U20'),
(8483460,'20232024',5,1,1,2,4,3,69.6667,88,0,25,4,0,0,0.0833333,0,0,1.2,1,0,133,'National Hockey League',29,'Columbus Blue Jackets'),
(8483495,'20162017',2,0,0,0,NULL,NULL,NULL,NULL,NULL,NULL,2,NULL,NULL,NULL,NULL,NULL,NULL,NULL,NULL,NULL,'QC Int PW',NULL,'Slovakia HMS Select'),
(8483495,'20172018',44,5,16,21,NULL,NULL,NULL,NULL,1,NULL,18,NULL,NULL,NULL,NULL,NULL,NULL,NULL,NULL,NULL,'Slovakia U18',NULL,'HK 32 Liptovsky Mikulas U18'),
(8483495,'20182019',52,10,25,35,NULL,NULL,NULL,NULL,2,NULL,78,NULL,NULL,NULL,NULL,NULL,NULL,NULL,NULL,NULL,'Slovakia U18',NULL,'HK 32 Liptovsky Mikulas U18'),
(8483495,'20192020',20,2,6,8,NULL,NULL,NULL,NULL,-6,NULL,18,NULL,NULL,NULL,NULL,NULL,NULL,NULL,NULL,NULL,'Slovakia2',NULL,'HK Levice'),
(8483495,'20192020',12,0,3,3,NULL,NULL,NULL,NULL,2,NULL,0,NULL,NULL,NULL,NULL,NULL,NULL,NULL,NULL,NULL,'Slovakia',NULL,'HK Nitra'),
(8483495,'20192020',13,3,5,8,NULL,NULL,NULL,NULL,-1,NULL,4,NULL,NULL,NULL,NULL,NULL,NULL,NULL,NULL,NULL,'Slovakia U20',NULL,'HK Nitra U20'),
(8483495,'20192020',4,0,0,0,NULL,NULL,NULL,NULL,1,NULL,0,NULL,NULL,NULL,NULL,NULL,NULL,NULL,NULL,NULL,'Hlinka Gretzky Cup',NULL,'Slovakia U18'),
(8483495,'20192020',12,3,4,7,NULL,NULL,NULL,NULL,-2,NULL,2,NULL,NULL,NULL,NULL,NULL,NULL,NULL,NULL,NULL,'Slovakia U20',NULL,'Team Slovakia U18'),
(8483495,'20202021',37,2,17,19,NULL,NULL,NULL,NULL,-10,NULL,12,NULL,NULL,NULL,NULL,NULL,NULL,NULL,NULL,NULL,'Slovakia',NULL,'HK Nitra'),
(8483495,'20202021',5,0,1,1,NULL,NULL,NULL,NULL,-3,NULL,0,NULL,NULL,NULL,NULL,NULL,NULL,NULL,NULL,NULL,'WC',NULL,'Slovakia'),
(8483495,'20202021',5,0,4,4,NULL,NULL,NULL,NULL,-4,NULL,2,NULL,NULL,NULL,NULL,NULL,NULL,NULL,NULL,NULL,'WJC-20',NULL,'Slovakia U20'),
(8483495,'20212022',39,1,25,26,NULL,NULL,NULL,NULL,13,NULL,20,NULL,NULL,NULL,NULL,NULL,NULL,NULL,NULL,NULL,'Slovakia',NULL,'HK Nitra'),
(8483495,'20212022',8,1,5,6,NULL,NULL,NULL,NULL,2,NULL,2,NULL,NULL,NULL,NULL,NULL,NULL,NULL,NULL,NULL,'WC',NULL,'Slovakia'),
(8483495,'20212022',5,1,5,6,NULL,NULL,NULL,NULL,0,NULL,2,NULL,NULL,NULL,NULL,NULL,NULL,NULL,NULL,NULL,'Hlinka Gretzky Cup',NULL,'Slovakia U18'),
(8483495,'20222023',5,1,4,5,NULL,NULL,NULL,NULL,-1,NULL,10,NULL,NULL,NULL,NULL,NULL,NULL,NULL,NULL,NULL,'WJC-20',NULL,'Slovakia U20'),
(8483495,'20222023',65,12,22,34,NULL,NULL,NULL,NULL,13,NULL,20,NULL,NULL,NULL,NULL,NULL,NULL,NULL,NULL,NULL,'AHL',NULL,'Utica Comets'),
(8483515,'20152016',6,5,4,9,NULL,NULL,NULL,NULL,NULL,NULL,4,NULL,NULL,NULL,NULL,NULL,NULL,NULL,NULL,NULL,'WSI U12',NULL,'Slovakia Selects U12'),
(8483515,'20162017',7,6,13,19,NULL,NULL,NULL,NULL,NULL,NULL,0,NULL,NULL,NULL,NULL,NULL,NULL,NULL,NULL,NULL,'WSI U13',NULL,'Slovakia Selects U13'),
(8483515,'20172018',23,30,24,54,NULL,NULL,NULL,NULL,36,NULL,18,NULL,NULL,NULL,NULL,NULL,NULL,NULL,NULL,NULL,'Slovakia U16',NULL,'HC Kosice U16'),
(8483515,'20172018',18,9,5,14,NULL,NULL,NULL,NULL,12,NULL,14,NULL,NULL,NULL,NULL,NULL,NULL,NULL,NULL,NULL,'Slovakia U18',NULL,'HC Kosice U18'),
(8483515,'20172018',7,2,5,7,NULL,NULL,NULL,NULL,NULL,NULL,NULL,NULL,NULL,NULL,NULL,NULL,NULL,NULL,NULL,NULL,'WSI U14',NULL,'Team North America U14'),
(8483515,'20182019',22,19,23,42,NULL,NULL,NULL,NULL,26,NULL,74,NULL,NULL,NULL,NULL,NULL,NULL,NULL,NULL,NULL,'Czechia U16',NULL,'Mountfield HK U16'),
(8483515,'20182019',11,4,13,17,NULL,NULL,NULL,NULL,19,NULL,40,NULL,NULL,NULL,NULL,NULL,NULL,NULL,NULL,NULL,'ICEJL',NULL,'RB Hockey Academy U18'),
(8483515,'20192020',2,1,2,3,NULL,NULL,NULL,NULL,NULL,NULL,0,NULL,NULL,NULL,NULL,NULL,NULL,NULL,NULL,NULL,'U16 SM-sarja',NULL,'TPS U16'),
(8483515,'20192020',39,22,30,52,NULL,NULL,NULL,NULL,NULL,NULL,36,NULL,NULL,NULL,NULL,NULL,NULL,NULL,NULL,NULL,'U18 SM-sarja',NULL,'TPS U18'),
(8483515,'20192020',4,0,3,3,NULL,NULL,NULL,NULL,2,NULL,4,NULL,NULL,NULL,NULL,NULL,NULL,NULL,NULL,NULL,'U20 SM-sarja',NULL,'TPS U20'),
(8483515,'20202021',6,0,0,0,NULL,NULL,NULL,NULL,-3,NULL,2,NULL,NULL,NULL,NULL,NULL,NULL,NULL,NULL,NULL,'WC',NULL,'Slovakia'),
(8483515,'20202021',5,0,0,0,NULL,NULL,NULL,NULL,-5,NULL,2,NULL,NULL,NULL,NULL,NULL,NULL,NULL,NULL,NULL,'WJC-20',NULL,'Slovakia U20'),
(8483515,'20202021',1,2,0,2,NULL,NULL,NULL,NULL,NULL,NULL,0,NULL,NULL,NULL,NULL,NULL,NULL,NULL,NULL,NULL,'U18 SM-sarja',NULL,'TPS U18'),
(8483515,'20202021',16,8,5,13,NULL,NULL,NULL,NULL,4,NULL,10,NULL,NULL,NULL,NULL,NULL,NULL,NULL,NULL,NULL,'U20 SM-sarja',NULL,'TPS U20'),
(8483515,'20212022',8,3,6,9,NULL,NULL,NULL,NULL,1,NULL,2,NULL,NULL,NULL,NULL,NULL,NULL,NULL,NULL,NULL,'WC',NULL,'Slovakia'),
(8483515,'20212022',5,3,6,9,NULL,NULL,NULL,NULL,-1,NULL,8,NULL,NULL,NULL,NULL,NULL,NULL,NULL,NULL,NULL,'Hlinka Gretzky Cup',NULL,'Slovakia U18'),
(8483515,'20212022',31,5,5,10,NULL,NULL,NULL,NULL,1,NULL,33,NULL,NULL,NULL,NULL,NULL,NULL,NULL,NULL,NULL,'Liiga',NULL,'TPS'),
(8483515,'20212022',11,6,12,18,NULL,NULL,NULL,NULL,6,NULL,6,NULL,NULL,NULL,NULL,NULL,NULL,NULL,NULL,NULL,'U20 SM-sarja',NULL,'TPS U20'),
(8483515,'20222023',39,4,6,10,42,53,476.4,572,-13,9.52,33,1,2,50.5833,0,0,0.1,0,0,133,'National Hockey League',8,'Montréal Canadiens'),
(8483515,'20232024',2,0,1,1,3,5,29.8,35,2,0,0,0,0,2.83333,0,0,0,0,0,133,'National Hockey League',8,'Montréal Canadiens'),
(8483524,'20132014',6,2,6,8,NULL,NULL,NULL,NULL,NULL,NULL,6,NULL,NULL,NULL,NULL,NULL,NULL,NULL,NULL,NULL,'Brick Invitational',NULL,'Toronto Pro Hockey'),
(8483524,'20152016',9,12,10,22,NULL,NULL,NULL,NULL,NULL,NULL,8,NULL,NULL,NULL,NULL,NULL,NULL,NULL,NULL,NULL,'WSI U12',NULL,'Pro Hockey Hutson Selects U12'),
(8483524,'20162017',8,13,6,19,NULL,NULL,NULL,NULL,NULL,NULL,6,NULL,NULL,NULL,NULL,NULL,NULL,NULL,NULL,NULL,'WSI U13',NULL,'Pro Hockey McDonald U13'),
(8483524,'20172018',6,2,1,3,NULL,NULL,NULL,NULL,NULL,NULL,2,NULL,NULL,NULL,NULL,NULL,NULL,NULL,NULL,NULL,'WSI U15',NULL,'Oshawa Generals Selects U15'),
(8483524,'20182019',33,31,41,72,NULL,NULL,NULL,NULL,NULL,NULL,10,NULL,NULL,NULL,NULL,NULL,NULL,NULL,NULL,NULL,'GTHL U16',NULL,'Don Mills Flyers U16 AAA'),
(8483524,'20182019',4,3,1,4,NULL,NULL,NULL,NULL,NULL,NULL,2,NULL,NULL,NULL,NULL,NULL,NULL,NULL,NULL,NULL,'OGC-16',NULL,'Team GTHL Red'),
(8483524,'20182019',6,6,6,12,NULL,NULL,NULL,NULL,NULL,NULL,8,NULL,NULL,NULL,NULL,NULL,NULL,NULL,NULL,NULL,'CWG',NULL,'Team Ontario'),
(8483524,'20192020',5,4,3,7,NULL,NULL,NULL,NULL,NULL,NULL,14,NULL,NULL,NULL,NULL,NULL,NULL,NULL,NULL,NULL,'WHC-17',NULL,'Canada Black U17'),
(8483524,'20192020',58,39,27,66,NULL,NULL,NULL,NULL,-6,NULL,10,NULL,NULL,NULL,NULL,NULL,NULL,NULL,NULL,NULL,'OHL',NULL,'Kingston Frontenacs'),
(8483524,'20202021',5,9,5,14,NULL,NULL,NULL,NULL,12,NULL,2,NULL,NULL,NULL,NULL,NULL,NULL,NULL,NULL,NULL,'WJC-18',NULL,'Canada U18'),
(8483524,'20212022',63,32,62,94,NULL,NULL,NULL,NULL,23,NULL,22,NULL,NULL,NULL,NULL,NULL,NULL,NULL,NULL,NULL,'OHL',NULL,'Kingston Frontenacs'),
(8483524,'20222023',7,4,3,7,NULL,NULL,NULL,NULL,0,NULL,0,NULL,NULL,NULL,NULL,NULL,NULL,NULL,NULL,NULL,'WJC-20',NULL,'Canada U20'),
(8483524,'20222023',8,4,2,6,NULL,NULL,NULL,NULL,2,NULL,2,NULL,NULL,NULL,NULL,NULL,NULL,NULL,NULL,NULL,'AHL',NULL,'Coachella Valley Firebirds'),
(8483524,'20222023',8,1,1,2,4,1,67.8667,105,4,25,2,0,0,3.18333,0,0,0,0,0,133,'National Hockey League',55,'Seattle Kraken'),
(8483524,'20222023',20,15,22,37,NULL,NULL,NULL,NULL,8,NULL,6,NULL,NULL,NULL,NULL,NULL,NULL,NULL,NULL,NULL,'OHL',NULL,'Windsor Spitfires'),
(8484144,'20142015',6,8,1,9,NULL,NULL,NULL,NULL,NULL,NULL,2,NULL,NULL,NULL,NULL,NULL,NULL,NULL,NULL,NULL,'Brick Invitational',NULL,'BC Junior Canucks'),
(8484144,'20152016',2,1,1,2,NULL,NULL,NULL,NULL,NULL,NULL,0,NULL,NULL,NULL,NULL,NULL,NULL,NULL,NULL,NULL,'QC Int PW',NULL,'North Shore Winter Club'),
(8484144,'20162017',3,3,1,4,NULL,NULL,NULL,NULL,NULL,NULL,0,NULL,NULL,NULL,NULL,NULL,NULL,NULL,NULL,NULL,'QC Int PW',NULL,'North Shore Winter Club'),
(8484144,'20162017',6,9,7,16,NULL,NULL,NULL,NULL,NULL,NULL,0,NULL,NULL,NULL,NULL,NULL,NULL,NULL,NULL,NULL,'WSI U12',NULL,'Pro Hockey Hutson Selects U12'),
(8484144,'20172018',7,24,8,32,NULL,NULL,NULL,NULL,NULL,NULL,NULL,NULL,NULL,NULL,NULL,NULL,NULL,NULL,NULL,NULL,'WSI U13',NULL,'Draftday Hockey Selects U13'),
(8484144,'20182019',30,64,24,88,NULL,NULL,NULL,NULL,NULL,NULL,22,NULL,NULL,NULL,NULL,NULL,NULL,NULL,NULL,NULL,'CSSHL U15',NULL,'North Shore Warriors U15 Prep'),
(8484144,'20182019',5,4,1,5,NULL,NULL,NULL,NULL,NULL,NULL,4,NULL,NULL,NULL,NULL,NULL,NULL,NULL,NULL,NULL,'WSI U15',NULL,'Pacific Selects U15'),
(8484144,'20182019',2,3,1,4,NULL,NULL,NULL,NULL,NULL,NULL,0,NULL,NULL,NULL,NULL,NULL,NULL,NULL,NULL,NULL,'CSSHL U16',NULL,'West Van Academy Elite 15s'),
(8484144,'20192020',36,43,41,84,NULL,NULL,NULL,NULL,NULL,NULL,32,NULL,NULL,NULL,NULL,NULL,NULL,NULL,NULL,NULL,'CSSHL U18',NULL,'North Shore Warriors U18 Prep'),
(8484144,'20202021',7,7,7,14,NULL,NULL,NULL,NULL,12,NULL,2,NULL,NULL,NULL,NULL,NULL,NULL,NULL,NULL,NULL,'WJC-18',NULL,'Canada U18'),
(8484144,'20202021',1,1,1,2,NULL,NULL,NULL,NULL,1,NULL,0,NULL,NULL,NULL,NULL,NULL,NULL,NULL,NULL,NULL,'J18 Region',NULL,'HV71 J18'),
(8484144,'20202021',4,2,2,4,NULL,NULL,NULL,NULL,-3,NULL,0,NULL,NULL,NULL,NULL,NULL,NULL,NULL,NULL,NULL,'J20 Nationell',NULL,'HV71 J20'),
(8484144,'20202021',15,12,16,28,NULL,NULL,NULL,NULL,9,NULL,6,NULL,NULL,NULL,NULL,NULL,NULL,NULL,NULL,NULL,'WHL',NULL,'Regina Pats'),
(8484144,'20212022',4,6,1,7,NULL,NULL,NULL,NULL,0,NULL,4,NULL,NULL,NULL,NULL,NULL,NULL,NULL,NULL,NULL,'WJC-18',NULL,'Canada U18'),
(8484144,'20212022',7,4,4,8,NULL,NULL,NULL,NULL,9,NULL,2,NULL,NULL,NULL,NULL,NULL,NULL,NULL,NULL,NULL,'WJC-20',NULL,'Canada U20'),
(8484144,'20212022',62,51,49,100,NULL,NULL,NULL,NULL,0,NULL,42,NULL,NULL,NULL,NULL,NULL,NULL,NULL,NULL,NULL,'WHL',NULL,'Regina Pats'),
(8484144,'20222023',7,9,14,23,NULL,NULL,NULL,NULL,14,NULL,2,NULL,NULL,NULL,NULL,NULL,NULL,NULL,NULL,NULL,'WJC-20',NULL,'Canada U20'),
(8484144,'20222023',57,71,72,143,NULL,NULL,NULL,NULL,39,NULL,62,NULL,NULL,NULL,NULL,NULL,NULL,NULL,NULL,NULL,'WHL',NULL,'Regina Pats'),
(8484144,'20232024',7,2,2,4,22,5,140.017,137,-4,9.09,2,1,1,35.9,0,0,0.05,0,0,133,'National Hockey League',16,'Chicago Blackhawks');
/*!40000 ALTER TABLE `PlayersStatsArchive` ENABLE KEYS */;
UNLOCK TABLES;

--
-- Table structure for table `PlayersStatsArchiveGoaler`
--

DROP TABLE IF EXISTS `PlayersStatsArchiveGoaler`;
/*!40101 SET @saved_cs_client     = @@character_set_client */;
/*!40101 SET character_set_client = utf8 */;
CREATE TABLE `PlayersStatsArchiveGoaler` (
  `playerId` int(11) NOT NULL,
  `season` text NOT NULL,
  `games` int(11) DEFAULT NULL,
  `gamesStarted` int(11) DEFAULT NULL,
  `ot` int(11) DEFAULT NULL,
  `shutouts` int(11) DEFAULT NULL,
  `wins` int(11) DEFAULT NULL,
  `losses` int(11) DEFAULT NULL,
  `timeOnIce` float DEFAULT NULL,
  `savePercentage` float DEFAULT NULL,
  `leagueId` int(11) DEFAULT NULL,
  `leagueName` text NOT NULL,
  `teamId` int(11) DEFAULT NULL,
  `teamName` text NOT NULL,
  PRIMARY KEY (`playerId`,`season`(8),`teamName`(50))
) ENGINE=InnoDB DEFAULT CHARSET=utf8mb4 COLLATE=utf8mb4_general_ci;
/*!40101 SET character_set_client = @saved_cs_client */;

--
-- Dumping data for table `PlayersStatsArchiveGoaler`
--

LOCK TABLES `PlayersStatsArchiveGoaler` WRITE;
/*!40000 ALTER TABLE `PlayersStatsArchiveGoaler` DISABLE KEYS */;
INSERT INTO `PlayersStatsArchiveGoaler` VALUES
(8470594,'19992000',15,NULL,NULL,1,4,9,780,NULL,NULL,'QAAA',NULL,'Charles-Lemoyne'),
(8470594,'20002001',35,NULL,NULL,0,12,13,1705,NULL,15,'QMJHL',2898,'Cape Breton'),
(8470594,'20012002',55,NULL,NULL,2,26,14,3043,NULL,15,'QMJHL',2898,'Cape Breton'),
(8470594,'20022003',5,NULL,NULL,1,NULL,NULL,267,NULL,147,'WJC-A',60,'Canada'),
(8470594,'20022003',51,NULL,NULL,2,17,24,2889,0.91,15,'QMJHL',2898,'Cape Breton'),
(8470594,'20032004',5,NULL,NULL,1,4,1,299,NULL,147,'WJC-A',60,'Canada'),
(8470594,'20032004',10,NULL,NULL,0,8,1,606,0.933,15,'QMJHL',2898,'Cape Breton'),
(8470594,'20032004',21,20,NULL,1,4,14,1154.03,0.896296,133,'National Hockey League',5,'Pittsburgh Penguins'),
(8470594,'20042005',54,NULL,NULL,5,26,19,3029,0.901,153,'AHL',6054,'Wilkes-Barre'),
(8470594,'20052006',50,45,6,1,13,27,2809.22,0.897643,133,'National Hockey League',5,'Pittsburgh Penguins'),
(8470594,'20052006',12,NULL,NULL,0,10,2,727,0.939,153,'AHL',6054,'Wilkes-Barre'),
(8470594,'20062007',67,65,9,5,40,16,3905.47,0.905834,133,'National Hockey League',5,'Pittsburgh Penguins'),
(8470594,'20072008',35,33,2,4,19,10,1857.43,0.920792,133,'National Hockey League',5,'Pittsburgh Penguins'),
(8470594,'20072008',5,NULL,NULL,0,3,2,NULL,0.95,153,'AHL',6054,'Wilkes-Barre'),
(8470594,'20082009',62,61,7,4,35,18,3640.98,0.912432,133,'National Hockey League',5,'Pittsburgh Penguins'),
(8470594,'20092010',67,66,6,1,37,21,3798.28,0.905192,133,'National Hockey League',5,'Pittsburgh Penguins'),
(8470594,'20102011',65,62,5,3,36,20,3695.17,0.91791,133,'National Hockey League',5,'Pittsburgh Penguins'),
(8470594,'20112012',67,64,4,3,42,17,3896.22,0.913462,133,'National Hockey League',5,'Pittsburgh Penguins'),
(8470594,'20122013',33,31,0,1,23,8,1857.75,0.916005,133,'National Hockey League',5,'Pittsburgh Penguins'),
(8470594,'20132014',64,64,5,5,39,18,3792.4,0.915445,133,'National Hockey League',5,'Pittsburgh Penguins'),
(8470594,'20142015',64,64,9,10,34,20,3776.98,0.920262,133,'National Hockey League',5,'Pittsburgh Penguins'),
(8470594,'20152016',58,58,6,5,35,17,3462.55,0.920721,133,'National Hockey League',5,'Pittsburgh Penguins'),
(8470594,'20162017',38,34,7,1,18,10,2125.25,0.909399,133,'National Hockey League',5,'Pittsburgh Penguins'),
(8470594,'20172018',46,46,4,4,29,13,2673.4,0.927326,133,'National Hockey League',54,'Vegas Golden Knights'),
(8470594,'20182019',61,61,5,8,35,21,3635.13,0.912894,133,'National Hockey League',54,'Vegas Golden Knights'),
(8470594,'20192020',49,48,5,5,27,16,2880.1,0.905,133,'National Hockey League',54,'Vegas Golden Knights'),
(8470594,'20202021',36,36,0,6,26,10,2146.6,0.928,133,'National Hockey League',54,'Vegas Golden Knights'),
(8470594,'20212022',45,45,5,4,19,21,2626.97,0.908,133,'National Hockey League',16,'Chicago Blackhawks'),
(8470594,'20212022',11,11,0,0,9,2,657.9,0.91,133,'National Hockey League',30,'Minnesota Wild'),
(8470594,'20222023',46,45,4,2,24,16,2654.28,0.907827,133,'National Hockey League',30,'Minnesota Wild'),
(8470594,'20232024',1,1,0,0,1,0,59.9,0.931034,133,'National Hockey League',30,'Minnesota Wild'),
(8474596,'20052006',17,NULL,NULL,NULL,NULL,NULL,NULL,0.893,NULL,'NBPEIMMHL',NULL,'Fredericton Caps Midget AAA'),
(8474596,'20062007',22,NULL,NULL,NULL,NULL,NULL,NULL,0.921,NULL,'NBPEIMMHL',NULL,'Fredericton Caps Midget AAA'),
(8474596,'20072008',7,NULL,NULL,2,6,1,NULL,NULL,147,'WJ18-A',60,'Canada'),
(8474596,'20072008',30,NULL,NULL,2,9,12,1507.3,0.901,15,'QMJHL',NULL,'St. John\'s'),
(8474596,'20082009',53,NULL,NULL,3,28,25,3023,0.916,15,'QMJHL',6910,'Montreal'),
(8474596,'20092010',5,NULL,NULL,2,4,0,291,0.901961,147,'WJC-A',60,'Canada'),
(8474596,'20092010',22,NULL,NULL,3,18,3,1271,0.933,15,'QMJHL',2904,'Drummondville'),
(8474596,'20092010',23,NULL,NULL,1,11,11,1241,0.912,15,'QMJHL',6910,'Montreal'),
(8474596,'20102011',47,NULL,NULL,6,25,19,2805,0.917,153,'AHL',7103,'Peoria'),
(8474596,'20112012',38,NULL,NULL,1,13,20,2148,0.915,153,'AHL',7103,'Peoria'),
(8474596,'20122013',35,NULL,NULL,2,13,19,2054,0.904,153,'AHL',7103,'Peoria'),
(8474596,'20122013',15,13,0,1,9,4,803.883,0.904624,133,'National Hockey League',19,'St. Louis Blues'),
(8474596,'20132014',52,NULL,NULL,7,33,16,3138,0.928,153,'AHL',6838,'Chicago'),
(8474596,'20142015',37,32,4,4,22,7,2077.03,0.913091,133,'National Hockey League',19,'St. Louis Blues'),
(8474596,'20152016',47,44,3,6,26,15,2583.37,0.919841,133,'National Hockey League',19,'St. Louis Blues'),
(8474596,'20162017',61,60,5,4,33,20,3418.32,0.914815,133,'National Hockey League',19,'St. Louis Blues'),
(8474596,'20172018',59,56,3,1,27,25,3316.97,0.905824,133,'National Hockey League',19,'St. Louis Blues'),
(8474596,'20182019',46,45,8,3,19,17,2567.95,0.905247,133,'National Hockey League',19,'St. Louis Blues'),
(8474596,'20192020',24,21,3,2,12,6,1339.07,0.927,133,'National Hockey League',19,'St. Louis Blues'),
(8474596,'20202021',29,27,5,0,11,12,1702.6,0.907,133,'National Hockey League',8,'Montréal Canadiens'),
(8474596,'20212022',35,35,4,2,9,20,1947.67,0.905,133,'National Hockey League',8,'Montréal Canadiens'),
(8474596,'20222023',42,41,3,1,15,24,2450.42,0.891386,133,'National Hockey League',8,'Montréal Canadiens'),
(8474596,'20232024',1,1,1,0,0,0,65,0.880952,133,'National Hockey League',8,'Montréal Canadiens'),
(8477967,'20102011',25,NULL,NULL,NULL,12,12,NULL,NULL,51,'Minor-CA',2700,'S.D. Gulls'),
(8477967,'20112012',3,NULL,NULL,NULL,3,0,NULL,NULL,NULL,'Minor-CA',NULL,'L.A. Jr. Kings'),
(8477967,'20112012',15,NULL,NULL,1,9,3,754,0.899441,83,'USHL',3572,'Omaha'),
(8477967,'20112012',3,NULL,NULL,0,2,0,140,NULL,NULL,'U-17',NULL,'USNTDP'),
(8477967,'20122013',7,NULL,NULL,1,NULL,NULL,428,NULL,147,'WJ18-A',67,'U.S.A.'),
(8477967,'20122013',28,NULL,NULL,5,17,6,1620,NULL,NULL,'U-18',NULL,'USNTDP'),
(8477967,'20132014',24,NULL,NULL,2,16,5,1446,0.918797,135,'H-East',2600,'Boston College'),
(8477967,'20142015',35,NULL,NULL,NULL,NULL,NULL,NULL,0.925,NULL,'NCAA',NULL,'Boston College'),
(8477967,'20142015',4,NULL,NULL,1,NULL,NULL,242,0.938596,147,'WJC-A',67,'U.S.A.'),
(8477967,'20142015',4,NULL,NULL,NULL,NULL,NULL,NULL,0.934,NULL,'WJC-20',NULL,'USA U20'),
(8477967,'20152016',39,NULL,NULL,NULL,NULL,NULL,NULL,0.935,NULL,'NCAA',NULL,'Boston College'),
(8477967,'20162017',45,NULL,NULL,2,NULL,NULL,2555,0.907,NULL,'AHL',NULL,'Utica Comets'),
(8477967,'20172018',46,NULL,NULL,NULL,NULL,NULL,NULL,0.922,NULL,'AHL',NULL,'Utica Comets'),
(8477967,'20172018',1,1,0,0,1,0,61.35,0.866667,133,'National Hockey League',23,'Vancouver Canucks'),
(8477967,'20182019',2,NULL,NULL,NULL,NULL,NULL,NULL,0.92,NULL,'WC',NULL,'USA'),
(8477967,'20182019',16,NULL,NULL,NULL,NULL,NULL,NULL,0.911,NULL,'AHL',NULL,'Utica Comets'),
(8477967,'20182019',9,8,1,0,4,3,534.15,0.913194,133,'National Hockey League',23,'Vancouver Canucks'),
(8477967,'20192020',27,25,2,0,13,10,1529.05,0.905,133,'National Hockey League',23,'Vancouver Canucks'),
(8477967,'20202021',35,35,1,1,16,18,2086.8,0.915,133,'National Hockey League',23,'Vancouver Canucks'),
(8477967,'20212022',64,61,7,1,33,22,3700.65,0.915,133,'National Hockey League',23,'Vancouver Canucks'),
(8477967,'20222023',32,32,4,1,14,14,1878.52,0.901493,133,'National Hockey League',23,'Vancouver Canucks'),
(8477967,'20232024',4,4,0,0,2,2,223.317,0.923729,133,'National Hockey League',23,'Vancouver Canucks'),
(8477970,'20092010',7,NULL,NULL,NULL,NULL,NULL,NULL,0.874,NULL,'Czech U16',NULL,'BK Havlickuv Brod U16'),
(8477970,'20102011',1,NULL,NULL,0,NULL,NULL,60,NULL,NULL,'CzR-U18',NULL,'Havl. Brod U18'),
(8477970,'20112012',7,NULL,NULL,0,NULL,NULL,323,NULL,NULL,'CzR-U18',NULL,'Havl. Brod U18'),
(8477970,'20122013',2,NULL,NULL,NULL,NULL,NULL,NULL,NULL,NULL,'CzRep-Jr.',NULL,'Havl. Brod Jr.'),
(8477970,'20122013',36,NULL,NULL,1,NULL,NULL,2011,NULL,NULL,'CzR-U18',NULL,'Havl. Brod U18'),
(8477970,'20132014',7,NULL,NULL,0,4,2,437,NULL,147,'WJ18-A',61,'Czech Republic'),
(8477970,'20132014',38,NULL,NULL,2,NULL,NULL,2156,NULL,NULL,'CzRep-Jr.',NULL,'Liberec Jr.'),
(8477970,'20142015',20,NULL,NULL,0,NULL,NULL,1178,NULL,NULL,'CzRep-2',NULL,'Benatky'),
(8477970,'20142015',2,NULL,NULL,0,NULL,NULL,120,0.943,NULL,'Czech',NULL,'Bili Tygri Liberec'),
(8477970,'20142015',4,NULL,NULL,NULL,NULL,NULL,NULL,0.919,NULL,'Czech U20',NULL,'Bili Tygri Liberec U20'),
(8477970,'20142015',3,NULL,NULL,0,1,2,181,0.828947,147,'WJC-A',61,'Czech Republic'),
(8477970,'20142015',3,NULL,NULL,NULL,NULL,NULL,NULL,0.829,NULL,'WJC-20',NULL,'Czech Republic U20'),
(8477970,'20142015',20,NULL,NULL,0,NULL,NULL,1178,0.925,NULL,'Czech2',NULL,'HC Benatky nad Jizerou'),
(8477970,'20142015',6,NULL,NULL,0,NULL,NULL,359,NULL,313,'CzRep',5434,'Liberec'),
(8477970,'20142015',4,NULL,NULL,1,NULL,NULL,200,NULL,NULL,'CzRep-Jr.',NULL,'Liberec Jr.'),
(8477970,'20152016',5,NULL,NULL,1,2,3,264,0.881,147,'WJC-A',61,'Czech Republic'),
(8477970,'20152016',5,NULL,NULL,NULL,NULL,NULL,NULL,0.881,NULL,'WJC-20',NULL,'Czechia U20'),
(8477970,'20152016',1,NULL,NULL,NULL,NULL,NULL,NULL,0.962,NULL,'AHL',NULL,'Hershey Bears'),
(8477970,'20152016',32,NULL,NULL,NULL,NULL,NULL,NULL,0.917,NULL,'ECHL',NULL,'South Carolina Stingrays'),
(8477970,'20162017',39,NULL,9,5,18,10,2147,0.909,NULL,'AHL',NULL,'Hershey Bears'),
(8477970,'20172018',32,NULL,2,2,12,13,1637,0.888,NULL,'AHL',NULL,'Hershey Bears'),
(8477970,'20172018',2,NULL,0,NULL,1,1,NULL,0.935,NULL,'ECHL',NULL,'South Carolina Stingrays'),
(8477970,'20182019',38,NULL,9,2,21,10,NULL,0.907,NULL,'AHL',NULL,'Hershey Bears'),
(8477970,'20192020',31,NULL,2,2,19,10,1832,0.917,NULL,'AHL',NULL,'Hershey Bears'),
(8477970,'20202021',37,36,4,2,21,10,2115.48,0.908,133,'National Hockey League',15,'Washington Capitals'),
(8477970,'20212022',1,NULL,NULL,0,NULL,NULL,59,0.913,NULL,'AHL',NULL,'Hershey Bears'),
(8477970,'20212022',42,39,6,4,20,12,2317.38,0.908,133,'National Hockey League',15,'Washington Capitals'),
(8477970,'20222023',52,48,4,3,33,11,2915.57,0.910728,133,'National Hockey League',1,'New Jersey Devils'),
(8477970,'20232024',6,5,0,0,4,2,332.833,0.894737,133,'National Hockey League',1,'New Jersey Devils'),
(8478470,'20112012',16,NULL,NULL,NULL,NULL,NULL,NULL,NULL,NULL,'Minor-QC',NULL,'Mauricie Est.'),
(8478470,'20112012',1,NULL,NULL,0,0,0,1,NULL,NULL,'QAAA',NULL,'Trois-Rivieres'),
(8478470,'20122013',19,NULL,NULL,1,11,7,1110,NULL,NULL,'QAAA',NULL,'Trois-Rivieres'),
(8478470,'20132014',14,NULL,NULL,0,9,1,714,0.898,15,'QMJHL',7261,'Blainville-Bois.'),
(8478470,'20142015',52,NULL,NULL,3,33,11,3104,0.891,15,'QMJHL',7261,'Blainville-Bois.'),
(8478470,'20142015',52,NULL,NULL,3,NULL,NULL,3104,0.891,NULL,'QMJHL',NULL,'Blainville-Boisbriand Armada'),
(8478470,'20152016',47,NULL,NULL,3,17,19,2711,NULL,NULL,'QMJHL',7261,'Blainville-Bois.'),
(8478470,'20152016',47,NULL,NULL,3,NULL,NULL,2710,0.901,NULL,'QMJHL',NULL,'Blainville-Boisbriand Armada'),
(8478470,'20162017',41,NULL,NULL,6,NULL,NULL,2226,0.907,NULL,'QMJHL',NULL,'Blainville-Boisbriand Armada'),
(8478470,'20172018',41,NULL,NULL,NULL,NULL,NULL,NULL,0.896,NULL,'AHL',NULL,'Springfield Thunderbirds'),
(8478470,'20182019',11,10,2,0,4,3,591.4,0.893617,133,'National Hockey League',13,'Florida Panthers'),
(8478470,'20182019',39,NULL,NULL,1,NULL,NULL,2187,0.899,NULL,'AHL',NULL,'Springfield Thunderbirds'),
(8478470,'20192020',14,9,1,0,5,5,700.75,0.89,133,'National Hockey League',13,'Florida Panthers'),
(8478470,'20192020',11,NULL,NULL,NULL,NULL,NULL,NULL,0.918,NULL,'AHL',NULL,'Springfield Thunderbirds'),
(8478470,'20202021',13,NULL,NULL,NULL,NULL,NULL,NULL,0.898,NULL,'AHL',NULL,'Syracuse Crunch'),
(8478470,'20212022',38,30,6,1,8,18,1942.82,0.891,133,'National Hockey League',8,'Montréal Canadiens'),
(8478470,'20222023',40,39,3,0,16,19,2333.85,0.901115,133,'National Hockey League',8,'Montréal Canadiens'),
(8478470,'20232024',1,1,0,0,1,0,60,0.933333,133,'National Hockey League',8,'Montréal Canadiens'),
(8479406,'20122013',1,NULL,NULL,0,1,0,60,NULL,NULL,'Swe-U18',NULL,'Skelleftea U18'),
(8479406,'20132014',18,NULL,NULL,4,15,3,1082,NULL,NULL,'Swe-U18',NULL,'Skelleftea U18'),
(8479406,'20142015',9,NULL,NULL,1,NULL,NULL,550,0.908,NULL,'J18 Allsvenskan',NULL,'Luleå HF J18'),
(8479406,'20142015',7,NULL,NULL,0,NULL,NULL,424,0.881,NULL,'J20 Nationell',NULL,'Luleå HF J20'),
(8479406,'20142015',7,NULL,NULL,0,1,6,424,NULL,NULL,'Swe-Jr.',NULL,'Lulea Jr.'),
(8479406,'20142015',18,NULL,NULL,2,9,9,1092,NULL,NULL,'Swe-U18',NULL,'Lulea U18'),
(8479406,'20142015',5,NULL,NULL,NULL,NULL,NULL,NULL,0.942,NULL,'WHC-17',NULL,'Sweden U17'),
(8479406,'20152016',6,NULL,NULL,0,4,2,359,NULL,NULL,'Sweden',3256,'Lulea'),
(8479406,'20152016',6,NULL,NULL,0,NULL,NULL,359,0.91,NULL,'SHL',NULL,'Luleå HF'),
(8479406,'20152016',20,NULL,NULL,0,NULL,NULL,1154,0.893,NULL,'J20 Nationell',NULL,'Luleå HF J20'),
(8479406,'20152016',20,NULL,NULL,0,8,11,1154,NULL,NULL,'Swe-Jr.',NULL,'Lulea Jr.'),
(8479406,'20152016',5,NULL,NULL,0,3,1,289,NULL,147,'WJ18-A',66,'Sweden'),
(8479406,'20152016',5,NULL,NULL,NULL,NULL,NULL,NULL,0.906,NULL,'WJC-18',NULL,'Sweden U18'),
(8479406,'20162017',15,NULL,NULL,0,NULL,NULL,845,0.912,NULL,'SHL',NULL,'Luleå HF'),
(8479406,'20162017',6,NULL,NULL,0,NULL,NULL,373,0.928,NULL,'J20 Nationell',NULL,'Luleå HF J20'),
(8479406,'20162017',1,NULL,NULL,NULL,NULL,NULL,NULL,0.947,NULL,'WJC-20',NULL,'Sweden U20'),
(8479406,'20172018',7,NULL,NULL,NULL,NULL,NULL,NULL,0.912,NULL,'AHL',NULL,'Belleville Senators'),
(8479406,'20172018',22,NULL,NULL,3,NULL,NULL,1189,0.918,NULL,'SHL',NULL,'Luleå HF'),
(8479406,'20172018',7,NULL,NULL,2,NULL,NULL,421,0.925,NULL,'J20 Nationell',NULL,'Luleå HF J20'),
(8479406,'20172018',6,NULL,NULL,NULL,NULL,NULL,NULL,0.924,NULL,'WJC-20',NULL,'Sweden U20'),
(8479406,'20182019',31,NULL,NULL,0,NULL,NULL,1739,0.887,NULL,'AHL',NULL,'Belleville Senators'),
(8479406,'20182019',2,NULL,NULL,NULL,NULL,NULL,NULL,0.827,NULL,'ECHL',NULL,'Brampton Beast'),
(8479406,'20192020',24,NULL,NULL,1,NULL,NULL,1394,0.889,NULL,'AHL',NULL,'Belleville Senators'),
(8479406,'20202021',13,NULL,NULL,1,NULL,NULL,775,0.91,NULL,'AHL',NULL,'Belleville Senators'),
(8479406,'20202021',9,7,2,0,5,1,471.567,0.933,133,'National Hockey League',9,'Ottawa Senators'),
(8479406,'20202021',19,NULL,NULL,1,NULL,NULL,1123,0.919,NULL,'HockeyAllsvenskan',NULL,'S\Z\Zdert\Z§lje SK'),
(8479406,'20212022',20,NULL,NULL,2,NULL,NULL,1081,0.915,NULL,'AHL',NULL,'Belleville Senators'),
(8479406,'20212022',18,16,1,0,5,12,1047.55,0.892,133,'National Hockey League',9,'Ottawa Senators'),
(8479406,'20222023',39,37,7,3,22,9,2310.93,0.930946,133,'National Hockey League',30,'Minnesota Wild'),
(8479406,'20232024',2,2,0,1,1,1,120,0.905405,133,'National Hockey League',30,'Minnesota Wild'),
(8480051,'20132014',17,NULL,NULL,NULL,NULL,NULL,NULL,0.94,NULL,'T1EHL U16',NULL,'Virtua Hockey 16U'),
(8480051,'20142015',11,NULL,NULL,NULL,NULL,NULL,NULL,0.915,NULL,'USHS-NJ',NULL,'Bishop Eustace Prep'),
(8480051,'20142015',31,NULL,NULL,NULL,NULL,NULL,NULL,0.932,NULL,'18U AAA',NULL,'Philadelphia Revolution 18U AA'),
(8480051,'20152016',21,NULL,NULL,NULL,NULL,NULL,NULL,0.951,NULL,'EHL',NULL,'Philadelphia Revolution'),
(8480051,'20162017',30,NULL,NULL,1,NULL,NULL,1616,0.895,NULL,'USHL',NULL,'Lincoln Stars'),
(8480051,'20162017',1,NULL,NULL,NULL,NULL,NULL,NULL,1,NULL,'USDP',NULL,'U.S. National U18 Team'),
(8480051,'20172018',34,NULL,NULL,NULL,NULL,NULL,NULL,0.931,NULL,'NCAA',NULL,'Northeastern Univ.'),
(8480051,'20182019',36,NULL,NULL,NULL,NULL,NULL,NULL,0.933,NULL,'NCAA',NULL,'Northeastern Univ.'),
(8480051,'20182019',5,NULL,NULL,NULL,NULL,NULL,NULL,0.936,NULL,'WJC-20',NULL,'USA U20'),
(8480051,'20192020',33,NULL,NULL,4,NULL,NULL,1887,0.908,NULL,'AHL',NULL,'Laval Rocket'),
(8480051,'20192020',2,2,0,0,1,1,119.1,0.931,133,'National Hockey League',8,'Montréal Canadiens'),
(8480051,'20202021',16,NULL,NULL,2,NULL,NULL,914,0.909,NULL,'AHL',NULL,'Laval Rocket'),
(8480051,'20202021',4,4,1,0,1,2,201.9,0.849,133,'National Hockey League',8,'Montréal Canadiens'),
(8480051,'20212022',33,NULL,NULL,2,NULL,NULL,1915,0.909,NULL,'AHL',NULL,'Laval Rocket'),
(8480051,'20212022',12,9,1,0,1,7,519.217,0.868,133,'National Hockey League',8,'Montréal Canadiens'),
(8480051,'20222023',41,NULL,NULL,3,NULL,NULL,2409,0.909,NULL,'AHL',NULL,'Laval Rocket'),
(8480051,'20222023',3,2,0,0,0,2,138.583,0.851852,133,'National Hockey League',8,'Montréal Canadiens'),
(8480382,'20112012',22,NULL,NULL,NULL,NULL,NULL,NULL,0,NULL,'Russia U16',NULL,'Khimik Voskresensk U16'),
(8480382,'20122013',33,NULL,NULL,NULL,NULL,NULL,NULL,0,NULL,'Russia U17',NULL,'Khimik Voskresensk U17'),
(8480382,'20142015',14,NULL,NULL,2,NULL,NULL,759,0.917,NULL,'Liiga',NULL,'TPS'),
(8480382,'20142015',25,NULL,NULL,NULL,NULL,NULL,NULL,0.92,NULL,'U20 SM-sarja',NULL,'TPS U20'),
(8480382,'20152016',5,NULL,NULL,NULL,NULL,NULL,NULL,0.898,NULL,'WJC-20',NULL,'Russia U20'),
(8480382,'20152016',13,NULL,NULL,NULL,NULL,NULL,NULL,0.907,NULL,'Mestis',NULL,'SaPKo'),
(8480382,'20152016',10,NULL,NULL,1,NULL,NULL,395,0.915,NULL,'Liiga',NULL,'TPS'),
(8480382,'20152016',9,NULL,NULL,NULL,NULL,NULL,NULL,0.905,NULL,'U20 SM-sarja',NULL,'TPS U20'),
(8480382,'20162017',27,NULL,NULL,2,NULL,NULL,1554,0.923,NULL,'Liiga',NULL,'TPS'),
(8480382,'20172018',37,NULL,NULL,NULL,NULL,NULL,NULL,0.909,NULL,'AHL',NULL,'Hartford Wolf Pack'),
(8480382,'20172018',10,9,1,0,4,4,514.767,0.918429,133,'National Hockey League',3,'New York Rangers'),
(8480382,'20182019',11,NULL,NULL,NULL,NULL,NULL,NULL,0.883,NULL,'AHL',NULL,'Hartford Wolf Pack'),
(8480382,'20182019',33,30,4,2,14,13,1874.17,0.913907,133,'National Hockey League',3,'New York Rangers'),
(8480382,'20182019',2,NULL,NULL,NULL,NULL,NULL,NULL,1,NULL,'WC',NULL,'Russia'),
(8480382,'20192020',34,32,2,2,17,14,1891.95,0.91,133,'National Hockey League',3,'New York Rangers'),
(8480382,'20202021',19,18,2,2,8,7,973.933,0.905,133,'National Hockey League',3,'New York Rangers'),
(8480382,'20212022',33,28,2,2,15,10,1746.1,0.898,133,'National Hockey League',3,'New York Rangers'),
(8480382,'20222023',62,62,6,5,40,16,3700.33,0.918592,133,'National Hockey League',21,'Colorado Avalanche'),
(8480382,'20232024',6,6,0,1,6,0,363.733,0.930233,133,'National Hockey League',21,'Colorado Avalanche'),
(8481033,'20122013',8,NULL,NULL,NULL,NULL,NULL,NULL,NULL,NULL,'Mini A',NULL,'Schallenberg U15'),
(8481033,'20132014',21,NULL,NULL,NULL,NULL,NULL,NULL,NULL,NULL,'Top Mini',NULL,'Langnau U15'),
(8481033,'20142015',31,NULL,NULL,NULL,NULL,NULL,NULL,NULL,NULL,'Top Mini',NULL,'Langnau U15'),
(8481033,'20152016',21,NULL,NULL,NULL,NULL,NULL,NULL,NULL,NULL,'U17-Elit',NULL,'Langnau U17'),
(8481033,'20162017',36,NULL,NULL,NULL,NULL,NULL,NULL,NULL,NULL,'U17-Elit',NULL,'Langnau U17'),
(8481033,'20162017',2,NULL,NULL,NULL,NULL,NULL,NULL,NULL,NULL,'U20-Elit',NULL,'Langnau U20'),
(8481033,'20162017',3,NULL,NULL,NULL,NULL,NULL,NULL,0.901,NULL,'WJC-18',NULL,'Switzerland U18'),
(8481033,'20172018',32,NULL,NULL,NULL,NULL,NULL,NULL,NULL,NULL,'U20-Elit',NULL,'Langnau U20'),
(8481033,'20172018',2,NULL,NULL,NULL,NULL,NULL,NULL,0.865,NULL,'WJC-18',NULL,'Switzerland U18'),
(8481033,'20172018',4,NULL,NULL,NULL,NULL,NULL,NULL,NULL,NULL,'MyHL',NULL,'Thun'),
(8481033,'20182019',2,NULL,NULL,NULL,NULL,NULL,NULL,0.948,NULL,'NAHL',NULL,'Corpus Christi IceRays'),
(8481033,'20182019',1,NULL,NULL,0,NULL,NULL,57,0.741,NULL,'WHL',NULL,'Lethbridge Hurricanes'),
(8481033,'20182019',37,NULL,NULL,2,NULL,NULL,2012,0.926,NULL,'USHL',NULL,'Omaha Lancers'),
(8481033,'20182019',3,NULL,NULL,NULL,NULL,NULL,NULL,0.878,NULL,'WJC-20',NULL,'Switzerland U20'),
(8481033,'20192020',6,NULL,NULL,NULL,NULL,NULL,NULL,0.891,NULL,'USHL',NULL,'Omaha Lancers'),
(8481033,'20192020',7,NULL,NULL,1,NULL,NULL,405,0.888,NULL,'USHL',NULL,'Sioux City Musketeers'),
(8481033,'20202021',36,NULL,NULL,3,NULL,NULL,2147,0.921,NULL,'USHL',NULL,'Sioux City Musketeers'),
(8481033,'20212022',6,4,0,0,0,4,235.983,0.833,133,'National Hockey League',1,'New Jersey Devils'),
(8481033,'20212022',38,NULL,NULL,2,NULL,NULL,2166,0.911,NULL,'AHL',NULL,'Utica Comets'),
(8481033,'20222023',18,14,2,1,9,5,901.35,0.921569,133,'National Hockey League',1,'New Jersey Devils'),
(8481033,'20222023',23,NULL,NULL,2,NULL,NULL,1348,0.905,NULL,'AHL',NULL,'Utica Comets'),
(8481033,'20232024',3,3,1,0,1,0,147.317,0.863014,133,'National Hockey League',1,'New Jersey Devils');
/*!40000 ALTER TABLE `PlayersStatsArchiveGoaler` ENABLE KEYS */;
UNLOCK TABLES;

--
-- Table structure for table `PoolDraft`
--

DROP TABLE IF EXISTS `PoolDraft`;
/*!40101 SET @saved_cs_client     = @@character_set_client */;
/*!40101 SET character_set_client = utf8 */;
CREATE TABLE `PoolDraft` (
  `id` int(11) unsigned NOT NULL AUTO_INCREMENT,
  `playerId` int(11) NOT NULL,
  `season` text NOT NULL,
  `active` tinyint(4) NOT NULL DEFAULT 1,
  PRIMARY KEY (`id`)
) ENGINE=InnoDB AUTO_INCREMENT=25 DEFAULT CHARSET=utf8mb4 COLLATE=utf8mb4_general_ci;
/*!40101 SET character_set_client = @saved_cs_client */;

--
-- Dumping data for table `PoolDraft`
--

LOCK TABLES `PoolDraft` WRITE;
/*!40000 ALTER TABLE `PoolDraft` DISABLE KEYS */;
INSERT INTO `PoolDraft` VALUES
(1,8478402,'20232024',1),
(2,8473419,'20232024',1),
(3,8474564,'20232024',1),
(4,8479343,'20232024',1),
(5,8476539,'20232024',1),
(6,8478864,'20232024',1),
(7,8484144,'20232024',1),
(8,8482117,'20232024',1),
(9,8477451,'20232024',1),
(10,8481093,'20232024',1),
(11,8482745,'20232024',1),
(12,8477494,'20232024',1),
(13,8479410,'20232024',1),
(14,8474590,'20232024',1),
(15,8482087,'20232024',1),
(16,8476979,'20232024',1),
(17,8483460,'20232024',1),
(18,8483495,'20232024',1),
(19,8477967,'20232024',1),
(20,8480382,'20232024',1),
(21,8482730,'20232024',0),
(22,8481533,'20232024',0),
(23,8482803,'20232024',0),
(24,8483524,'20232024',0);
/*!40000 ALTER TABLE `PoolDraft` ENABLE KEYS */;
UNLOCK TABLES;

--
-- Table structure for table `Positions`
--

DROP TABLE IF EXISTS `Positions`;
/*!40101 SET @saved_cs_client     = @@character_set_client */;
/*!40101 SET character_set_client = utf8 */;
CREATE TABLE `Positions` (
  `code` tinytext NOT NULL,
  `abbrev` text DEFAULT NULL,
  `fullName` text DEFAULT NULL,
  `type` text DEFAULT NULL,
  PRIMARY KEY (`code`(3))
) ENGINE=InnoDB DEFAULT CHARSET=utf8mb4 COLLATE=utf8mb4_general_ci;
/*!40101 SET character_set_client = @saved_cs_client */;

--
-- Dumping data for table `Positions`
--

LOCK TABLES `Positions` WRITE;
/*!40000 ALTER TABLE `Positions` DISABLE KEYS */;
INSERT INTO `Positions` VALUES
('C','C','Center','Forward'),
('D','D','Defenseman','Defenseman'),
('G','G','Goalie','Goalie'),
('HC','Head Coach','Head Coach','Coach'),
('L','LW','Left Wing','Forward'),
('N/A','N/A','Unknown','Unknown'),
('R','RW','Right Wing','Forward');
/*!40000 ALTER TABLE `Positions` ENABLE KEYS */;
UNLOCK TABLES;

--
-- Table structure for table `Teams`
--

DROP TABLE IF EXISTS `Teams`;
/*!40101 SET @saved_cs_client     = @@character_set_client */;
/*!40101 SET character_set_client = utf8 */;
CREATE TABLE `Teams` (
  `id` int(11) unsigned NOT NULL AUTO_INCREMENT,
  `name` text DEFAULT NULL,
  `venue` text DEFAULT NULL,
  `abbreviation` text DEFAULT NULL,
  `firstYearOfPlay` text DEFAULT NULL,
  `divisionId` int(11) DEFAULT NULL,
  `conferenceId` int(11) DEFAULT NULL,
  `franchiseId` int(11) DEFAULT NULL,
  `active` tinyint(1) DEFAULT NULL,
  PRIMARY KEY (`id`)
) ENGINE=InnoDB AUTO_INCREMENT=56 DEFAULT CHARSET=utf8mb4 COLLATE=utf8mb4_general_ci;
/*!40101 SET character_set_client = @saved_cs_client */;

--
-- Dumping data for table `Teams`
--

LOCK TABLES `Teams` WRITE;
/*!40000 ALTER TABLE `Teams` DISABLE KEYS */;
INSERT INTO `Teams` VALUES
(1,'New Jersey Devils','Prudential Center','NJD','1982',18,6,23,1),
(2,'New York Islanders','UBS Arena','NYI','1972',18,6,22,1),
(3,'New York Rangers','Madison Square Garden','NYR','1926',18,6,10,1),
(4,'Philadelphia Flyers','Wells Fargo Center','PHI','1967',18,6,16,1),
(5,'Pittsburgh Penguins','PPG Paints Arena','PIT','1967',18,6,17,1),
(6,'Boston Bruins','TD Garden','BOS','1924',17,6,6,1),
(7,'Buffalo Sabres','KeyBank Center','BUF','1970',17,6,19,1),
(8,'Montréal Canadiens','Bell Centre','MTL','1909',17,6,1,1),
(9,'Ottawa Senators','Canadian Tire Centre','OTT','1990',17,6,30,1),
(10,'Toronto Maple Leafs','Scotiabank Arena','TOR','1917',17,6,5,1),
(12,'Carolina Hurricanes','PNC Arena','CAR','1979',18,6,26,1),
(13,'Florida Panthers','Amerant Bank Arena','FLA','1993',17,6,33,1),
(14,'Tampa Bay Lightning','AMALIE Arena','TBL','1991',17,6,31,1),
(15,'Washington Capitals','Capital One Arena','WSH','1974',18,6,24,1),
(16,'Chicago Blackhawks','United Center','CHI','1926',16,5,11,1),
(17,'Detroit Red Wings','Little Caesars Arena','DET','1926',17,6,12,1),
(18,'Nashville Predators','Bridgestone Arena','NSH','1997',16,5,34,1),
(19,'St. Louis Blues','Enterprise Center','STL','1967',16,5,18,1),
(20,'Calgary Flames','Scotiabank Saddledome','CGY','1980',15,5,21,1),
(21,'Colorado Avalanche','Ball Arena','COL','1979',16,5,27,1),
(22,'Edmonton Oilers','Rogers Place','EDM','1979',15,5,25,1),
(23,'Vancouver Canucks','Rogers Arena','VAN','1970',15,5,20,1),
(24,'Anaheim Ducks','Honda Center','ANA','1993',15,5,32,1),
(25,'Dallas Stars','American Airlines Center','DAL','1967',16,5,15,1),
(26,'Los Angeles Kings','Crypto.com Arena','LAK','1967',15,5,14,1),
(28,'San Jose Sharks','SAP Center at San Jose','SJS','1990',15,5,29,1),
(29,'Columbus Blue Jackets','Nationwide Arena','CBJ','1997',18,6,36,1),
(30,'Minnesota Wild','Xcel Energy Center','MIN','1997',16,5,37,1),
(52,'Winnipeg Jets','Canada Life Centre','WPG','2011',16,5,35,1),
(53,'Arizona Coyotes','Mullett Arena','ARI','1979',16,5,28,1),
(54,'Vegas Golden Knights','T-Mobile Arena','VGK','2016',15,5,38,1),
(55,'Seattle Kraken','Climate Pledge Arena','SEA','2021',15,5,39,1);
/*!40000 ALTER TABLE `Teams` ENABLE KEYS */;
UNLOCK TABLES;

--
-- Table structure for table `TeamsPlayers`
--

DROP TABLE IF EXISTS `TeamsPlayers`;
/*!40101 SET @saved_cs_client     = @@character_set_client */;
/*!40101 SET character_set_client = utf8 */;
CREATE TABLE `TeamsPlayers` (
  `teamId` int(11) unsigned NOT NULL,
  `playerId` int(11) unsigned NOT NULL,
  PRIMARY KEY (`teamId`,`playerId`)
) ENGINE=InnoDB DEFAULT CHARSET=utf8mb4 COLLATE=utf8mb4_general_ci;
/*!40101 SET character_set_client = @saved_cs_client */;

--
-- Dumping data for table `TeamsPlayers`
--

LOCK TABLES `TeamsPlayers` WRITE;
/*!40000 ALTER TABLE `TeamsPlayers` DISABLE KEYS */;
INSERT INTO `TeamsPlayers` VALUES
(1,8474090),
(1,8475287),
(1,8475726),
(1,8476292),
(1,8476462),
(1,8476525),
(1,8476919),
(1,8477508),
(1,8477931),
(1,8477970),
(1,8478399),
(1,8478414),
(1,8478507),
(1,8479407),
(1,8479414),
(1,8479415),
(1,8479984),
(1,8480002),
(1,8480860),
(1,8481033),
(1,8481559),
(1,8482110),
(1,8482125),
(1,8482684),
(2,8473504),
(2,8473575),
(2,8474709),
(2,8475151),
(2,8475231),
(2,8475314),
(2,8475754),
(2,8476419),
(2,8476429),
(2,8476917),
(2,8477392),
(2,8477500),
(2,8477506),
(2,8478009),
(2,8478115),
(2,8478445),
(2,8479328),
(2,8480222),
(2,8480789),
(2,8480865),
(2,8481014),
(2,8481541),
(2,8481601),
(3,8471218),
(3,8471734),
(3,8474009),
(3,8475184),
(3,8475752),
(3,8476389),
(3,8476459),
(3,8476624),
(3,8476885),
(3,8476918),
(3,8476979),
(3,8478048),
(3,8478550),
(3,8479323),
(3,8479324),
(3,8480078),
(3,8480817),
(3,8481554),
(3,8481708),
(3,8482073),
(3,8482109),
(3,8482157),
(4,8471686),
(4,8474715),
(4,8475176),
(4,8475235),
(4,8476372),
(4,8476461),
(4,8476872),
(4,8477499),
(4,8477903),
(4,8477948),
(4,8478011),
(4,8478433),
(4,8478439),
(4,8479376),
(4,8479394),
(4,8480015),
(4,8480028),
(4,8480068),
(4,8480220),
(4,8480336),
(4,8480797),
(4,8481035),
(4,8481178),
(4,8481546),
(4,8481553),
(4,8482159),
(5,8470604),
(5,8471215),
(5,8471675),
(5,8471724),
(5,8474189),
(5,8474578),
(5,8475191),
(5,8475810),
(5,8476433),
(5,8476442),
(5,8476483),
(5,8476994),
(5,8477244),
(5,8477404),
(5,8477435),
(5,8477465),
(5,8477968),
(5,8477969),
(5,8478569),
(5,8478854),
(5,8480058),
(5,8481206),
(5,8482055),
(5,8482241),
(6,8473419),
(6,8473473),
(6,8474031),
(6,8474037),
(6,8475745),
(6,8475762),
(6,8476854),
(6,8476891),
(6,8476999),
(6,8477887),
(6,8477956),
(6,8478046),
(6,8478401),
(6,8478443),
(6,8478450),
(6,8478498),
(6,8479325),
(6,8479365),
(6,8479546),
(6,8479987),
(6,8480070),
(6,8480280),
(6,8480880),
(6,8481556),
(6,8482511),
(6,8483505),
(7,8473446),
(7,8473449),
(7,8475784),
(7,8476878),
(7,8477365),
(7,8477480),
(7,8477949),
(7,8478109),
(7,8478413),
(7,8479370),
(7,8479420),
(7,8479999),
(7,8480035),
(7,8480045),
(7,8480196),
(7,8480807),
(7,8480839),
(7,8481522),
(7,8481528),
(7,8482061),
(7,8482175),
(7,8482221),
(7,8482671),
(7,8484145),
(8,8474596),
(8,8475233),
(8,8475848),
(8,8476469),
(8,8476871),
(8,8476875),
(8,8476981),
(8,8477497),
(8,8478133),
(8,8478470),
(8,8479543),
(8,8480018),
(8,8480051),
(8,8480184),
(8,8480192),
(8,8480887),
(8,8481058),
(8,8481093),
(8,8481523),
(8,8481540),
(8,8481618),
(8,8482087),
(8,8482111),
(8,8482964),
(8,8483515),
(9,8473512),
(9,8474612),
(9,8475765),
(9,8476341),
(9,8476914),
(9,8477330),
(9,8478078),
(9,8478469),
(9,8478472),
(9,8479345),
(9,8480064),
(9,8480073),
(9,8480208),
(9,8480355),
(9,8480448),
(9,8480801),
(9,8480879),
(9,8482092),
(9,8482095),
(9,8482105),
(9,8482116),
(9,8482245),
(9,8484321),
(10,8470966),
(10,8471817),
(10,8474162),
(10,8474673),
(10,8475166),
(10,8475714),
(10,8475906),
(10,8476853),
(10,8476931),
(10,8477479),
(10,8477503),
(10,8477939),
(10,8478021),
(10,8478483),
(10,8478492),
(10,8479318),
(10,8479361),
(10,8479393),
(10,8479982),
(10,8480043),
(10,8480144),
(10,8480995),
(10,8482720),
(12,8470613),
(12,8473533),
(12,8475200),
(12,8475855),
(12,8475883),
(12,8476474),
(12,8476869),
(12,8476882),
(12,8476921),
(12,8476958),
(12,8477293),
(12,8477488),
(12,8477950),
(12,8477962),
(12,8478047),
(12,8478427),
(12,8478970),
(12,8480039),
(12,8480829),
(12,8480830),
(12,8480835),
(12,8482093),
(13,8475171),
(13,8475179),
(13,8475683),
(13,8476393),
(13,8476422),
(13,8476932),
(13,8477409),
(13,8477493),
(13,8477933),
(13,8477935),
(13,8478055),
(13,8478542),
(13,8478831),
(13,8478859),
(13,8478904),
(13,8479066),
(13,8479314),
(13,8479367),
(13,8479372),
(13,8479981),
(13,8480185),
(13,8482113),
(13,8482713),
(13,8484304),
(14,8474564),
(14,8474567),
(14,8475167),
(14,8475177),
(14,8475766),
(14,8476453),
(14,8476822),
(14,8476883),
(14,8477035),
(14,8477353),
(14,8477426),
(14,8477839),
(14,8477938),
(14,8477992),
(14,8478010),
(14,8478178),
(14,8478416),
(14,8478519),
(14,8479410),
(14,8479542),
(14,8479591),
(14,8479661),
(14,8479718),
(14,8480246),
(14,8484325),
(15,8471214),
(15,8471698),
(15,8473563),
(15,8474157),
(15,8474590),
(15,8475311),
(15,8475324),
(15,8475343),
(15,8475744),
(15,8476441),
(15,8476880),
(15,8477511),
(15,8477845),
(15,8477947),
(15,8478440),
(15,8479292),
(15,8479321),
(15,8479359),
(15,8479522),
(15,8479547),
(15,8480796),
(15,8480823),
(15,8480873),
(15,8481580),
(15,8481656),
(15,8482148),
(16,8470621),
(16,8473422),
(16,8474870),
(16,8475791),
(16,8475797),
(16,8475852),
(16,8476473),
(16,8476960),
(16,8477450),
(16,8477495),
(16,8477987),
(16,8479383),
(16,8479390),
(16,8479458),
(16,8480025),
(16,8480798),
(16,8481147),
(16,8481568),
(16,8482117),
(16,8482176),
(16,8482821),
(16,8483466),
(16,8484144),
(17,8473503),
(17,8473507),
(17,8474102),
(17,8475279),
(17,8475718),
(17,8476874),
(17,8476906),
(17,8477429),
(17,8477456),
(17,8477946),
(17,8477952),
(17,8478013),
(17,8478024),
(17,8478432),
(17,8478466),
(17,8478512),
(17,8479312),
(17,8479337),
(17,8479992),
(17,8480011),
(17,8480813),
(17,8481542),
(17,8482078),
(18,8474151),
(18,8474568),
(18,8474600),
(18,8474679),
(18,8475158),
(18,8475197),
(18,8476887),
(18,8476925),
(18,8477424),
(18,8477446),
(18,8478438),
(18,8478468),
(18,8478508),
(18,8478851),
(18,8479371),
(18,8479996),
(18,8480748),
(18,8480853),
(18,8480947),
(18,8481239),
(18,8481577),
(18,8481704),
(18,8481743),
(18,8482062),
(18,8482146),
(19,8474145),
(19,8474618),
(19,8475170),
(19,8475181),
(19,8475753),
(19,8475763),
(19,8476412),
(19,8476438),
(19,8476792),
(19,8476892),
(19,8476897),
(19,8477402),
(19,8477944),
(19,8477953),
(19,8478104),
(19,8479385),
(19,8480023),
(19,8480281),
(19,8480981),
(19,8481006),
(19,8481059),
(19,8481543),
(19,8482089),
(20,8474150),
(20,8474593),
(20,8475172),
(20,8475690),
(20,8476399),
(20,8476456),
(20,8477346),
(20,8477496),
(20,8477507),
(20,8477851),
(20,8478211),
(20,8478233),
(20,8478396),
(20,8478397),
(20,8478421),
(20,8478430),
(20,8478435),
(20,8478502),
(20,8479346),
(20,8480008),
(20,8481068),
(20,8481592),
(20,8482074),
(20,8482652),
(20,8482679),
(21,8471677),
(21,8471699),
(21,8475193),
(21,8475793),
(21,8476312),
(21,8477073),
(21,8477425),
(21,8477476),
(21,8477492),
(21,8477494),
(21,8477501),
(21,8478028),
(21,8478038),
(21,8478420),
(21,8478452),
(21,8479362),
(21,8479398),
(21,8479525),
(21,8480069),
(21,8480382),
(21,8481031),
(21,8481186),
(21,8481524),
(22,8474040),
(22,8475169),
(22,8475218),
(22,8475786),
(22,8475789),
(22,8476454),
(22,8476879),
(22,8476967),
(22,8477015),
(22,8477406),
(22,8477498),
(22,8477934),
(22,8477998),
(22,8478402),
(22,8478585),
(22,8479576),
(22,8479973),
(22,8480802),
(22,8480803),
(22,8481598),
(22,8482077),
(23,8474013),
(23,8474574),
(23,8476468),
(23,8476858),
(23,8476927),
(23,8477359),
(23,8477369),
(23,8477967),
(23,8478017),
(23,8478043),
(23,8478057),
(23,8478444),
(23,8478454),
(23,8478463),
(23,8478465),
(23,8478856),
(23,8479193),
(23,8479425),
(23,8480012),
(23,8480021),
(23,8480459),
(23,8480800),
(23,8481535),
(23,8481624),
(23,8483808),
(24,8471774),
(24,8473986),
(24,8474641),
(24,8475164),
(24,8475462),
(24,8475764),
(24,8475842),
(24,8476434),
(24,8476458),
(24,8476934),
(24,8477527),
(24,8478366),
(24,8478873),
(24,8479368),
(24,8480001),
(24,8480843),
(24,8480870),
(24,8480950),
(24,8481517),
(24,8481533),
(24,8481605),
(24,8482142),
(24,8482745),
(24,8483482),
(24,8483490),
(24,8484153),
(25,8470600),
(25,8470794),
(25,8473994),
(25,8474149),
(25,8475168),
(25,8475225),
(25,8475794),
(25,8475809),
(25,8475825),
(25,8476889),
(25,8476902),
(25,8477810),
(25,8478449),
(25,8478975),
(25,8479351),
(25,8479979),
(25,8480027),
(25,8480036),
(25,8480848),
(25,8480878),
(25,8481581),
(25,8482740),
(26,8471685),
(26,8473453),
(26,8474563),
(26,8475660),
(26,8476479),
(26,8477831),
(26,8477942),
(26,8477960),
(26,8477971),
(26,8478042),
(26,8478882),
(26,8478911),
(26,8479336),
(26,8479400),
(26,8479675),
(26,8479994),
(26,8479998),
(26,8481481),
(26,8481560),
(26,8481600),
(26,8481606),
(26,8481732),
(26,8482124),
(26,8482155),
(28,8471709),
(28,8474884),
(28,8475798),
(28,8476881),
(28,8476988),
(28,8477335),
(28,8477407),
(28,8477846),
(28,8478039),
(28,8478099),
(28,8478406),
(28,8479316),
(28,8479379),
(28,8479439),
(28,8479983),
(28,8480172),
(28,8480188),
(28,8480821),
(28,8480834),
(28,8481477),
(28,8481537),
(28,8481812),
(28,8482222),
(28,8482667),
(29,8475790),
(29,8476346),
(29,8476374),
(29,8476432),
(29,8476923),
(29,8477484),
(29,8478007),
(29,8478458),
(29,8478460),
(29,8478500),
(29,8479339),
(29,8479369),
(29,8479402),
(29,8479671),
(29,8479941),
(29,8480074),
(29,8480205),
(29,8480871),
(29,8480893),
(29,8481716),
(29,8482660),
(29,8482705),
(29,8483460),
(29,8484166),
(30,8470594),
(30,8471274),
(30,8474034),
(30,8474716),
(30,8475149),
(30,8475220),
(30,8475692),
(30,8475750),
(30,8476463),
(30,8477451),
(30,8477541),
(30,8477919),
(30,8478136),
(30,8478493),
(30,8478864),
(30,8479406),
(30,8479520),
(30,8479968),
(30,8480884),
(30,8480980),
(30,8481557),
(30,8482079),
(30,8482122),
(52,8475455),
(52,8475799),
(52,8476316),
(52,8476331),
(52,8476392),
(52,8476460),
(52,8476480),
(52,8476945),
(52,8476952),
(52,8477220),
(52,8477504),
(52,8477940),
(52,8478398),
(52,8478891),
(52,8479378),
(52,8480014),
(52,8480049),
(52,8480113),
(52,8480145),
(52,8480289),
(52,8480845),
(52,8480990),
(52,8481019),
(52,8482149),
(53,8475722),
(53,8475760),
(53,8476329),
(53,8476856),
(53,8477021),
(53,8477070),
(53,8477384),
(53,8477482),
(53,8477951),
(53,8478408),
(53,8478474),
(53,8478872),
(53,8478971),
(53,8479343),
(53,8479442),
(53,8479619),
(53,8479976),
(53,8480434),
(53,8480849),
(53,8480855),
(53,8481711),
(53,8482655),
(53,8483431),
(54,8474166),
(54,8474565),
(54,8475188),
(54,8475913),
(54,8476448),
(54,8476539),
(54,8476905),
(54,8477018),
(54,8477447),
(54,8477478),
(54,8477964),
(54,8478020),
(54,8478403),
(54,8478434),
(54,8478462),
(54,8478499),
(54,8479353),
(54,8479980),
(54,8480313),
(54,8480727),
(54,8481032),
(54,8481167),
(54,8481527),
(54,8481604),
(55,8474586),
(55,8474602),
(55,8475208),
(55,8475768),
(55,8475831),
(55,8476457),
(55,8476467),
(55,8476826),
(55,8476913),
(55,8477034),
(55,8477416),
(55,8477444),
(55,8477505),
(55,8477930),
(55,8477955),
(55,8478407),
(55,8478840),
(55,8478916),
(55,8479293),
(55,8479977),
(55,8480009),
(55,8481789),
(55,8482665);
/*!40000 ALTER TABLE `TeamsPlayers` ENABLE KEYS */;
UNLOCK TABLES;
/*!40103 SET TIME_ZONE=@OLD_TIME_ZONE */;

/*!40101 SET SQL_MODE=@OLD_SQL_MODE */;
/*!40014 SET FOREIGN_KEY_CHECKS=@OLD_FOREIGN_KEY_CHECKS */;
/*!40014 SET UNIQUE_CHECKS=@OLD_UNIQUE_CHECKS */;
/*!40101 SET CHARACTER_SET_CLIENT=@OLD_CHARACTER_SET_CLIENT */;
/*!40101 SET CHARACTER_SET_RESULTS=@OLD_CHARACTER_SET_RESULTS */;
/*!40101 SET COLLATION_CONNECTION=@OLD_COLLATION_CONNECTION */;
/*!40111 SET SQL_NOTES=@OLD_SQL_NOTES */;

-- Dump completed on 2023-11-01 23:37:42
